model_type,teacher_modality,student_modality,train_mode,tz_lora_rank,tz_modality_specific_layer_augmenter,learning_rate,trainable_params,epoch,temperature,alpha,distillation_mode,kl_type,metric_name,teacher_test_metric,test_metric,best_test_metric(oracle),best_epoch,best_val_agreement,ensemble_metric_logits,ensemble_metric_softmax,teacher_classifier_acc,supervised_classifier_acc,supervised_classifier_best_acc,saved_checkpoint,global_rep,teacher_checkpoint,init_from_teacher
evan_base,s2_rgb,s1,fft,0,fft,0.0001,85479176,64,2.0,1.0,regular,kd,mIoU,56.33,41.89,42.47,64,79.68,52.18,52.08,,,,,clstoken,checkpoints/sft_evan_base_dfc2020_s2_rgb_fft_lr0.0005_20260820_155339.pt,False
evan_base,s1,s2_rgb,fft,0,fft,0.0001,85675784,64,2.0,1.0,regular,kd,mIoU,45.57,41.46,42.28,64,79.36,45.99,45.68,,,,,clstoken,checkpoints/sft_evan_base_dfc2020_s1_fft_lr0.0005_20260820_155657.pt,False
evan_base,s1,s2_rgb,fft,0,fft,0.0005,85675784,64,2.0,1.0,regular,kd,mIoU,45.57,41.63,42.56,64,78.41,45.80,45.56,,,,,clstoken,checkpoints/sft_evan_base_dfc2020_s1_fft_lr0.0005_20260820_155657.pt,False
evan_base,s1,s2_rgb,fft,0,fft,0.0001,85675784,64,2.0,1.0,regular,ttm,mIoU,45.57,41.46,42.59,64,79.00,46.18,45.56,,,,,clstoken,checkpoints/sft_evan_base_dfc2020_s1_fft_lr0.0005_20260820_155657.pt,False
evan_base,s1,s2_rgb,fft,0,fft,0.0005,85675784,64,2.0,1.0,regular,ttm,mIoU,45.57,42.63,43.71,64,78.76,46.44,46.05,,,,,clstoken,checkpoints/sft_evan_base_dfc2020_s1_fft_lr0.0005_20260820_155657.pt,False
evan_base,s1,s2_norgb,fft,0,fft,0.0001,87052040,64,2.0,1.0,regular,ttm,mIoU,45.57,45.02,46.57,64,83.37,47.15,46.73,,,,,clstoken,checkpoints/sft_evan_base_dfc2020_s1_fft_lr0.0005_20260820_155657.pt,False
evan_base,s1,s2_norgb,fft,0,fft,0.0005,87052040,64,2.0,1.0,regular,ttm,mIoU,45.57,47.02,48.75,64,82.99,47.96,47.56,,,,,clstoken,checkpoints/sft_evan_base_dfc2020_s1_fft_lr0.0005_20260820_155657.pt,False
evan_base,s2_rgb,s1,fft,0,fft,0.0005,85479176,64,2.0,1.0,regular,ttm,mIoU,56.33,43.60,43.92,64,80.51,52.64,52.39,,,,,clstoken,checkpoints/sft_evan_base_dfc2020_s2_rgb_fft_lr0.0005_20260820_155339.pt,False
evan_base,s1,s2_norgb,fft,0,fft,0.0001,87052040,64,2.0,1.0,regular,kd,mIoU,45.57,45.66,46.87,64,83.12,47.60,47.09,,,,,clstoken,checkpoints/sft_evan_base_dfc2020_s1_fft_lr0.0005_20260820_155657.pt,False
evan_base,s2_rgb,s1,fft,0,fft,0.0001,85479176,64,2.0,1.0,regular,ttm,mIoU,56.33,41.94,42.93,64,79.22,52.68,52.61,,,,,clstoken,checkpoints/sft_evan_base_dfc2020_s2_rgb_fft_lr0.0005_20260820_155339.pt,False
evan_base,s2_norgb,s1,fft,0,fft,0.0001,85479176,64,2.0,1.0,regular,kd,mIoU,56.51,41.13,41.50,64,77.95,52.79,52.55,,,,,clstoken,checkpoints/sft_evan_base_dfc2020_s2_norgb_fft_lr0.0005_20260820_155433.pt,False
evan_base,s2_rgb,s2_norgb,fft,0,fft,0.0005,87052040,64,2.0,1.0,regular,kd,mIoU,56.33,54.41,54.64,64,90.36,56.33,56.29,,,,,clstoken,checkpoints/sft_evan_base_dfc2020_s2_rgb_fft_lr0.0005_20260820_155339.pt,False
evan_base,s1,s2_norgb,fft,0,fft,0.0005,87052040,64,2.0,1.0,regular,kd,mIoU,45.57,47.02,47.63,64,83.11,47.84,47.39,,,,,clstoken,checkpoints/sft_evan_base_dfc2020_s1_fft_lr0.0005_20260820_155657.pt,False
evan_base,s2_norgb,s2_rgb,fft,0,fft,0.0005,85675784,64,2.0,1.0,regular,ttm,mIoU,56.51,49.35,49.78,64,87.18,54.41,54.32,,,,,clstoken,checkpoints/sft_evan_base_dfc2020_s2_norgb_fft_lr0.0005_20260820_155433.pt,False
evan_base,s2_rgb,s2_norgb,fft,0,fft,0.0001,87052040,64,2.0,1.0,regular,ttm,mIoU,56.33,53.41,53.82,64,89.78,55.88,55.74,,,,,clstoken,checkpoints/sft_evan_base_dfc2020_s2_rgb_fft_lr0.0005_20260820_155339.pt,False
evan_base,s2_norgb,s2_rgb,fft,0,fft,0.0005,85675784,64,2.0,1.0,regular,kd,mIoU,56.51,50.03,50.25,64,87.55,54.61,54.45,,,,,clstoken,checkpoints/sft_evan_base_dfc2020_s2_norgb_fft_lr0.0005_20260820_155433.pt,False
evan_base,s2_rgb,s2_norgb,fft,0,fft,0.0005,87052040,64,2.0,1.0,regular,ttm,mIoU,56.33,54.28,54.32,64,90.27,56.23,56.20,,,,,clstoken,checkpoints/sft_evan_base_dfc2020_s2_rgb_fft_lr0.0005_20260820_155339.pt,False
evan_base,s2_norgb,s2_rgb,fft,0,fft,0.0001,85675784,64,2.0,1.0,regular,ttm,mIoU,56.51,48.59,48.79,64,86.48,54.48,54.23,,,,,clstoken,checkpoints/sft_evan_base_dfc2020_s2_norgb_fft_lr0.0005_20260820_155433.pt,False
evan_base,s2_rgb,s2_norgb,fft,0,fft,0.0001,87052040,64,2.0,1.0,regular,kd,mIoU,56.33,53.48,54.00,64,89.89,56.08,55.97,,,,,clstoken,checkpoints/sft_evan_base_dfc2020_s2_rgb_fft_lr0.0005_20260820_155339.pt,False
evan_base,s2_rgb,s1,fft,0,fft,0.0005,85479176,64,2.0,1.0,regular,kd,mIoU,56.33,43.45,43.72,64,81.43,52.57,52.56,,,,,clstoken,checkpoints/sft_evan_base_dfc2020_s2_rgb_fft_lr0.0005_20260820_155339.pt,False
evan_base,s2_norgb,s1,fft,0,fft,0.0005,85479176,64,2.0,1.0,regular,kd,mIoU,56.51,43.23,43.39,64,79.67,53.16,52.82,,,,,clstoken,checkpoints/sft_evan_base_dfc2020_s2_norgb_fft_lr0.0005_20260820_155433.pt,False
evan_base,s2_norgb,s2_rgb,fft,0,fft,0.0001,85675784,64,2.0,1.0,regular,kd,mIoU,56.51,48.85,49.17,64,86.43,54.52,54.34,,,,,clstoken,checkpoints/sft_evan_base_dfc2020_s2_norgb_fft_lr0.0005_20260820_155433.pt,False
evan_base,s2_norgb,s1,fft,0,fft,0.0001,85479176,64,2.0,1.0,regular,ttm,mIoU,56.51,40.82,41.66,64,78.37,52.31,52.04,,,,,clstoken,checkpoints/sft_evan_base_dfc2020_s2_norgb_fft_lr0.0005_20260820_155433.pt,False
evan_base,s2_norgb,s1,fft,0,fft,0.0005,85479176,64,2.0,1.0,regular,ttm,mIoU,56.51,43.05,43.58,64,80.06,52.74,52.59,,,,,clstoken,checkpoints/sft_evan_base_dfc2020_s2_norgb_fft_lr0.0005_20260820_155433.pt,False
