model_type,teacher_modality,student_modalities,train_mode,tz_lora_rank,tz_modality_specific_layer_augmenter,learning_rate,weight_decay,trainable_params,epochs,use_dino_weights,metric_name,teacher_train1_metric,teacher_train2_metric,teacher_test_metric,student_test_metric,student_best_test_metric,best_epoch,best_val2_teacher_agreement,valchecked_test_metric,saved_checkpoint,global_rep,teacher_checkpoint
evan_base,s1,s1+s2_rgb,fft,0,fft,0.0005,0.0001,107341064,64,False,mIoU,55.49,47.36,45.57,46.07,46.88,17,88.07,46.06,,clstoken,checkpoints/sft_evan_base_dfc2020_s1_fft_lr0.0005_20260820_155657.pt
evan_base,s1,s1+s2_rgb,fft,0,fft,0.0001,0.0001,107341064,64,False,mIoU,55.49,47.36,45.57,46.47,46.68,25,88.15,46.12,,clstoken,checkpoints/sft_evan_base_dfc2020_s1_fft_lr0.0005_20260820_155657.pt
evan_base,s1,s1+s2_norgb,fft,0,fft,0.0001,0.0001,108717320,64,False,mIoU,55.49,47.36,45.57,46.60,47.67,19,88.31,46.41,,clstoken,checkpoints/sft_evan_base_dfc2020_s1_fft_lr0.0005_20260820_155657.pt
evan_base,s1,s1+s2_norgb,fft,0,fft,0.0005,0.0001,108717320,64,False,mIoU,55.49,47.36,45.57,46.94,47.69,52,88.39,46.96,,clstoken,checkpoints/sft_evan_base_dfc2020_s1_fft_lr0.0005_20260820_155657.pt
evan_base,s2_rgb,s2_rgb+s1,fft,0,fft,0.0001,0.0001,107341064,64,False,mIoU,63.06,56.88,56.33,53.90,54.54,44,90.37,54.16,,clstoken,checkpoints/sft_evan_base_dfc2020_s2_rgb_fft_lr0.0005_20260820_155339.pt
evan_base,s2_rgb,s2_rgb+s1,fft,0,fft,0.0005,0.0001,107341064,64,False,mIoU,63.06,56.88,56.33,54.86,55.05,55,90.69,54.85,,clstoken,checkpoints/sft_evan_base_dfc2020_s2_rgb_fft_lr0.0005_20260820_155339.pt
evan_base,s2_rgb,s2_rgb+s2_norgb,fft,0,fft,0.0005,0.0001,108913928,64,False,mIoU,63.06,56.88,56.33,54.88,55.54,53,90.94,54.82,,clstoken,checkpoints/sft_evan_base_dfc2020_s2_rgb_fft_lr0.0005_20260820_155339.pt
evan_base,s2_norgb,s2_norgb+s1,fft,0,fft,0.0005,0.0001,108717320,64,False,mIoU,60.97,56.59,56.51,55.29,55.84,35,92.96,55.39,,clstoken,checkpoints/sft_evan_base_dfc2020_s2_norgb_fft_lr0.0005_20260820_155433.pt
evan_base,s2_norgb,s2_norgb+s2_rgb,fft,0,fft,0.0001,0.0001,108913928,64,False,mIoU,60.97,56.59,56.51,55.28,55.46,50,92.51,55.33,,clstoken,checkpoints/sft_evan_base_dfc2020_s2_norgb_fft_lr0.0005_20260820_155433.pt
evan_base,s2_norgb,s2_norgb+s1,fft,0,fft,0.0001,0.0001,108717320,64,False,mIoU,60.97,56.59,56.51,55.12,55.57,49,92.60,55.24,,clstoken,checkpoints/sft_evan_base_dfc2020_s2_norgb_fft_lr0.0005_20260820_155433.pt
evan_base,s2_norgb,s2_norgb+s2_rgb,fft,0,fft,0.0005,0.0001,108913928,64,False,mIoU,60.97,56.59,56.51,54.91,55.02,32,93.05,54.80,,clstoken,checkpoints/sft_evan_base_dfc2020_s2_norgb_fft_lr0.0005_20260820_155433.pt
evan_base,s2_rgb,s2_rgb+s2_norgb,fft,0,fft,0.0001,0.0001,108913928,64,False,mIoU,63.06,56.88,56.33,55.13,55.39,42,90.79,55.13,,clstoken,checkpoints/sft_evan_base_dfc2020_s2_rgb_fft_lr0.0005_20260820_155339.pt
