model,dataset,modality,train_mode,epochs,lr,weight_decay,batch_size,metric_name,val_metric,test_metric,trainable_params,saved_checkpoint
olmoearth-base,eurosat,rgb,fft,12,0.0001,1e-05,32,Acc,96.5185,97.0926,88963594,checkpoints/rsfm_eurosat_rgb_fft_20260417_041447.pt
panopticon,eurosat,rgb,fft,12,0.0001,1e-05,32,Acc,98.3704,98.5,98983690,checkpoints/rsfm_eurosat_rgb_fft_20260417_042801.pt
olmoearth-large,benv2,s2,fft,20,0.001,0.01,32,mAP,69.2317,65.5241,307792915,checkpoints/rsfm_benv2_s2_fft_20260417_114451.pt
olmoearth-large,benv2,s2_rgb,fft,20,0.001,0.01,32,mAP,64.8089,60.863,307792915,checkpoints/rsfm_benv2_s2_rgb_fft_20260417_114621.pt
olmoearth-large,benv2,s1,fft,20,0.001,0.01,32,mAP,56.8528,54.3712,307792915,checkpoints/rsfm_benv2_s1_fft_20260417_115400.pt
olmoearth-large,benv2,s2s1,fft,20,0.001,0.01,32,mAP,70.0588,66.7711,307792915,checkpoints/rsfm_benv2_s2s1_fft_20260417_115432.pt
olmoearth-large,eurosat,rgb,fft,20,0.001,0.01,32,Acc,95.8519,95.7222,307783690,checkpoints/rsfm_eurosat_rgb_fft_20260417_121141.pt
olmoearth-large,eurosat,vre,fft,20,0.001,0.01,32,Acc,95.5185,94.9444,307783690,checkpoints/rsfm_eurosat_vre_fft_20260417_121313.pt
olmoearth-base,eurosat,rgb,fft,20,0.001,0.01,32,Acc,97.5185,97.4815,88963594,checkpoints/rsfm_eurosat_rgb_fft_20260417_121547.pt
olmoearth-large,eurosat,swir,fft,20,0.001,0.01,32,Acc,89.7407,91.2407,307783690,checkpoints/rsfm_eurosat_swir_fft_20260417_121559.pt
olmoearth-large,eurosat,nir,fft,20,0.001,0.01,32,Acc,88.8519,90.7407,307783690,checkpoints/rsfm_eurosat_nir_fft_20260417_121635.pt
olmoearth-large,benv2,s2,fft,20,0.001,0.0001,32,mAP,68.7135,65.492,307792915,checkpoints/rsfm_benv2_s2_fft_20260417_121632.pt
olmoearth-large,benv2,s2_rgb,fft,20,0.001,0.0001,32,mAP,63.8703,59.9014,307792915,checkpoints/rsfm_benv2_s2_rgb_fft_20260417_121639.pt
olmoearth-base,eurosat,vre,fft,20,0.001,0.01,32,Acc,95.9259,96.1481,88963594,checkpoints/rsfm_eurosat_vre_fft_20260417_121723.pt
olmoearth-large,benv2,s1,fft,20,0.001,0.0001,32,mAP,56.5937,54.2583,307792915,checkpoints/rsfm_benv2_s1_fft_20260417_123202.pt
olmoearth-large,benv2,s2s1,fft,20,0.001,0.0001,32,mAP,70.1739,65.7808,307792915,checkpoints/rsfm_benv2_s2s1_fft_20260417_123254.pt
olmoearth-base,eurosat,rgb,fft,20,0.001,0.0001,32,Acc,97.4074,97.4259,88963594,checkpoints/rsfm_eurosat_rgb_fft_20260417_124116.pt
olmoearth-base,eurosat,vre,fft,20,0.001,0.0001,32,Acc,95.7037,95.6667,88963594,checkpoints/rsfm_eurosat_vre_fft_20260417_124441.pt
olmoearth-large,benv2,s2_rgb,fft,20,0.001,0.0,32,mAP,63.4518,59.1813,307792915,checkpoints/rsfm_benv2_s2_rgb_fft_20260417_124653.pt
olmoearth-base,eurosat,s2,fft,20,0.001,0.0,32,Acc,12.963,12.3889,88963594,checkpoints/rsfm_eurosat_s2_fft_20260417_130311.pt
olmoearth-base,eurosat,rgb,fft,20,0.001,0.0,32,Acc,97.5556,97.537,88963594,checkpoints/rsfm_eurosat_rgb_fft_20260417_130640.pt
olmoearth-large,benv2,s1,fft,20,0.001,0.0,32,mAP,55.9427,53.4399,307792915,checkpoints/rsfm_benv2_s1_fft_20260417_130957.pt
olmoearth-large,benv2,s2,fft,20,0.0005,0.01,32,mAP,70.3469,63.983,307792915,checkpoints/rsfm_benv2_s2_fft_20260417_131040.pt
olmoearth-large,benv2,s2s1,fft,20,0.001,0.0,32,mAP,70.3391,66.1135,307792915,checkpoints/rsfm_benv2_s2s1_fft_20260417_131113.pt
olmoearth-base,eurosat,vre,fft,20,0.001,0.0,32,Acc,96.037,95.6296,88963594,checkpoints/rsfm_eurosat_vre_fft_20260417_131205.pt
olmoearth-base,eurosat,s2,fft,5,0.001,0.01,32,Acc,97.8889,98.037,88963594,checkpoints/rsfm_eurosat_s2_fft_20260417_131534.pt
olmoearth-large,eurosat,rgb,fft,20,0.001,0.0001,32,Acc,95.6667,95.8889,307783690,checkpoints/rsfm_eurosat_rgb_fft_20260417_131732.pt
olmoearth-large,benv2,s2_rgb,fft,20,0.0005,0.01,32,mAP,65.442,60.0734,307792915,checkpoints/rsfm_benv2_s2_rgb_fft_20260417_131718.pt
olmoearth-large,eurosat,vre,fft,20,0.001,0.0001,32,Acc,94.4444,94.5926,307783690,checkpoints/rsfm_eurosat_vre_fft_20260417_131819.pt
olmoearth-large,eurosat,swir,fft,20,0.001,0.0001,32,Acc,90.2963,90.4074,307783690,checkpoints/rsfm_eurosat_swir_fft_20260417_132056.pt
olmoearth-base,benv2,s2,fft,20,0.001,0.01,32,mAP,68.7475,65.5238,88970515,checkpoints/rsfm_benv2_s2_fft_20260417_132126.pt
olmoearth-base,benv2,s1,fft,20,0.001,0.01,32,mAP,56.5025,54.381,88970515,checkpoints/rsfm_benv2_s1_fft_20260417_132154.pt
olmoearth-large,eurosat,nir,fft,20,0.001,0.0001,32,Acc,88.2963,89.9815,307783690,checkpoints/rsfm_eurosat_nir_fft_20260417_132218.pt
olmoearth-base,eurosat,swir,fft,20,0.001,0.01,32,Acc,93.6296,93.9259,88963594,checkpoints/rsfm_eurosat_swir_fft_20260417_132701.pt
olmoearth-base,eurosat,nir,fft,20,0.001,0.01,32,Acc,91.7037,92.2778,88963594,checkpoints/rsfm_eurosat_nir_fft_20260417_132718.pt
olmoearth-base,eurosat,s2,fft,20,0.0005,0.01,32,Acc,98.8889,99.037,88963594,checkpoints/rsfm_eurosat_s2_fft_20260417_133102.pt
olmoearth-base,eurosat,rgb,fft,20,0.0005,0.01,32,Acc,97.5185,97.3889,88963594,checkpoints/rsfm_eurosat_rgb_fft_20260417_133204.pt
olmoearth-base,eurosat,vre,fft,20,0.0005,0.01,32,Acc,96.8518,96.4074,88963594,checkpoints/rsfm_eurosat_vre_fft_20260417_133936.pt
olmoearth-base,benv2,s2,fft,20,0.001,0.0001,32,mAP,68.474,64.3578,88970515,checkpoints/rsfm_benv2_s2_fft_20260417_134043.pt
olmoearth-base,benv2,s1,fft,20,0.001,0.0001,32,mAP,55.3487,52.8128,88970515,checkpoints/rsfm_benv2_s1_fft_20260417_134130.pt
olmoearth-large,benv2,s2,fft,20,0.0005,0.0001,32,mAP,68.8975,64.2245,307792915,checkpoints/rsfm_benv2_s2_fft_20260417_134215.pt
olmoearth-large,benv2,s2_rgb,fft,20,0.0005,0.0001,32,mAP,66.3629,61.1753,307792915,checkpoints/rsfm_benv2_s2_rgb_fft_20260417_134749.pt
olmoearth-large,benv2,s1,fft,20,0.0005,0.01,32,mAP,56.8309,53.9196,307792915,checkpoints/rsfm_benv2_s1_fft_20260417_134757.pt
olmoearth-large,benv2,s2s1,fft,20,0.0005,0.01,32,mAP,69.9205,66.6477,307792915,checkpoints/rsfm_benv2_s2s1_fft_20260417_134936.pt
olmoearth-base,eurosat,swir,fft,20,0.001,0.0001,32,Acc,93.2593,93.2963,88963594,checkpoints/rsfm_eurosat_swir_fft_20260417_135117.pt
olmoearth-base,eurosat,nir,fft,20,0.001,0.0001,32,Acc,91.8889,93.0926,88963594,checkpoints/rsfm_eurosat_nir_fft_20260417_135156.pt
olmoearth-base,eurosat,vre,fft,5,0.001,0.01,32,Acc,87.6296,87.7963,88963594,checkpoints/rsfm_eurosat_vre_fft_20260417_135254.pt
olmoearth-base,eurosat,rgb,fft,20,0.0005,0.0001,32,Acc,98.0,97.6852,88963594,checkpoints/rsfm_eurosat_rgb_fft_20260417_135731.pt
olmoearth-base,eurosat,s2,fft,20,0.0005,0.0001,32,Acc,98.8889,98.9259,88963594,checkpoints/rsfm_eurosat_s2_fft_20260417_135844.pt
olmoearth-base,benv2,s2,fft,20,0.001,0.0,32,mAP,69.3597,65.1382,88970515,checkpoints/rsfm_benv2_s2_fft_20260417_135952.pt
olmoearth-base,benv2,s1,fft,20,0.001,0.0,32,mAP,55.3862,52.9467,88970515,checkpoints/rsfm_benv2_s1_fft_20260417_140109.pt
olmoearth-base,eurosat,vre,fft,20,0.0005,0.0001,32,Acc,96.6296,96.3519,88963594,checkpoints/rsfm_eurosat_vre_fft_20260417_140713.pt
olmoearth-large,benv2,s2,fft,20,0.0005,0.0,32,mAP,70.0551,66.978,307792915,checkpoints/rsfm_benv2_s2_fft_20260417_141344.pt
olmoearth-base,eurosat,swir,fft,20,0.001,0.0,32,Acc,93.3333,93.7963,88963594,checkpoints/rsfm_eurosat_swir_fft_20260417_141532.pt
olmoearth-base,eurosat,nir,fft,20,0.001,0.0,32,Acc,91.7778,93.3704,88963594,checkpoints/rsfm_eurosat_nir_fft_20260417_141634.pt
olmoearth-large,benv2,s2_rgb,fft,20,0.0005,0.0,32,mAP,65.2585,60.6516,307792915,checkpoints/rsfm_benv2_s2_rgb_fft_20260417_141821.pt
olmoearth-base,benv2,s2,fft,20,0.0005,0.01,32,mAP,68.9418,63.9894,88970515,checkpoints/rsfm_benv2_s2_fft_20260417_141851.pt
olmoearth-base,benv2,s1,fft,20,0.0005,0.01,32,mAP,56.2149,54.7022,88970515,checkpoints/rsfm_benv2_s1_fft_20260417_142040.pt
olmoearth-base,eurosat,rgb,fft,20,0.0005,0.0,32,Acc,97.5926,97.6111,88963594,checkpoints/rsfm_eurosat_rgb_fft_20260417_142245.pt
olmoearth-large,eurosat,vre,fft,20,0.001,0.0,32,Acc,93.8889,93.9074,307783690,checkpoints/rsfm_eurosat_vre_fft_20260417_142325.pt
olmoearth-large,eurosat,rgb,fft,20,0.001,0.0,32,Acc,95.5556,95.2222,307783690,checkpoints/rsfm_eurosat_rgb_fft_20260417_142332.pt
olmoearth-large,eurosat,swir,fft,20,0.001,0.0,32,Acc,88.6296,88.5741,307783690,checkpoints/rsfm_eurosat_swir_fft_20260417_142559.pt
olmoearth-base,eurosat,s2,fft,20,0.0005,0.0,32,Acc,99.0741,99.0556,88963594,checkpoints/rsfm_eurosat_s2_fft_20260417_142629.pt
olmoearth-large,benv2,s1,fft,20,0.0005,0.0001,32,mAP,57.3557,55.2825,307792915,checkpoints/rsfm_benv2_s1_fft_20260417_142559.pt
olmoearth-large,eurosat,nir,fft,20,0.001,0.0,32,Acc,88.8519,89.9259,307783690,checkpoints/rsfm_eurosat_nir_fft_20260417_142806.pt
olmoearth-large,benv2,s2s1,fft,20,0.0005,0.0001,32,mAP,70.085,65.4007,307792915,checkpoints/rsfm_benv2_s2s1_fft_20260417_142757.pt
olmoearth-large,eurosat,s2,fft,20,0.001,0.0,32,Acc,98.7778,98.8704,307783690,checkpoints/rsfm_eurosat_s2_fft_20260417_143421.pt
olmoearth-base,eurosat,vre,fft,20,0.0005,0.0,32,Acc,96.2963,96.1111,88963594,checkpoints/rsfm_eurosat_vre_fft_20260417_143445.pt
olmoearth-base,benv2,s2,fft,20,0.0005,0.0001,32,mAP,69.2322,65.1728,88970515,checkpoints/rsfm_benv2_s2_fft_20260417_143738.pt
olmoearth-base,eurosat,swir,fft,20,0.0005,0.01,32,Acc,93.8519,94.2037,88963594,checkpoints/rsfm_eurosat_swir_fft_20260417_143948.pt
olmoearth-base,eurosat,vre,fft,10,0.001,0.01,32,Acc,95.5556,95.5556,88963594,checkpoints/rsfm_eurosat_vre_fft_20260417_144021.pt
olmoearth-base,eurosat,nir,fft,20,0.0005,0.01,32,Acc,92.8519,93.3704,88963594,checkpoints/rsfm_eurosat_nir_fft_20260417_144109.pt
olmoearth-large,benv2,s2,fft,20,0.0001,0.01,32,mAP,66.1445,62.515,307792915,checkpoints/rsfm_benv2_s2_fft_20260417_144518.pt
olmoearth-base,eurosat,rgb,fft,20,0.0001,0.01,32,Acc,97.5556,97.3333,88963594,checkpoints/rsfm_eurosat_rgb_fft_20260417_144750.pt
olmoearth-base,eurosat,s2,fft,20,0.0001,0.01,32,Acc,99.0,98.7407,88963594,checkpoints/rsfm_eurosat_s2_fft_20260417_145411.pt
olmoearth-base,benv2,s2,fft,20,0.0005,0.0,32,mAP,68.7529,64.3683,88970515,checkpoints/rsfm_benv2_s2_fft_20260417_145627.pt
olmoearth-base,benv2,s1,fft,20,0.0005,0.0,32,mAP,56.7495,55.0582,88970515,checkpoints/rsfm_benv2_s1_fft_20260417_145939.pt
olmoearth-base,eurosat,vre,fft,20,0.0001,0.01,32,Acc,95.2222,95.2593,88963594,checkpoints/rsfm_eurosat_vre_fft_20260417_150215.pt
olmoearth-base,eurosat,swir,fft,20,0.0005,0.0001,32,Acc,94.1111,93.7407,88963594,checkpoints/rsfm_eurosat_swir_fft_20260417_150402.pt
olmoearth-large,benv2,s1,fft,20,0.0005,0.0,32,mAP,57.9149,55.5574,307792915,checkpoints/rsfm_benv2_s1_fft_20260417_150356.pt
olmoearth-base,eurosat,nir,fft,20,0.0005,0.0001,32,Acc,93.1852,93.4074,88963594,checkpoints/rsfm_eurosat_nir_fft_20260417_150549.pt
olmoearth-large,benv2,s2s1,fft,20,0.0005,0.0,32,mAP,69.6272,65.7247,307792915,checkpoints/rsfm_benv2_s2s1_fft_20260417_150622.pt
olmoearth-large,benv2,s2_rgb,fft,20,0.0001,0.0001,32,mAP,63.7098,59.3186,307792915,checkpoints/rsfm_benv2_s2_rgb_fft_20260417_151200.pt
olmoearth-base,eurosat,rgb,fft,20,0.0001,0.0001,32,Acc,97.0,97.2407,88963594,checkpoints/rsfm_eurosat_rgb_fft_20260417_151302.pt
olmoearth-base,benv2,s2,fft,20,0.0001,0.01,32,mAP,68.3569,65.6873,88970515,checkpoints/rsfm_benv2_s2_fft_20260417_151518.pt
olmoearth-large,benv2,s2,fft,20,0.0001,0.0001,32,mAP,67.7026,62.7098,307792915,checkpoints/rsfm_benv2_s2_fft_20260417_151651.pt
olmoearth-base,benv2,s1,fft,20,0.0001,0.01,32,mAP,57.9562,54.0514,88970515,checkpoints/rsfm_benv2_s1_fft_20260417_151916.pt
olmoearth-base,eurosat,s2,fft,20,0.0001,0.0001,32,Acc,98.8889,98.8148,88963594,checkpoints/rsfm_eurosat_s2_fft_20260417_152154.pt
olmoearth-base,eurosat,swir,fft,20,0.0005,0.0,32,Acc,94.3704,94.8704,88963594,checkpoints/rsfm_eurosat_swir_fft_20260417_152817.pt
olmoearth-large,eurosat,vre,fft,20,0.0005,0.01,32,Acc,96.1481,95.9259,307783690,checkpoints/rsfm_eurosat_vre_fft_20260417_152845.pt
olmoearth-base,eurosat,vre,fft,20,0.0001,0.0001,32,Acc,95.1481,94.9444,88963594,checkpoints/rsfm_eurosat_vre_fft_20260417_152951.pt
olmoearth-large,eurosat,rgb,fft,20,0.0005,0.01,32,Acc,97.2222,97.3148,307783690,checkpoints/rsfm_eurosat_rgb_fft_20260417_152940.pt
olmoearth-base,eurosat,nir,fft,20,0.0005,0.0,32,Acc,92.8889,94.0556,88963594,checkpoints/rsfm_eurosat_nir_fft_20260417_153019.pt
olmoearth-large,eurosat,swir,fft,20,0.0005,0.01,32,Acc,91.5556,92.0926,307783690,checkpoints/rsfm_eurosat_swir_fft_20260417_153115.pt
olmoearth-large,eurosat,nir,fft,20,0.0005,0.01,32,Acc,91.0741,92.0926,307783690,checkpoints/rsfm_eurosat_nir_fft_20260417_153408.pt
olmoearth-base,benv2,s2,fft,20,0.0001,0.0001,32,mAP,66.9513,65.2845,88970515,checkpoints/rsfm_benv2_s2_fft_20260417_153416.pt
olmoearth-base,eurosat,rgb,fft,20,0.0001,0.0,32,Acc,96.963,97.0,88963594,checkpoints/rsfm_eurosat_rgb_fft_20260417_153813.pt
olmoearth-base,benv2,s1,fft,20,0.0001,0.0001,32,mAP,56.0372,54.2865,88970515,checkpoints/rsfm_benv2_s1_fft_20260417_153903.pt
olmoearth-large,eurosat,s2,fft,20,0.0005,0.01,32,Acc,99.1481,99.0,307783690,checkpoints/rsfm_eurosat_s2_fft_20260417_154130.pt
olmoearth-large,benv2,s1,fft,20,0.0001,0.01,32,mAP,58.0741,54.5819,307792915,checkpoints/rsfm_benv2_s1_fft_20260417_154203.pt
olmoearth-large,benv2,s2_rgb,fft,20,0.0001,0.0,32,mAP,64.0369,58.2051,307792915,checkpoints/rsfm_benv2_s2_rgb_fft_20260417_154222.pt
olmoearth-large,benv2,s2s1,fft,20,0.0001,0.01,32,mAP,65.6304,62.896,307792915,checkpoints/rsfm_benv2_s2s1_fft_20260417_154443.pt
olmoearth-large,benv2,s2,fft,20,0.0001,0.0,32,mAP,67.0643,61.5887,307792915,checkpoints/rsfm_benv2_s2_fft_20260417_154820.pt
olmoearth-base,eurosat,s2,fft,20,0.0001,0.0,32,Acc,99.2222,98.9444,88963594,checkpoints/rsfm_eurosat_s2_fft_20260417_154934.pt
olmoearth-base,eurosat,swir,fft,20,0.0001,0.01,32,Acc,93.1852,93.5741,88963594,checkpoints/rsfm_eurosat_swir_fft_20260417_155244.pt
olmoearth-base,benv2,s2,fft,20,0.0001,0.0,32,mAP,67.5147,64.3286,88970515,checkpoints/rsfm_benv2_s2_fft_20260417_155327.pt
olmoearth-base,eurosat,nir,fft,20,0.0001,0.01,32,Acc,92.1852,93.037,88963594,checkpoints/rsfm_eurosat_nir_fft_20260417_155449.pt
olmoearth-base,eurosat,vre,fft,20,0.0001,0.0,32,Acc,95.7037,95.2037,88963594,checkpoints/rsfm_eurosat_vre_fft_20260417_155713.pt
olmoearth-base,benv2,s1,fft,20,0.0001,0.0,32,mAP,56.7506,56.0799,88970515,checkpoints/rsfm_benv2_s1_fft_20260417_155853.pt
olmoearth-base,benv2,s2s1,fft,20,0.001,0.01,32,mAP,68.9602,64.7962,88970515,checkpoints/rsfm_benv2_s2s1_fft_20260417_161501.pt
olmoearth-base,eurosat,swir,fft,20,0.0001,0.0001,32,Acc,92.8889,92.7778,88963594,checkpoints/rsfm_eurosat_swir_fft_20260417_161712.pt
olmoearth-base,benv2,s2_rgb,fft,20,0.001,0.01,32,mAP,66.4573,59.7036,88970515,checkpoints/rsfm_benv2_s2_rgb_fft_20260417_161733.pt
olmoearth-base,eurosat,nir,fft,20,0.0001,0.0001,32,Acc,92.4074,92.6667,88963594,checkpoints/rsfm_eurosat_nir_fft_20260417_161916.pt
olmoearth-large,benv2,s1,fft,20,0.0001,0.0001,32,mAP,57.5609,54.6237,307792915,checkpoints/rsfm_benv2_s1_fft_20260417_162022.pt
olmoearth-large,benv2,s2s1,fft,20,0.0001,0.0001,32,mAP,66.496,65.1891,307792915,checkpoints/rsfm_benv2_s2s1_fft_20260417_162311.pt
olmoearth-large,eurosat,vre,fft,20,0.0005,0.0001,32,Acc,96.3333,96.1481,307783690,checkpoints/rsfm_eurosat_vre_fft_20260417_163413.pt
olmoearth-large,eurosat,rgb,fft,20,0.0005,0.0001,32,Acc,97.1482,97.2037,307783690,checkpoints/rsfm_eurosat_rgb_fft_20260417_163558.pt
olmoearth-base,benv2,s2s1,fft,20,0.001,0.0001,32,mAP,69.2281,67.055,88970515,checkpoints/rsfm_benv2_s2s1_fft_20260417_163601.pt
olmoearth-large,eurosat,swir,fft,20,0.0005,0.0001,32,Acc,91.5185,91.1852,307783690,checkpoints/rsfm_eurosat_swir_fft_20260417_163636.pt
olmoearth-base,benv2,s2_rgb,fft,20,0.001,0.0001,32,mAP,66.2576,60.5264,88970515,checkpoints/rsfm_benv2_s2_rgb_fft_20260417_163927.pt
olmoearth-large,eurosat,nir,fft,20,0.0005,0.0001,32,Acc,90.2593,91.5926,307783690,checkpoints/rsfm_eurosat_nir_fft_20260417_164020.pt
olmoearth-base,eurosat,swir,fft,20,0.0001,0.0,32,Acc,93.3333,93.1481,88963594,checkpoints/rsfm_eurosat_swir_fft_20260417_164146.pt
olmoearth-base,eurosat,nir,fft,20,0.0001,0.0,32,Acc,92.5185,93.3519,88963594,checkpoints/rsfm_eurosat_nir_fft_20260417_164336.pt
olmoearth-large,eurosat,s2,fft,20,0.0005,0.0001,32,Acc,98.8148,98.7222,307783690,checkpoints/rsfm_eurosat_s2_fft_20260417_164845.pt
olmoearth-base,benv2,s2s1,fft,20,0.001,0.0,32,mAP,69.2054,65.1459,88970515,checkpoints/rsfm_benv2_s2s1_fft_20260417_165730.pt
olmoearth-large,benv2,s1,fft,20,0.0001,0.0,32,mAP,57.3858,54.0193,307792915,checkpoints/rsfm_benv2_s1_fft_20260417_165838.pt
olmoearth-base,benv2,s2_rgb,fft,20,0.001,0.0,32,mAP,65.6086,61.5831,88970515,checkpoints/rsfm_benv2_s2_rgb_fft_20260417_170106.pt
olmoearth-large,benv2,s2s1,fft,20,0.0001,0.0,32,mAP,66.4638,64.0019,307792915,checkpoints/rsfm_benv2_s2s1_fft_20260417_170134.pt
olmoearth-base,benv2,s2s1,fft,20,0.0005,0.01,32,mAP,69.3079,64.5557,88970515,checkpoints/rsfm_benv2_s2s1_fft_20260417_171941.pt
panopticon,eurosat,rgb,fft,20,0.001,0.01,32,Acc,97.6296,97.7963,98983690,checkpoints/rsfm_eurosat_rgb_fft_20260417_172250.pt
olmoearth-base,benv2,s2_rgb,fft,20,0.0005,0.01,32,mAP,66.2552,60.8608,88970515,checkpoints/rsfm_benv2_s2_rgb_fft_20260417_172238.pt
panopticon,eurosat,vre,fft,20,0.001,0.01,32,Acc,97.0741,97.2222,98983690,checkpoints/rsfm_eurosat_vre_fft_20260417_172532.pt
panopticon,eurosat,s2,fft,20,0.001,0.01,32,Acc,98.0741,98.4444,98983690,checkpoints/rsfm_eurosat_s2_fft_20260417_172604.pt
olmoearth-large,eurosat,vre,fft,20,0.0005,0.0,32,Acc,96.2222,96.2407,307783690,checkpoints/rsfm_eurosat_vre_fft_20260417_173937.pt
olmoearth-large,eurosat,swir,fft,20,0.0005,0.0,32,Acc,91.5556,91.463,307783690,checkpoints/rsfm_eurosat_swir_fft_20260417_174157.pt
olmoearth-large,eurosat,rgb,fft,20,0.0005,0.0,32,Acc,97.2222,96.9074,307783690,checkpoints/rsfm_eurosat_rgb_fft_20260417_174217.pt
olmoearth-base,benv2,s2s1,fft,20,0.0005,0.0001,32,mAP,68.6477,64.3474,88970515,checkpoints/rsfm_benv2_s2s1_fft_20260417_174211.pt
panopticon,eurosat,rgb,fft,20,0.001,0.0001,32,Acc,97.4815,97.9815,98983690,checkpoints/rsfm_eurosat_rgb_fft_20260417_174432.pt
olmoearth-base,benv2,s2_rgb,fft,20,0.0005,0.0001,32,mAP,65.2469,60.2941,88970515,checkpoints/rsfm_benv2_s2_rgb_fft_20260417_174407.pt
panopticon,eurosat,vre,fft,20,0.001,0.0001,32,Acc,96.963,96.963,98983690,checkpoints/rsfm_eurosat_vre_fft_20260417_174640.pt
olmoearth-large,eurosat,nir,fft,20,0.0005,0.0,32,Acc,90.7778,91.7037,307783690,checkpoints/rsfm_eurosat_nir_fft_20260417_174630.pt
panopticon,eurosat,nir,fft,20,0.001,0.01,32,Acc,94.3333,95.5556,98983690,checkpoints/rsfm_eurosat_nir_fft_20260417_175550.pt
olmoearth-large,eurosat,s2,fft,20,0.0005,0.0,32,Acc,99.1481,98.8889,307783690,checkpoints/rsfm_eurosat_s2_fft_20260417_175551.pt
olmoearth-base,benv2,s2s1,fft,20,0.0005,0.0,32,mAP,68.8777,64.6448,88970515,checkpoints/rsfm_benv2_s2s1_fft_20260417_180440.pt
panopticon,eurosat,s2,fft,20,0.001,0.0001,32,Acc,98.2222,98.1667,98983690,checkpoints/rsfm_eurosat_s2_fft_20260417_180529.pt
panopticon,eurosat,rgb,fft,20,0.001,0.0,32,Acc,97.6667,98.0741,98983690,checkpoints/rsfm_eurosat_rgb_fft_20260417_180618.pt
olmoearth-base,benv2,s2_rgb,fft,20,0.0005,0.0,32,mAP,66.2221,60.3055,88970515,checkpoints/rsfm_benv2_s2_rgb_fft_20260417_180541.pt
panopticon,eurosat,vre,fft,20,0.001,0.0,32,Acc,97.1852,97.2593,98983690,checkpoints/rsfm_eurosat_vre_fft_20260417_180745.pt
panopticon,eurosat,nir,fft,20,0.001,0.0001,32,Acc,94.5185,95.6667,98983690,checkpoints/rsfm_eurosat_nir_fft_20260417_181452.pt
olmoearth-base,benv2,s2_rgb,fft,20,0.0001,0.01,32,mAP,65.0998,60.6873,88970515,checkpoints/rsfm_benv2_s2_rgb_fft_20260417_182710.pt
panopticon,eurosat,rgb,fft,20,0.0005,0.01,32,Acc,98.3704,98.3519,98983690,checkpoints/rsfm_eurosat_rgb_fft_20260417_182758.pt
olmoearth-base,benv2,s2s1,fft,20,0.0001,0.01,32,mAP,67.1368,64.6888,88970515,checkpoints/rsfm_benv2_s2s1_fft_20260417_182739.pt
panopticon,eurosat,vre,fft,20,0.0005,0.01,32,Acc,97.4444,97.4074,98983690,checkpoints/rsfm_eurosat_vre_fft_20260417_182854.pt
panopticon,eurosat,swir,fft,20,0.001,0.01,32,Acc,94.7407,94.8333,98983690,checkpoints/rsfm_eurosat_swir_fft_20260417_182932.pt
panopticon,eurosat,nir,fft,20,0.001,0.0,32,Acc,94.5185,95.3704,98983690,checkpoints/rsfm_eurosat_nir_fft_20260417_183358.pt
panopticon,benv2,s2,fft,20,0.001,0.01,32,mAP,65.4137,64.3919,98990611,checkpoints/rsfm_benv2_s2_fft_20260417_183506.pt
panopticon,benv2,s1,fft,20,0.001,0.01,32,mAP,57.2599,54.4492,98990611,checkpoints/rsfm_benv2_s1_fft_20260417_184102.pt
panopticon,eurosat,s2,fft,20,0.001,0.0,32,Acc,98.3704,98.5185,98983690,checkpoints/rsfm_eurosat_s2_fft_20260417_184444.pt
olmoearth-large,eurosat,vre,fft,20,0.0001,0.01,32,Acc,96.037,94.9259,307783690,checkpoints/rsfm_eurosat_vre_fft_20260417_184508.pt
olmoearth-large,eurosat,swir,fft,20,0.0001,0.01,32,Acc,91.1111,91.0926,307783690,checkpoints/rsfm_eurosat_swir_fft_20260417_184721.pt
olmoearth-large,eurosat,rgb,fft,20,0.0001,0.01,32,Acc,96.7407,97.1482,307783690,checkpoints/rsfm_eurosat_rgb_fft_20260417_184840.pt
panopticon,eurosat,rgb,fft,20,0.0005,0.0001,32,Acc,98.4815,98.4444,98983690,checkpoints/rsfm_eurosat_rgb_fft_20260417_184939.pt
panopticon,eurosat,vre,fft,20,0.0005,0.0001,32,Acc,97.2222,97.5185,98983690,checkpoints/rsfm_eurosat_vre_fft_20260417_185008.pt
panopticon,eurosat,swir,fft,20,0.001,0.0001,32,Acc,94.8519,94.9815,98983690,checkpoints/rsfm_eurosat_swir_fft_20260417_185020.pt
olmoearth-base,benv2,s2s1,fft,20,0.0001,0.0001,32,mAP,67.8967,64.5254,88970515,checkpoints/rsfm_benv2_s2s1_fft_20260417_185108.pt
panopticon,eurosat,nir,fft,20,0.0005,0.01,32,Acc,94.8519,95.8333,98983690,checkpoints/rsfm_eurosat_nir_fft_20260417_185301.pt
olmoearth-large,eurosat,nir,fft,20,0.0001,0.01,32,Acc,90.6667,91.2407,307783690,checkpoints/rsfm_eurosat_nir_fft_20260417_185242.pt
panopticon,benv2,s2s1,fft,20,0.001,0.01,32,mAP,66.7546,63.5351,98990611,checkpoints/rsfm_benv2_s2s1_fft_20260417_185551.pt
panopticon,benv2,s2,fft,20,0.001,0.0001,32,mAP,66.2925,61.7033,98990611,checkpoints/rsfm_benv2_s2_fft_20260417_185755.pt
olmoearth-base,benv2,s2_rgb,fft,20,0.0001,0.0,32,mAP,65.5696,60.9131,88970515,checkpoints/rsfm_benv2_s2_rgb_fft_20260417_185848.pt
olmoearth-large,eurosat,s2,fft,20,0.0001,0.01,32,Acc,99.0,98.7593,307783690,checkpoints/rsfm_eurosat_s2_fft_20260417_190253.pt
panopticon,benv2,s1,fft,20,0.001,0.0001,32,mAP,56.3353,52.4497,98990611,checkpoints/rsfm_benv2_s1_fft_20260417_190536.pt
panopticon,eurosat,swir,fft,20,0.001,0.0,32,Acc,94.5556,95.5,98983690,checkpoints/rsfm_eurosat_swir_fft_20260417_191104.pt
panopticon,eurosat,rgb,fft,20,0.0005,0.0,32,Acc,98.1111,98.463,98983690,checkpoints/rsfm_eurosat_rgb_fft_20260417_191127.pt
panopticon,eurosat,vre,fft,20,0.0005,0.0,32,Acc,97.4074,97.8148,98983690,checkpoints/rsfm_eurosat_vre_fft_20260417_191137.pt
panopticon,eurosat,nir,fft,20,0.0005,0.0001,32,Acc,95.4815,96.2593,98983690,checkpoints/rsfm_eurosat_nir_fft_20260417_191158.pt
olmoearth-base,benv2,s2s1,fft,20,0.0001,0.0,32,mAP,68.0768,64.5899,88970515,checkpoints/rsfm_benv2_s2s1_fft_20260417_191356.pt
panopticon,benv2,s2s1,fft,20,0.001,0.0001,32,mAP,67.0562,60.6283,98990611,checkpoints/rsfm_benv2_s2s1_fft_20260417_191956.pt
panopticon,benv2,s2,fft,20,0.001,0.0,32,mAP,65.8057,60.1369,98990611,checkpoints/rsfm_benv2_s2_fft_20260417_192038.pt
panopticon,eurosat,s2,fft,20,0.0005,0.01,32,Acc,98.7037,98.5,98983690,checkpoints/rsfm_eurosat_s2_fft_20260417_192426.pt
panopticon,benv2,s1,fft,20,0.001,0.0,32,mAP,56.461,53.6951,98990611,checkpoints/rsfm_benv2_s1_fft_20260417_192903.pt
panopticon,eurosat,nir,fft,20,0.0005,0.0,32,Acc,95.2222,95.7222,98983690,checkpoints/rsfm_eurosat_nir_fft_20260417_193101.pt
panopticon,eurosat,swir,fft,20,0.0005,0.01,32,Acc,95.1111,95.7222,98983690,checkpoints/rsfm_eurosat_swir_fft_20260417_193148.pt
panopticon,eurosat,vre,fft,20,0.0001,0.01,32,Acc,97.7778,97.7407,98983690,checkpoints/rsfm_eurosat_vre_fft_20260417_193247.pt
panopticon,eurosat,rgb,fft,20,0.0001,0.01,32,Acc,98.7778,98.4259,98983690,checkpoints/rsfm_eurosat_rgb_fft_20260417_193310.pt
panopticon,benv2,s2,fft,20,0.0005,0.01,32,mAP,67.5732,62.1007,98990611,checkpoints/rsfm_benv2_s2_fft_20260417_194323.pt
panopticon,benv2,s2s1,fft,20,0.001,0.0,32,mAP,67.1699,63.4055,98990611,checkpoints/rsfm_benv2_s2s1_fft_20260417_194413.pt
panopticon,eurosat,nir,fft,20,0.0001,0.01,32,Acc,95.5926,96.4074,98983690,checkpoints/rsfm_eurosat_nir_fft_20260417_195004.pt
olmoearth-large,eurosat,vre,fft,20,0.0001,0.0001,32,Acc,95.5556,94.7037,307783690,checkpoints/rsfm_eurosat_vre_fft_20260417_195036.pt
panopticon,eurosat,swir,fft,20,0.0005,0.0001,32,Acc,95.2222,95.7778,98983690,checkpoints/rsfm_eurosat_swir_fft_20260417_195231.pt
olmoearth-large,eurosat,swir,fft,20,0.0001,0.0001,32,Acc,89.4074,89.8519,307783690,checkpoints/rsfm_eurosat_swir_fft_20260417_195243.pt
panopticon,benv2,s1,fft,20,0.0005,0.01,32,mAP,57.1936,55.2891,98990611,checkpoints/rsfm_benv2_s1_fft_20260417_195230.pt
panopticon,eurosat,vre,fft,20,0.0001,0.0001,32,Acc,97.7407,97.8704,98983690,checkpoints/rsfm_eurosat_vre_fft_20260417_195356.pt
panopticon,eurosat,rgb,fft,20,0.0001,0.0001,32,Acc,98.5185,98.5,98983690,checkpoints/rsfm_eurosat_rgb_fft_20260417_195451.pt
olmoearth-large,eurosat,rgb,fft,20,0.0001,0.0001,32,Acc,96.7407,97.3148,307783690,checkpoints/rsfm_eurosat_rgb_fft_20260417_195503.pt
olmoearth-large,eurosat,nir,fft,20,0.0001,0.0001,32,Acc,89.7778,91.2222,307783690,checkpoints/rsfm_eurosat_nir_fft_20260417_195857.pt
panopticon,eurosat,s2,fft,20,0.0005,0.0001,32,Acc,98.6667,98.6667,98983690,checkpoints/rsfm_eurosat_s2_fft_20260417_200414.pt
panopticon,benv2,s2,fft,20,0.0005,0.0001,32,mAP,67.0103,60.9907,98990611,checkpoints/rsfm_benv2_s2_fft_20260417_200607.pt
panopticon,eurosat,nir,fft,20,0.0001,0.0001,32,Acc,95.6296,96.5185,98983690,checkpoints/rsfm_eurosat_nir_fft_20260417_200903.pt
panopticon,benv2,s2s1,fft,20,0.0005,0.01,32,mAP,65.5081,60.8915,98990611,checkpoints/rsfm_benv2_s2s1_fft_20260417_200831.pt
olmoearth-large,eurosat,s2,fft,20,0.0001,0.0001,32,Acc,99.037,99.0,307783690,checkpoints/rsfm_eurosat_s2_fft_20260417_201001.pt
panopticon,eurosat,swir,fft,20,0.0005,0.0,32,Acc,95.5926,96.0741,98983690,checkpoints/rsfm_eurosat_swir_fft_20260417_201347.pt
panopticon,eurosat,vre,fft,20,0.0001,0.0,32,Acc,97.963,97.7963,98983690,checkpoints/rsfm_eurosat_vre_fft_20260417_201510.pt
panopticon,eurosat,rgb,fft,20,0.0001,0.0,32,Acc,98.5926,98.3148,98983690,checkpoints/rsfm_eurosat_rgb_fft_20260417_201633.pt
panopticon,benv2,s1,fft,20,0.0005,0.0001,32,mAP,56.633,54.5767,98990611,checkpoints/rsfm_benv2_s1_fft_20260417_201614.pt
panopticon,eurosat,nir,fft,20,0.0001,0.0,32,Acc,95.963,96.6852,98983690,checkpoints/rsfm_eurosat_nir_fft_20260417_202804.pt
panopticon,benv2,s2,fft,20,0.0005,0.0,32,mAP,66.5839,60.9401,98990611,checkpoints/rsfm_benv2_s2_fft_20260417_202853.pt
panopticon,benv2,s2s1,fft,20,0.0005,0.0001,32,mAP,67.0945,61.1707,98990611,checkpoints/rsfm_benv2_s2s1_fft_20260417_203253.pt
panopticon,eurosat,swir,fft,20,0.0001,0.01,32,Acc,95.5185,96.1481,98983690,checkpoints/rsfm_eurosat_swir_fft_20260417_203432.pt
panopticon,benv2,s1,fft,20,0.0005,0.0,32,mAP,56.7142,54.6168,98990611,checkpoints/rsfm_benv2_s1_fft_20260417_203741.pt
panopticon,eurosat,s2,fft,20,0.0005,0.0,32,Acc,98.5926,98.8333,98983690,checkpoints/rsfm_eurosat_s2_fft_20260417_204339.pt
panopticon,benv2,s2,fft,20,0.0001,0.01,32,mAP,65.8356,62.8836,98990611,checkpoints/rsfm_benv2_s2_fft_20260417_205143.pt
panopticon,eurosat,swir,fft,20,0.0001,0.0001,32,Acc,95.037,95.9074,98983690,checkpoints/rsfm_eurosat_swir_fft_20260417_205517.pt
olmoearth-large,eurosat,vre,fft,20,0.0001,0.0,32,Acc,95.6667,95.0926,307783690,checkpoints/rsfm_eurosat_vre_fft_20260417_205556.pt
olmoearth-large,eurosat,swir,fft,20,0.0001,0.0,32,Acc,90.2963,90.1667,307783690,checkpoints/rsfm_eurosat_swir_fft_20260417_205744.pt
panopticon,benv2,s2s1,fft,20,0.0005,0.0,32,mAP,66.0894,60.964,98990611,checkpoints/rsfm_benv2_s2s1_fft_20260417_205729.pt
panopticon,benv2,s1,fft,20,0.0001,0.01,32,mAP,56.9775,55.5129,98990611,checkpoints/rsfm_benv2_s1_fft_20260417_205845.pt
olmoearth-large,eurosat,rgb,fft,20,0.0001,0.0,32,Acc,96.8148,96.9815,307783690,checkpoints/rsfm_eurosat_rgb_fft_20260417_210057.pt
olmoearth-large,eurosat,nir,fft,20,0.0001,0.0,32,Acc,90.5926,91.8704,307783690,checkpoints/rsfm_eurosat_nir_fft_20260417_210438.pt
panopticon,benv2,s2,fft,20,0.0001,0.0001,32,mAP,65.7568,60.6141,98990611,checkpoints/rsfm_benv2_s2_fft_20260417_211432.pt
panopticon,eurosat,swir,fft,20,0.0001,0.0,32,Acc,95.3333,95.7778,98983690,checkpoints/rsfm_eurosat_swir_fft_20260417_211600.pt
olmoearth-large,eurosat,s2,fft,20,0.0001,0.0,32,Acc,99.1111,98.9815,307783690,checkpoints/rsfm_eurosat_s2_fft_20260417_211700.pt
panopticon,benv2,s1,fft,20,0.0001,0.0001,32,mAP,57.9303,54.6832,98990611,checkpoints/rsfm_benv2_s1_fft_20260417_211954.pt
panopticon,benv2,s2s1,fft,20,0.0001,0.01,32,mAP,66.353,61.0268,98990611,checkpoints/rsfm_benv2_s2s1_fft_20260417_212207.pt
panopticon,eurosat,s2,fft,20,0.0001,0.01,32,Acc,98.7407,98.5185,98983690,checkpoints/rsfm_eurosat_s2_fft_20260417_212303.pt
panopticon,benv2,s2,fft,20,0.0001,0.0,32,mAP,66.2673,61.9283,98990611,checkpoints/rsfm_benv2_s2_fft_20260417_213721.pt
panopticon,benv2,s1,fft,20,0.0001,0.0,32,mAP,58.1421,55.0562,98990611,checkpoints/rsfm_benv2_s1_fft_20260417_214106.pt
panopticon,benv2,s2s1,fft,20,0.0001,0.0001,32,mAP,65.9478,61.7228,98990611,checkpoints/rsfm_benv2_s2s1_fft_20260417_214625.pt
olmoearth-base,eurosat,s2,fft,20,0.001,0.0001,32,Acc,98.9259,98.9259,88963594,checkpoints/rsfm_eurosat_s2_fft_20260417_215809.pt
panopticon,eurosat,s2,fft,20,0.0001,0.0001,32,Acc,98.6667,98.9259,98983690,checkpoints/rsfm_eurosat_s2_fft_20260417_220221.pt
panopticon,benv2,s2s1,fft,20,0.0001,0.0,32,mAP,65.7598,61.4983,98990611,checkpoints/rsfm_benv2_s2s1_fft_20260417_221036.pt
olmoearth-large,eurosat,s2,fft,20,0.001,0.01,32,Acc,98.963,98.8519,307783690,checkpoints/rsfm_eurosat_s2_fft_20260417_221333.pt
olmoearth-base,eurosat,s2,fft,20,0.001,0.0,32,Acc,98.8148,98.8148,88963594,checkpoints/rsfm_eurosat_s2_fft_20260417_222538.pt
panopticon,eurosat,s2,fft,20,0.0001,0.0,32,Acc,98.7407,98.8333,98983690,checkpoints/rsfm_eurosat_s2_fft_20260417_224200.pt
olmoearth-base,eurosat,s2,fft,20,0.0005,0.0,32,Acc,98.8519,98.8704,88963594,checkpoints/rsfm_eurosat_s2_fft_20260417_225255.pt
olmoearth-base,eurosat,s2,fft,20,0.0001,0.0,32,Acc,99.037,98.7037,88963594,checkpoints/rsfm_eurosat_s2_fft_20260417_232013.pt
olmoearth-large,eurosat,s2,fft,20,0.001,0.0001,32,Acc,98.7407,98.6481,307783690,checkpoints/rsfm_eurosat_s2_fft_20260417_232103.pt
olmoearth-large,eurosat,s2,fft,20,0.001,0.0,32,Acc,98.7037,98.8148,307783690,checkpoints/rsfm_eurosat_s2_fft_20260418_002911.pt
olmoearth-base,eurosat,s2,fft,20,0.001,0.0,32,Acc,98.8519,99.0185,88963594,
panopticon,eurosat,s2,fft,20,0.001,0.0,32,Acc,98.4815,98.3148,98983690,
olmoearth-base,eurosat,s2,fft,20,0.0005,0.0,32,Acc,99.0741,98.8333,88963594,
olmoearth-large,eurosat,s2,fft,20,0.001,0.0,32,Acc,98.6296,98.7963,307783690,
panopticon,eurosat,s2,fft,20,0.0005,0.0,32,Acc,98.5926,99.0556,98983690,
olmoearth-base,eurosat,s2,fft,20,0.0001,0.0,32,Acc,99.0741,98.7963,88963594,
panopticon,eurosat,s2,fft,20,0.0001,0.0,32,Acc,98.8519,98.7778,98983690,
olmoearth-large,eurosat,s2,fft,20,0.0005,0.0,32,Acc,99.037,98.8704,307783690,
olmoearth-large,eurosat,s2,fft,20,0.0001,0.0,32,Acc,99.0741,98.8519,307783690,
panopticon,eurosat,s2,fft,20,0.001,0.0,32,Acc,98.1852,98.2593,98983690,
panopticon,eurosat,s2,fft,20,0.0005,0.0,32,Acc,98.6667,98.7407,98983690,
panopticon,eurosat,s2,fft,20,0.0001,0.0,32,Acc,98.8889,98.963,98983690,
panopticon,benv2,s2_rgb,fft,20,0.001,0.01,32,mAP,63.6538,59.3683,98990611,
panopticon,benv2,s2_rgb,fft,20,0.001,0.0,32,mAP,64.208,58.6412,98990611,
panopticon,benv2,s2_rgb,fft,20,0.0005,0.01,32,mAP,63.6404,59.5096,98990611,
panopticon,benv2,s2_rgb,fft,20,0.0005,0.0001,32,mAP,63.9505,59.8288,98990611,
panopticon,benv2,s2_rgb,fft,20,0.0005,0.0,32,mAP,64.5277,59.9905,98990611,
panopticon,benv2,s2_rgb,fft,20,0.0001,0.01,32,mAP,63.226,60.3168,98990611,
panopticon,benv2,s2_rgb,fft,20,0.0001,0.0001,32,mAP,64.4832,60.2493,98990611,
panopticon,benv2,s2_rgb,fft,20,0.0001,0.0,32,mAP,63.3722,59.7987,98990611,
panopticon,benv2,s2_rgb+s2_norgb,fft,20,0.001,0.0001,32,mAP,65.3363,59.8373,98990611,
panopticon,benv2,s2_rgb+s2_norgb,fft,20,0.001,0.0,32,mAP,65.2498,59.892,98990611,
panopticon,benv2,s2_rgb+s2_norgb,fft,20,0.0005,0.01,32,mAP,66.5214,62.4741,98990611,
panopticon,benv2,s2_rgb+s2_norgb,fft,20,0.0005,0.0001,32,mAP,66.2318,63.2428,98990611,
panopticon,benv2,s2_rgb+s2_norgb,fft,20,0.0005,0.0,32,mAP,65.6211,60.3286,98990611,
panopticon,benv2,s2_rgb+s2_norgb,fft,20,0.0001,0.01,32,mAP,64.9243,61.1291,98990611,
panopticon,benv2,s2_rgb+s2_norgb,fft,20,0.0001,0.0001,32,mAP,65.934,62.129,98990611,
panopticon,eurosat,rgb+nir,fft,20,0.001,0.01,32,Acc,98.2593,98.2963,98983690,
panopticon,eurosat,rgb+vre,fft,20,0.001,0.01,32,Acc,98.2963,98.3148,98983690,
olmoearth-base,benv2,s2_norgb,fft,16,0.0003,0.0,32,mAP,72.8474,67.0316,88970515,
panopticon,benv2,s2_norgb,fft,10,0.0003,0.0,32,mAP,66.6673,61.2606,98990611,
panopticon,eurosat,rgb+nir,fft,10,0.0003,0.0,32,Acc,98.4444,98.6852,98983690,
panopticon,eurosat,rgb+swir,fft,10,0.0003,0.0,32,Acc,98.7407,98.7037,98983690,
olmoearth-base,eurosat,rgb+nir,fft,20,0.001,0.01,32,Acc,98.3704,98.4444,88963594,
olmoearth-base,eurosat,rgb+vre,fft,20,0.001,0.01,32,Acc,97.9259,98.0,88963594,
olmoearth-base,eurosat,rgb+swir,fft,20,0.001,0.01,32,Acc,97.6296,97.6667,88963594,
olmoearth-base,eurosat,rgb+nir,fft,20,0.001,0.0001,32,Acc,98.6667,98.6852,88963594,
olmoearth-base,eurosat,rgb+vre,fft,20,0.001,0.0001,32,Acc,98.037,98.0926,88963594,
olmoearth-base,eurosat,rgb+swir,fft,20,0.001,0.0001,32,Acc,97.5926,97.7593,88963594,
olmoearth-base,eurosat,rgb+nir,fft,20,0.001,0.0,32,Acc,98.6667,98.4815,88963594,
olmoearth-base,eurosat,rgb+vre,fft,20,0.001,0.0,32,Acc,98.1111,97.9259,88963594,
olmoearth-base,eurosat,rgb+swir,fft,20,0.001,0.0,32,Acc,97.8148,97.8704,88963594,
panopticon,eurosat,rgb+nir,fft,20,0.001,0.01,32,Acc,98.1481,98.2593,98983690,
olmoearth-base,eurosat,rgb+nir,fft,20,0.0005,0.01,32,Acc,98.7037,98.5556,88963594,
olmoearth-base,eurosat,rgb+vre,fft,20,0.0005,0.01,32,Acc,98.3704,98.3333,88963594,
panopticon,eurosat,rgb+nir,fft,20,0.001,0.0001,32,Acc,98.1852,98.2778,98983690,
olmoearth-base,eurosat,rgb+swir,fft,20,0.0005,0.01,32,Acc,97.8148,97.9259,88963594,
panopticon,eurosat,rgb+nir,fft,20,0.001,0.0,32,Acc,98.0741,98.1481,98983690,
panopticon,eurosat,rgb+vre,fft,20,0.001,0.01,32,Acc,98.1852,98.3704,98983690,
panopticon,eurosat,rgb+nir,fft,20,0.0005,0.01,32,Acc,98.5926,98.7778,98983690,
panopticon,eurosat,rgb+vre,fft,20,0.001,0.0001,32,Acc,98.1852,98.2778,98983690,
panopticon,eurosat,rgb+nir,fft,20,0.0005,0.0001,32,Acc,98.5926,98.7037,98983690,
panopticon,eurosat,rgb+swir,fft,20,0.001,0.01,32,Acc,97.7407,97.8704,98983690,
panopticon,eurosat,rgb+vre,fft,20,0.001,0.0,32,Acc,98.1852,98.4444,98983690,
panopticon,eurosat,rgb+swir,fft,20,0.001,0.0001,32,Acc,98.037,98.1111,98983690,
panopticon,eurosat,rgb+vre,fft,20,0.0005,0.01,32,Acc,98.4444,98.537,98983690,
panopticon,eurosat,rgb+swir,fft,20,0.001,0.0,32,Acc,97.7037,98.2037,98983690,
panopticon,eurosat,rgb+swir,fft,20,0.0005,0.01,32,Acc,98.2593,98.6481,98983690,
panopticon,benv2,s2_norgb,fft,20,0.001,0.01,32,mAP,65.4751,61.742,98990611,
olmoearth-base,benv2,s2_norgb,fft,20,0.001,0.01,32,mAP,70.7306,66.8377,88970515,
panopticon,benv2,s2_norgb,fft,20,0.001,0.0001,32,mAP,66.1412,60.5067,98990611,
olmoearth-base,benv2,s2_norgb,fft,20,0.001,0.0001,32,mAP,70.8066,66.5048,88970515,
panopticon,benv2,s2_norgb,fft,20,0.001,0.0,32,mAP,66.5542,62.4321,98990611,
olmoearth-base,benv2,s2_norgb,fft,20,0.001,0.0,32,mAP,71.2554,66.2809,88970515,
panopticon,benv2,s2_norgb,fft,20,0.0005,0.01,32,mAP,66.6598,61.0788,98990611,
olmoearth-base,benv2,s2_norgb,fft,20,0.0005,0.01,32,mAP,71.918,65.4776,88970515,
panopticon,benv2,s2_norgb,fft,20,0.0005,0.0001,32,mAP,66.0547,61.2914,98990611,
olmoearth-base,benv2,s2_norgb,fft,20,0.0005,0.0001,32,mAP,71.5754,67.7998,88970515,
panopticon,benv2,s2_norgb,fft,20,0.0005,0.0,32,mAP,68.3902,61.4391,98990611,
olmoearth-base,benv2,s2_norgb,fft,20,0.0005,0.0,32,mAP,71.887,67.2058,88970515,
panopticon,benv2,s2_norgb,fft,20,0.0001,0.01,32,mAP,66.3027,61.1067,98990611,
olmoearth-base,benv2,s2_norgb,fft,20,0.0001,0.01,32,mAP,73.0314,68.9871,88970515,
panopticon,benv2,s2_norgb,fft,20,0.0001,0.0001,32,mAP,64.983,60.8833,98990611,
olmoearth-base,benv2,s2_norgb,fft,20,0.0001,0.0001,32,mAP,72.6392,68.8478,88970515,
panopticon,benv2,s2_norgb,fft,20,0.0001,0.0,32,mAP,66.2017,62.4786,98990611,
olmoearth-base,benv2,s2_norgb,fft,20,0.0001,0.0,32,mAP,73.1325,69.636,88970515,
panopticon,eurosat,rgb+nir,fft,20,0.001,0.01,32,Acc,98.5556,98.0926,98983690,
panopticon,eurosat,rgb+nir,fft,20,0.001,0.0001,32,Acc,98.3704,98.3148,98983690,
panopticon,eurosat,rgb+vre,fft,20,0.001,0.01,32,Acc,98.3704,98.2222,98983690,
panopticon,eurosat,rgb+nir,fft,20,0.001,0.0,32,Acc,98.1111,98.2778,98983690,
panopticon,eurosat,rgb+vre,fft,20,0.001,0.0001,32,Acc,98.1852,98.0556,98983690,
panopticon,eurosat,rgb+nir,fft,20,0.0005,0.01,32,Acc,98.4815,98.6111,98983690,
panopticon,eurosat,rgb+vre,fft,20,0.001,0.0,32,Acc,98.2222,98.1667,98983690,
panopticon,eurosat,rgb+nir,fft,20,0.0005,0.0001,32,Acc,98.5926,98.5556,98983690,
panopticon,eurosat,rgb+vre,fft,20,0.0005,0.01,32,Acc,98.5926,98.9259,98983690,
panopticon,eurosat,rgb+nir,fft,20,0.0005,0.0,32,Acc,98.4444,98.6296,98983690,
panopticon,eurosat,rgb+vre,fft,20,0.0005,0.0001,32,Acc,98.6296,98.7222,98983690,
panopticon,eurosat,rgb+nir,fft,20,0.0001,0.01,32,Acc,98.7407,98.6667,98983690,
panopticon,eurosat,rgb+swir,fft,20,0.001,0.01,32,Acc,97.5926,98.0185,98983690,
panopticon,eurosat,rgb+vre,fft,20,0.0005,0.0,32,Acc,98.6296,98.6667,98983690,
panopticon,eurosat,rgb+nir,fft,20,0.0001,0.0001,32,Acc,98.7778,98.5926,98983690,
panopticon,eurosat,rgb+swir,fft,20,0.001,0.0001,32,Acc,97.963,97.8333,98983690,
panopticon,eurosat,rgb+vre,fft,20,0.0001,0.01,32,Acc,98.5556,98.6667,98983690,
panopticon,eurosat,rgb+nir,fft,20,0.0001,0.0,32,Acc,98.8148,98.5185,98983690,
panopticon,eurosat,rgb+swir,fft,20,0.001,0.0,32,Acc,97.963,98.3889,98983690,
panopticon,eurosat,rgb+vre,fft,20,0.0001,0.0001,32,Acc,98.8148,98.7407,98983690,
panopticon,eurosat,rgb+swir,fft,20,0.0005,0.01,32,Acc,98.3704,98.537,98983690,
panopticon,eurosat,rgb+vre,fft,20,0.0001,0.0,32,Acc,98.7407,98.5741,98983690,
panopticon,eurosat,rgb+swir,fft,20,0.0005,0.0001,32,Acc,98.3333,98.5,98983690,
panopticon,eurosat,rgb+swir,fft,20,0.0005,0.0,32,Acc,98.1852,98.5,98983690,
olmoearth-base,eurosat,rgb+nir,fft,20,0.001,0.01,32,Acc,98.5185,98.6296,88963594,
panopticon,eurosat,rgb+swir,fft,20,0.0001,0.01,32,Acc,98.6296,98.7037,98983690,
olmoearth-base,eurosat,rgb+nir,fft,20,0.001,0.0001,32,Acc,98.4074,98.5185,88963594,
panopticon,eurosat,rgb+swir,fft,20,0.0001,0.0001,32,Acc,98.7778,98.7222,98983690,
olmoearth-base,eurosat,rgb+nir,fft,20,0.001,0.0,32,Acc,98.5185,98.6296,88963594,
panopticon,eurosat,rgb+swir,fft,20,0.0001,0.0,32,Acc,98.7407,98.5185,98983690,
olmoearth-base,eurosat,rgb+nir,fft,20,0.0005,0.01,32,Acc,98.8889,98.5,88963594,
olmoearth-base,eurosat,rgb+vre,fft,20,0.001,0.01,32,Acc,98.0741,97.9444,88963594,
olmoearth-base,eurosat,rgb+nir,fft,20,0.0005,0.0001,32,Acc,98.9259,98.8333,88963594,
olmoearth-base,eurosat,rgb+vre,fft,20,0.001,0.0001,32,Acc,97.9259,98.1296,88963594,
olmoearth-base,eurosat,rgb+nir,fft,20,0.0005,0.0,32,Acc,98.5185,98.7593,88963594,
olmoearth-base,eurosat,rgb+vre,fft,20,0.001,0.0,32,Acc,97.7778,97.7963,88963594,
olmoearth-base,eurosat,rgb+nir,fft,20,0.0001,0.01,32,Acc,98.5185,98.6852,88963594,
olmoearth-base,eurosat,rgb+nir,fft,20,0.0001,0.0001,32,Acc,98.8519,98.6111,88963594,
olmoearth-base,eurosat,rgb+vre,fft,20,0.0005,0.01,32,Acc,98.2222,98.1481,88963594,
olmoearth-base,eurosat,rgb+nir,fft,20,0.0001,0.0,32,Acc,98.3333,98.3333,88963594,
olmoearth-base,eurosat,rgb+vre,fft,20,0.0005,0.0001,32,Acc,98.1111,98.3519,88963594,
olmoearth-base,eurosat,rgb+swir,fft,20,0.001,0.01,32,Acc,97.6296,97.8333,88963594,
olmoearth-base,eurosat,rgb+vre,fft,20,0.0005,0.0,32,Acc,98.1111,98.5185,88963594,
olmoearth-base,eurosat,rgb+swir,fft,20,0.001,0.0001,32,Acc,97.7037,97.7963,88963594,
olmoearth-base,eurosat,rgb+vre,fft,20,0.0001,0.01,32,Acc,97.963,97.6481,88963594,
olmoearth-base,eurosat,rgb+swir,fft,20,0.001,0.0,32,Acc,97.9259,97.6481,88963594,
olmoearth-base,eurosat,rgb+vre,fft,20,0.0001,0.0001,32,Acc,97.9259,97.6667,88963594,
olmoearth-base,eurosat,rgb+swir,fft,20,0.0005,0.01,32,Acc,97.8519,98.2222,88963594,
olmoearth-base,eurosat,rgb+vre,fft,20,0.0001,0.0,32,Acc,97.6667,97.8704,88963594,
olmoearth-base,eurosat,rgb+swir,fft,20,0.0005,0.0001,32,Acc,98.0741,98.2037,88963594,
olmoearth-base,eurosat,rgb+swir,fft,20,0.0005,0.0,32,Acc,97.7778,98.2778,88963594,
olmoearth-base,eurosat,rgb+swir,fft,20,0.0001,0.01,32,Acc,97.5185,97.7593,88963594,
olmoearth-base,eurosat,rgb+swir,fft,20,0.0001,0.0001,32,Acc,97.4074,97.6852,88963594,
olmoearth-base,eurosat,rgb+swir,fft,20,0.0001,0.0,32,Acc,97.3704,97.5926,88963594,
olmoearth-large,eurosat,rgb+nir,fft,20,0.001,0.01,32,Acc,98.1852,98.1481,307783690,
olmoearth-large,eurosat,rgb+vre,fft,20,0.001,0.01,32,Acc,96.4444,96.8518,307783690,
olmoearth-large,eurosat,rgb+swir,fft,20,0.001,0.01,32,Acc,96.4074,96.1481,307783690,
olmoearth-large,benv2,s2_norgb,fft,20,0.001,0.01,32,mAP,70.155,67.3164,307792915,
olmoearth-large,benv2,s2_norgb,fft,20,0.001,0.0001,32,mAP,70.6431,67.603,307792915,
olmoearth-large,benv2,s2_norgb,fft,20,0.001,0.0,32,mAP,71.6269,66.5664,307792915,
olmoearth-large,benv2,s2_norgb,fft,20,0.0005,0.01,32,mAP,71.6716,67.6282,307792915,
olmoearth-large,benv2,s2_norgb,fft,20,0.0005,0.0001,32,mAP,72.3762,69.1496,307792915,
