dataset,model_arch,starting_modality,new_modality,lr,weight_decay,epochs,mask_ratio,modality_dropout,labeled_frequency,labeled_start_fraction,trainable_params,active_losses,use_mfla,warmup_epochs,intermediate_projector_type,tz_fusion_time,metric_name,teacher_test_metric,transfer_metric,peeking_metric,addition_metric,addition_ens_metric,valchecked_transfer,valchecked_peek,valchecked_add,valchecked_add_ens,valchecked_val_transfer,valchecked_val_peek,valchecked_val_add,valchecked_val_add_ens,stage0_checkpoint,shote2e_checkpoint
dfc2020,evan_base,s2,s2_rgb,0.000192,0.00353,64,0.322,0.283,0.296,0.5,164648720,latent+prefusion+distill+ce,False,3,cross,3,mIoU,45.11,37.13,48.56,48.36,45.61,38.46,41.78,46.76,45.61,52.56,58.49,57.31,54.32,checkpoints/sft_evan_base_dfc2020_s2_fft_lr0.0005_20260418_080316.pt,checkpoints/delulunet_dfc2020_0420_0716.pt
dfc2020,evan_base,s2,s1,0.000229,0.000788,64,0.467,0.356,0.433,0.5,164255248,latent+prefusion+distill+ce,False,3,cross,3,mIoU,45.11,38.43,46.26,45.22,47.16,43.19,46.26,45.22,47.16,45.50,57.92,57.37,50.93,checkpoints/sft_evan_base_dfc2020_s2_fft_lr0.0005_20260418_080316.pt,checkpoints/delulunet_dfc2020_0420_0718.pt
dfc2020,evan_base,s2,s1,0.000192,0.00353,64,0.322,0.283,0.296,0.5,164255248,latent+prefusion+distill+ce,False,3,cross,3,mIoU,45.11,42.51,45.30,45.11,50.79,42.51,45.30,45.11,50.79,46.22,58.18,56.74,51.48,checkpoints/sft_evan_base_dfc2020_s2_fft_lr0.0005_20260418_080316.pt,checkpoints/delulunet_dfc2020_0420_0719.pt
dfc2020,evan_base,s2,s1,0.000192,0.00353,64,0.322,0.283,0.296,0.5,164255248,latent+prefusion+distill+ce,False,3,cross,3,mIoU,45.11,42.48,39.82,39.83,45.86,44.28,40.27,45.12,45.86,46.06,58.02,57.02,51.28,checkpoints/sft_evan_base_dfc2020_s2_fft_lr0.0005_20260418_080316.pt,checkpoints/delulunet_dfc2020_0420_0723.pt
dfc2020,evan_base,s2,s2_norgb,0.000192,0.00353,64,0.322,0.283,0.296,0.5,167403024,latent+prefusion+distill+ce,False,3,cross,3,mIoU,45.11,45.57,47.45,46.38,46.62,45.22,40.89,46.38,46.62,55.11,57.31,56.76,55.88,checkpoints/sft_evan_base_dfc2020_s2_fft_lr0.0005_20260418_080316.pt,checkpoints/delulunet_dfc2020_0420_0725.pt
dfc2020,evan_base,s2,s1,0.000192,0.00353,64,0.322,0.283,0.296,0.5,164255248,latent+prefusion+distill+ce,False,3,cross,3,mIoU,45.11,42.75,44.50,44.57,48.21,43.75,45.13,47.29,48.21,46.12,57.88,56.97,51.08,checkpoints/sft_evan_base_dfc2020_s2_fft_lr0.0005_20260418_080316.pt,checkpoints/delulunet_dfc2020_0420_0725.pt
dfc2020,evan_base,s2,s2_norgb,0.000229,0.000788,64,0.467,0.356,0.433,0.5,167403024,latent+prefusion+distill+ce,False,3,cross,3,mIoU,45.11,49.74,48.41,47.31,49.24,49.74,47.05,47.31,49.24,56.04,57.69,57.19,56.62,checkpoints/sft_evan_base_dfc2020_s2_fft_lr0.0005_20260418_080316.pt,checkpoints/delulunet_dfc2020_0420_0725.pt
dfc2020,evan_base,s2,s2_norgb,0.000192,0.00353,64,0.322,0.283,0.296,0.5,167403024,latent+prefusion+distill+ce,False,3,cross,3,mIoU,45.11,46.05,45.50,43.55,45.86,45.96,42.84,44.55,45.86,54.60,57.55,56.34,55.39,checkpoints/sft_evan_base_dfc2020_s2_fft_lr0.0005_20260418_080316.pt,checkpoints/delulunet_dfc2020_0420_0727.pt
dfc2020,evan_base,s2_rgb,s2,0.000229,0.000788,64,0.467,0.356,0.433,0.5,164648720,latent+prefusion+distill+ce,False,3,cross,3,mIoU,45.85,51.74,47.85,50.67,51.17,51.74,48.60,51.39,51.17,52.62,57.47,55.64,54.08,checkpoints/sft_evan_base_dfc2020_s2_rgb_fft_lr0.0001_20260417_110303.pt,checkpoints/delulunet_dfc2020_0420_0729.pt
dfc2020,evan_base,s2,s2_norgb,0.000192,0.00353,64,0.322,0.283,0.296,0.5,167403024,latent+prefusion+distill+ce,False,3,cross,3,mIoU,45.11,44.39,44.89,43.50,44.73,42.49,42.11,43.50,44.73,55.73,57.56,57.08,56.35,checkpoints/sft_evan_base_dfc2020_s2_fft_lr0.0005_20260418_080316.pt,checkpoints/delulunet_dfc2020_0420_0731.pt
dfc2020,evan_base,s2_rgb,s2,0.000192,0.00353,64,0.322,0.283,0.296,0.5,164648720,latent+prefusion+distill+ce,False,3,cross,3,mIoU,45.85,50.72,43.34,50.27,52.40,51.47,45.38,50.27,52.40,50.94,56.41,55.36,53.15,checkpoints/sft_evan_base_dfc2020_s2_rgb_fft_lr0.0001_20260417_110303.pt,checkpoints/delulunet_dfc2020_0420_0734.pt
dfc2020,evan_base,s2_rgb,s1,0.000229,0.000788,64,0.467,0.356,0.433,0.5,160320528,latent+prefusion+distill+ce,False,3,cross,3,mIoU,45.85,40.97,47.78,49.25,50.45,44.91,47.78,49.25,50.45,45.88,56.78,56.31,50.55,checkpoints/sft_evan_base_dfc2020_s2_rgb_fft_lr0.0001_20260417_110303.pt,checkpoints/delulunet_dfc2020_0420_0734.pt
dfc2020,evan_base,s2_rgb,s2,0.000192,0.00353,64,0.322,0.283,0.296,0.5,164648720,latent+prefusion+distill+ce,False,3,cross,3,mIoU,45.85,46.63,38.66,42.88,41.42,50.45,47.85,42.88,41.42,51.21,56.75,55.60,52.76,checkpoints/sft_evan_base_dfc2020_s2_rgb_fft_lr0.0001_20260417_110303.pt,checkpoints/delulunet_dfc2020_0420_0734.pt
dfc2020,evan_base,s2_rgb,s2,0.000192,0.00353,64,0.322,0.283,0.296,0.5,164648720,latent+prefusion+distill+ce,False,3,cross,3,mIoU,45.85,48.26,47.38,51.24,49.82,49.85,47.38,51.44,49.82,50.87,56.65,54.98,52.40,checkpoints/sft_evan_base_dfc2020_s2_rgb_fft_lr0.0001_20260417_110303.pt,checkpoints/delulunet_dfc2020_0420_0734.pt
dfc2020,evan_base,s2_rgb,s1,0.000192,0.00353,64,0.322,0.283,0.296,0.5,160320528,latent+prefusion+distill+ce,False,3,cross,3,mIoU,45.85,41.21,47.83,48.92,50.11,41.77,49.45,52.08,50.11,45.10,56.97,55.18,50.05,checkpoints/sft_evan_base_dfc2020_s2_rgb_fft_lr0.0001_20260417_110303.pt,checkpoints/delulunet_dfc2020_0420_0736.pt
dfc2020,evan_base,s2_rgb,s1,0.000192,0.00353,64,0.322,0.283,0.296,0.5,160320528,latent+prefusion+distill+ce,False,3,cross,3,mIoU,45.85,41.21,47.63,50.03,51.27,41.21,44.54,46.35,51.27,45.87,56.56,55.94,49.90,checkpoints/sft_evan_base_dfc2020_s2_rgb_fft_lr0.0001_20260417_110303.pt,checkpoints/delulunet_dfc2020_0420_0743.pt
dfc2020,evan_base,s2_rgb,s1,0.000192,0.00353,64,0.322,0.283,0.296,0.5,160320528,latent+prefusion+distill+ce,False,3,cross,3,mIoU,45.85,41.94,47.47,50.77,50.01,41.69,46.61,49.61,50.01,45.58,57.34,55.66,50.23,checkpoints/sft_evan_base_dfc2020_s2_rgb_fft_lr0.0001_20260417_110303.pt,checkpoints/delulunet_dfc2020_0420_0743.pt
dfc2020,evan_base,s2_rgb,s2_norgb,0.000229,0.000788,64,0.467,0.356,0.433,0.5,163468304,latent+prefusion+distill+ce,False,3,cross,3,mIoU,45.85,42.25,44.82,47.45,44.93,42.25,44.82,47.45,44.93,51.78,56.71,56.29,54.03,checkpoints/sft_evan_base_dfc2020_s2_rgb_fft_lr0.0001_20260417_110303.pt,checkpoints/delulunet_dfc2020_0420_0746.pt
dfc2020,evan_base,s1,s2_rgb,0.000192,0.00353,64,0.322,0.283,0.296,0.5,160320528,latent+prefusion+distill+ce,False,3,cross,3,mIoU,44.15,38.12,45.49,46.37,46.56,33.12,45.49,47.27,46.56,40.07,49.72,48.31,43.72,checkpoints/sft_evan_base_dfc2020_s1_fft_lr0.001_20260417_101553.pt,checkpoints/delulunet_dfc2020_0420_0751.pt
dfc2020,evan_base,s2_rgb,s2_norgb,0.000192,0.00353,64,0.322,0.283,0.296,0.5,163468304,latent+prefusion+distill+ce,False,3,cross,3,mIoU,45.85,46.53,45.64,51.33,51.03,47.55,47.05,50.22,51.03,50.33,56.14,54.74,52.20,checkpoints/sft_evan_base_dfc2020_s2_rgb_fft_lr0.0001_20260417_110303.pt,checkpoints/delulunet_dfc2020_0420_0751.pt
dfc2020,evan_base,s2_rgb,s2_norgb,0.000192,0.00353,64,0.322,0.283,0.296,0.5,163468304,latent+prefusion+distill+ce,False,3,cross,3,mIoU,45.85,48.90,44.67,49.78,50.95,48.90,44.67,49.78,50.95,52.28,57.82,55.99,54.13,checkpoints/sft_evan_base_dfc2020_s2_rgb_fft_lr0.0001_20260417_110303.pt,checkpoints/delulunet_dfc2020_0420_0752.pt
dfc2020,evan_base,s1,s2_rgb,0.000192,0.00353,64,0.322,0.283,0.296,0.5,160320528,latent+prefusion+distill+ce,False,3,cross,3,mIoU,44.15,39.33,45.71,46.89,46.43,33.43,45.71,44.17,46.43,40.18,49.73,48.05,43.69,checkpoints/sft_evan_base_dfc2020_s1_fft_lr0.001_20260417_101553.pt,checkpoints/delulunet_dfc2020_0420_0753.pt
dfc2020,evan_base,s1,s2_rgb,0.000192,0.00353,64,0.322,0.283,0.296,0.5,160320528,latent+prefusion+distill+ce,False,3,cross,3,mIoU,44.15,32.53,45.89,46.88,46.70,31.82,45.89,44.43,46.70,40.05,49.82,48.22,43.67,checkpoints/sft_evan_base_dfc2020_s1_fft_lr0.001_20260417_101553.pt,checkpoints/delulunet_dfc2020_0420_0753.pt
dfc2020,evan_base,s1,s2,0.000192,0.00353,64,0.322,0.283,0.296,0.5,164255248,latent+prefusion+distill+ce,False,3,cross,3,mIoU,44.15,46.06,42.81,43.31,46.76,45.45,45.30,43.31,46.76,41.56,49.67,48.14,44.69,checkpoints/sft_evan_base_dfc2020_s1_fft_lr0.001_20260417_101553.pt,checkpoints/delulunet_dfc2020_0420_0753.pt
dfc2020,evan_base,s1,s2,0.000192,0.00353,64,0.322,0.283,0.296,0.5,164255248,latent+prefusion+distill+ce,False,3,cross,3,mIoU,44.15,47.88,45.47,46.68,48.44,45.86,45.49,46.68,48.44,41.09,49.13,47.67,44.30,checkpoints/sft_evan_base_dfc2020_s1_fft_lr0.001_20260417_101553.pt,checkpoints/delulunet_dfc2020_0420_0753.pt
dfc2020,evan_base,s1,s2,0.000229,0.000788,64,0.467,0.356,0.433,0.5,164255248,latent+prefusion+distill+ce,False,3,cross,3,mIoU,44.15,41.71,44.66,45.49,46.33,41.71,44.99,45.49,46.33,41.38,49.54,47.51,44.45,checkpoints/sft_evan_base_dfc2020_s1_fft_lr0.001_20260417_101553.pt,checkpoints/delulunet_dfc2020_0420_0753.pt
dfc2020,evan_base,s2_rgb,s2_norgb,0.000192,0.00353,64,0.322,0.283,0.296,0.5,163468304,latent+prefusion+distill+ce,False,3,cross,3,mIoU,45.85,41.34,44.94,49.77,48.28,45.21,45.98,50.01,48.28,50.77,56.56,54.78,52.53,checkpoints/sft_evan_base_dfc2020_s2_rgb_fft_lr0.0001_20260417_110303.pt,checkpoints/delulunet_dfc2020_0420_0753.pt
dfc2020,evan_base,s1,s2_rgb,0.000229,0.000788,64,0.467,0.356,0.433,0.5,160320528,latent+prefusion+distill+ce,False,3,cross,3,mIoU,44.15,35.63,45.28,46.83,46.91,35.56,44.34,46.83,46.91,40.32,49.58,47.60,43.95,checkpoints/sft_evan_base_dfc2020_s1_fft_lr0.001_20260417_101553.pt,checkpoints/delulunet_dfc2020_0420_0755.pt
dfc2020,evan_base,s1,s2,0.000192,0.00353,64,0.322,0.283,0.296,0.5,164255248,latent+prefusion+distill+ce,False,3,cross,3,mIoU,44.15,46.06,44.68,45.40,46.84,45.68,44.68,44.30,46.84,41.14,49.66,47.74,44.23,checkpoints/sft_evan_base_dfc2020_s1_fft_lr0.001_20260417_101553.pt,checkpoints/delulunet_dfc2020_0420_0755.pt
dfc2020,evan_base,s1,s2_norgb,0.000229,0.000788,64,0.467,0.356,0.433,0.5,163074832,latent+prefusion+distill+ce,False,3,cross,3,mIoU,44.15,46.25,44.77,46.43,47.22,46.25,44.77,46.16,47.22,41.00,49.13,47.31,44.11,checkpoints/sft_evan_base_dfc2020_s1_fft_lr0.001_20260417_101553.pt,checkpoints/delulunet_dfc2020_0420_0756.pt
dfc2020,evan_base,s1,s2_norgb,0.000192,0.00353,64,0.322,0.283,0.296,0.5,163074832,latent+prefusion+distill+ce,False,3,cross,3,mIoU,44.15,47.33,45.33,46.88,48.21,47.33,45.68,44.54,48.21,41.53,49.68,47.79,44.37,checkpoints/sft_evan_base_dfc2020_s1_fft_lr0.001_20260417_101553.pt,checkpoints/delulunet_dfc2020_0420_0756.pt
dfc2020,evan_base,s1,s2_norgb,0.000192,0.00353,64,0.322,0.283,0.296,0.5,163074832,latent+prefusion+distill+ce,False,3,cross,3,mIoU,44.15,46.74,41.61,42.74,44.92,39.65,43.95,42.74,44.92,41.34,49.62,48.42,44.72,checkpoints/sft_evan_base_dfc2020_s1_fft_lr0.001_20260417_101553.pt,checkpoints/delulunet_dfc2020_0420_0759.pt
dfc2020,evan_base,s1,s2_norgb,0.000192,0.00353,64,0.322,0.283,0.296,0.5,163074832,latent+prefusion+distill+ce,False,3,cross,3,mIoU,44.15,39.35,45.62,46.86,47.15,46.16,45.62,46.86,47.15,41.21,49.43,48.15,44.38,checkpoints/sft_evan_base_dfc2020_s1_fft_lr0.001_20260417_101553.pt,checkpoints/delulunet_dfc2020_0420_0800.pt
dfc2020,evan_base,s2,s2_rgb,0.000229,0.000788,64,0.467,0.356,0.433,0.5,164648720,latent+prefusion+distill+ce,False,3,cross,3,mIoU,45.11,41.47,46.23,46.48,46.66,39.32,46.23,46.48,46.66,52.26,57.46,56.89,54.46,checkpoints/sft_evan_base_dfc2020_s2_fft_lr0.0005_20260418_080316.pt,checkpoints/delulunet_dfc2020_0420_0857.pt
dfc2020,evan_base,s2,s2_rgb,0.00015,0.000102,64,0.716,0.13,0.555,0.5,164648720,latent+prefusion+distill+ce,False,3,cross,3,mIoU,45.11,42.90,43.80,43.73,46.61,42.90,45.86,45.39,46.61,51.03,57.91,56.34,53.29,checkpoints/sft_evan_base_dfc2020_s2_fft_lr0.0005_20260418_080316.pt,checkpoints/delulunet_dfc2020_0420_0857.pt
dfc2020,evan_base,s2,s2_rgb,0.000192,0.00353,64,0.322,0.283,0.296,0.5,164648720,latent+prefusion+distill+ce,False,3,cross,3,mIoU,45.11,39.76,49.48,49.55,47.85,42.31,41.81,49.55,47.85,52.56,58.65,57.28,54.56,checkpoints/sft_evan_base_dfc2020_s2_fft_lr0.0005_20260418_080316.pt,checkpoints/delulunet_dfc2020_0420_0858.pt
dfc2020,evan_base,s2,s1,0.000192,0.00353,64,0.322,0.283,0.296,0.5,164255248,latent+prefusion+distill+ce,False,3,cross,3,mIoU,45.11,40.66,48.08,47.70,51.11,42.40,47.39,47.70,51.11,46.33,58.42,57.45,51.35,checkpoints/sft_evan_base_dfc2020_s2_fft_lr0.0005_20260418_080316.pt,checkpoints/delulunet_dfc2020_0420_0900.pt
dfc2020,evan_base,s2,s1,0.00015,0.000102,64,0.716,0.13,0.555,0.5,164255248,latent+prefusion+distill+ce,False,3,cross,3,mIoU,45.11,41.84,40.51,40.85,45.17,41.84,41.71,41.15,45.17,45.56,57.86,55.75,50.40,checkpoints/sft_evan_base_dfc2020_s2_fft_lr0.0005_20260418_080316.pt,checkpoints/delulunet_dfc2020_0420_0902.pt
dfc2020,evan_base,s2,s2_norgb,0.00015,0.000102,64,0.716,0.13,0.555,0.5,167403024,latent+prefusion+distill+ce,False,3,cross,3,mIoU,45.11,38.61,47.38,44.02,42.18,38.61,42.58,44.02,42.18,54.38,58.00,56.37,55.37,checkpoints/sft_evan_base_dfc2020_s2_fft_lr0.0005_20260418_080316.pt,checkpoints/delulunet_dfc2020_0420_0909.pt
dfc2020,evan_base,s2,s2_norgb,0.000192,0.00353,64,0.322,0.283,0.296,0.5,167403024,latent+prefusion+distill+ce,False,3,cross,3,mIoU,45.11,45.88,46.52,45.77,46.30,45.88,42.14,45.77,46.30,55.47,57.75,57.10,56.28,checkpoints/sft_evan_base_dfc2020_s2_fft_lr0.0005_20260418_080316.pt,checkpoints/delulunet_dfc2020_0420_0911.pt
dfc2020,evan_base,s2_rgb,s2,0.000192,0.00353,64,0.322,0.283,0.296,0.5,164648720,latent+prefusion+distill+ce,False,3,cross,3,mIoU,45.85,49.51,43.13,48.78,50.78,49.51,46.26,49.54,50.78,51.08,55.87,54.73,52.87,checkpoints/sft_evan_base_dfc2020_s2_rgb_fft_lr0.0001_20260417_110303.pt,checkpoints/delulunet_dfc2020_0420_0914.pt
dfc2020,evan_base,s2_rgb,s1,0.00015,0.000102,64,0.716,0.13,0.555,0.5,160320528,latent+prefusion+distill+ce,False,3,cross,3,mIoU,45.85,38.88,44.89,48.72,52.06,38.88,45.43,48.72,52.06,44.35,57.27,54.77,49.56,checkpoints/sft_evan_base_dfc2020_s2_rgb_fft_lr0.0001_20260417_110303.pt,checkpoints/delulunet_dfc2020_0420_0916.pt
dfc2020,evan_base,s2,s1,0.000168,0.00338,64,0.181,0.369,0.669,0.5,164255248,latent+prefusion+distill+ce,False,3,cross,3,mIoU,45.11,39.52,52.03,52.34,50.66,42.88,43.66,48.54,50.66,45.14,57.66,56.66,50.30,checkpoints/sft_evan_base_dfc2020_s2_fft_lr0.0005_20260418_080316.pt,checkpoints/delulunet_dfc2020_0420_0917.pt
dfc2020,evan_base,s2_rgb,s1,0.000192,0.00353,64,0.322,0.283,0.296,0.5,160320528,latent+prefusion+distill+ce,False,3,cross,3,mIoU,45.85,36.44,45.99,49.31,49.43,42.11,49.07,49.31,49.43,45.53,56.96,56.15,49.99,checkpoints/sft_evan_base_dfc2020_s2_rgb_fft_lr0.0001_20260417_110303.pt,checkpoints/delulunet_dfc2020_0420_0922.pt
dfc2020,evan_base,s2_rgb,s2,0.00015,0.000102,64,0.716,0.13,0.555,0.5,164648720,latent+prefusion+distill+ce,False,3,cross,3,mIoU,45.85,48.87,45.81,52.55,51.40,48.87,45.81,52.55,51.40,50.83,56.88,53.87,52.35,checkpoints/sft_evan_base_dfc2020_s2_rgb_fft_lr0.0001_20260417_110303.pt,checkpoints/delulunet_dfc2020_0420_0923.pt
dfc2020,evan_base,s2_rgb,s1,0.000168,0.00338,64,0.181,0.369,0.669,0.5,160320528,latent+prefusion+distill+ce,False,3,cross,3,mIoU,45.85,41.04,46.24,46.86,49.56,41.06,48.43,50.81,49.56,45.47,57.09,55.87,49.65,checkpoints/sft_evan_base_dfc2020_s2_rgb_fft_lr0.0001_20260417_110303.pt,checkpoints/delulunet_dfc2020_0420_0923.pt
dfc2020,evan_base,s2_rgb,s1,0.000229,0.000788,64,0.467,0.356,0.433,0.5,160320528,latent+prefusion+distill+ce,False,3,cross,3,mIoU,45.85,43.00,48.55,50.22,51.04,43.00,48.55,51.90,51.04,46.92,57.29,56.10,51.23,checkpoints/sft_evan_base_dfc2020_s2_rgb_fft_lr0.0001_20260417_110303.pt,checkpoints/delulunet_dfc2020_0420_0925.pt
dfc2020,evan_base,s1,s2_rgb,0.00015,0.000102,64,0.716,0.13,0.555,0.5,160320528,latent+prefusion+distill+ce,False,3,cross,3,mIoU,44.15,31.79,44.99,43.66,45.80,29.53,44.54,46.60,45.80,39.34,48.90,45.47,41.97,checkpoints/sft_evan_base_dfc2020_s1_fft_lr0.001_20260417_101553.pt,checkpoints/delulunet_dfc2020_0420_0931.pt
dfc2020,evan_base,s1,s2_rgb,0.000168,0.00338,64,0.181,0.369,0.669,0.5,160320528,latent+prefusion+distill+ce,False,3,cross,3,mIoU,44.15,33.85,45.61,46.34,46.33,32.22,45.26,46.34,46.33,39.58,49.21,48.29,43.73,checkpoints/sft_evan_base_dfc2020_s1_fft_lr0.001_20260417_101553.pt,checkpoints/delulunet_dfc2020_0420_0931.pt
dfc2020,evan_base,s2_rgb,s2_norgb,0.000192,0.00353,64,0.322,0.283,0.296,0.5,163468304,latent+prefusion+distill+ce,False,3,cross,3,mIoU,45.85,39.46,50.21,53.46,50.34,39.46,50.21,47.85,50.34,51.92,57.73,55.96,53.93,checkpoints/sft_evan_base_dfc2020_s2_rgb_fft_lr0.0001_20260417_110303.pt,checkpoints/delulunet_dfc2020_0420_0933.pt
dfc2020,evan_base,s1,s2,0.00015,0.000102,64,0.716,0.13,0.555,0.5,164255248,latent+prefusion+distill+ce,False,3,cross,3,mIoU,44.15,38.36,43.70,46.67,45.49,41.42,43.62,44.59,45.49,41.29,49.30,45.07,42.87,checkpoints/sft_evan_base_dfc2020_s1_fft_lr0.001_20260417_101553.pt,checkpoints/delulunet_dfc2020_0420_0935.pt
dfc2020,evan_base,s1,s2,0.000168,0.00338,64,0.181,0.369,0.669,0.5,164255248,latent+prefusion+distill+ce,False,3,cross,3,mIoU,44.15,46.52,44.84,45.68,47.76,46.52,44.84,45.68,47.76,41.14,49.13,48.30,44.72,checkpoints/sft_evan_base_dfc2020_s1_fft_lr0.001_20260417_101553.pt,checkpoints/delulunet_dfc2020_0420_0935.pt
dfc2020,evan_base,s1,s2_rgb,0.000192,0.00353,64,0.322,0.283,0.296,0.5,160320528,latent+prefusion+distill+ce,False,3,cross,3,mIoU,44.15,35.81,44.49,45.63,45.95,35.81,45.68,43.60,45.95,40.11,49.73,48.59,43.80,checkpoints/sft_evan_base_dfc2020_s1_fft_lr0.001_20260417_101553.pt,checkpoints/delulunet_dfc2020_0420_0937.pt
dfc2020,evan_base,s1,s2,0.000229,0.000788,64,0.467,0.356,0.433,0.5,164255248,latent+prefusion+distill+ce,False,3,cross,3,mIoU,44.15,45.86,44.13,47.06,46.59,45.86,45.21,46.02,46.59,41.11,49.57,47.23,43.97,checkpoints/sft_evan_base_dfc2020_s1_fft_lr0.001_20260417_101553.pt,checkpoints/delulunet_dfc2020_0420_0937.pt
dfc2020,evan_base,s1,s2_norgb,0.00015,0.000102,64,0.716,0.13,0.555,0.5,163074832,latent+prefusion+distill+ce,False,3,cross,3,mIoU,44.15,37.17,43.87,41.43,45.51,37.17,43.87,45.14,45.51,41.45,49.63,45.41,43.35,checkpoints/sft_evan_base_dfc2020_s1_fft_lr0.001_20260417_101553.pt,checkpoints/delulunet_dfc2020_0420_0938.pt
dfc2020,evan_base,s1,s2_norgb,0.000168,0.00338,64,0.181,0.369,0.669,0.5,163074832,latent+prefusion+distill+ce,False,3,cross,3,mIoU,44.15,41.19,45.35,46.34,47.85,42.68,44.13,46.34,47.85,40.98,49.29,48.12,44.43,checkpoints/sft_evan_base_dfc2020_s1_fft_lr0.001_20260417_101553.pt,checkpoints/delulunet_dfc2020_0420_0939.pt
dfc2020,evan_base,s2_rgb,s2_norgb,0.00015,0.000102,64,0.716,0.13,0.555,0.5,163468304,latent+prefusion+distill+ce,False,3,cross,3,mIoU,45.85,44.24,47.74,52.15,51.96,35.21,47.74,52.15,51.96,50.71,57.28,54.88,52.51,checkpoints/sft_evan_base_dfc2020_s2_rgb_fft_lr0.0001_20260417_110303.pt,checkpoints/delulunet_dfc2020_0420_0939.pt
dfc2020,evan_base,s1,s2,0.000192,0.00353,64,0.322,0.283,0.296,0.5,164255248,latent+prefusion+distill+ce,False,3,cross,3,mIoU,44.15,46.97,45.27,46.69,48.70,46.41,44.68,46.69,48.70,40.84,49.19,47.77,44.21,checkpoints/sft_evan_base_dfc2020_s1_fft_lr0.001_20260417_101553.pt,checkpoints/delulunet_dfc2020_0420_0942.pt
dfc2020,evan_base,s1,s2_norgb,0.000229,0.000788,64,0.467,0.356,0.433,0.5,163074832,latent+prefusion+distill+ce,False,3,cross,3,mIoU,44.15,44.56,43.52,44.01,45.93,47.30,45.33,44.70,45.93,41.08,49.23,47.78,44.35,checkpoints/sft_evan_base_dfc2020_s1_fft_lr0.001_20260417_101553.pt,checkpoints/delulunet_dfc2020_0420_0943.pt
dfc2020,evan_base,s1,s2_rgb,0.000229,0.000788,64,0.467,0.356,0.433,0.5,160320528,latent+prefusion+distill+ce,False,3,cross,3,mIoU,44.15,34.18,44.21,45.65,45.82,34.18,44.21,45.65,45.82,40.62,49.72,47.94,44.28,checkpoints/sft_evan_base_dfc2020_s1_fft_lr0.001_20260417_101553.pt,checkpoints/delulunet_dfc2020_0420_0948.pt
dfc2020,evan_base,s2,s1,0.000229,0.000788,64,0.467,0.356,0.433,0.5,164255248,latent+prefusion+distill+ce,False,3,cross,3,mIoU,45.11,43.79,47.32,47.45,50.03,43.79,44.63,45.49,50.03,46.50,58.09,57.16,51.69,checkpoints/sft_evan_base_dfc2020_s2_fft_lr0.0005_20260418_080316.pt,checkpoints/delulunet_dfc2020_0420_0954.pt
dfc2020,evan_large,s2,s1,0.000229,0.000788,64,0.467,0.356,0.433,0.5,440439568,latent+prefusion+distill+ce,False,3,cross,3,mIoU,50.72,47.39,53.14,54.14,52.34,47.39,53.14,54.14,52.34,49.23,57.44,56.64,52.94,checkpoints/sft_evan_large_dfc2020_s2_fft_lr0.0005_20260417_082437.pt,checkpoints/delulunet_dfc2020_0420_0959.pt
dfc2020,evan_large,s2,s2_rgb,0.000192,0.00353,64,0.322,0.283,0.296,0.5,440964112,latent+prefusion+distill+ce,False,3,cross,3,mIoU,50.72,44.02,51.64,51.42,48.06,44.02,51.64,51.42,48.06,55.02,57.89,57.39,56.20,checkpoints/sft_evan_large_dfc2020_s2_fft_lr0.0005_20260417_082437.pt,checkpoints/delulunet_dfc2020_0420_1002.pt
dfc2020,evan_large,s2,s2_rgb,0.000192,0.00353,64,0.322,0.283,0.296,0.5,440964112,latent+prefusion+distill+ce,False,3,cross,3,mIoU,50.72,50.41,53.52,53.55,52.32,50.41,52.83,53.55,52.32,53.38,56.60,55.89,54.63,checkpoints/sft_evan_large_dfc2020_s2_fft_lr0.0005_20260417_082437.pt,checkpoints/delulunet_dfc2020_0420_1002.pt
dfc2020,evan_base,s2_rgb,s2,0.000229,0.000788,64,0.467,0.356,0.433,0.5,164648720,latent+prefusion+distill+ce,False,3,cross,3,mIoU,45.85,51.68,47.08,48.27,51.17,51.68,41.64,48.27,51.17,52.40,57.17,55.84,54.12,checkpoints/sft_evan_base_dfc2020_s2_rgb_fft_lr0.0001_20260417_110303.pt,checkpoints/delulunet_dfc2020_0420_1003.pt
dfc2020,evan_large,s2,s2_rgb,0.000229,0.000788,64,0.467,0.356,0.433,0.5,440964112,latent+prefusion+distill+ce,False,3,cross,3,mIoU,50.72,47.50,50.22,50.21,49.19,47.50,52.71,52.58,49.19,54.27,57.03,56.72,55.01,checkpoints/sft_evan_large_dfc2020_s2_fft_lr0.0005_20260417_082437.pt,checkpoints/delulunet_dfc2020_0420_1004.pt
dfc2020,evan_large,s2,s2_norgb,0.000229,0.000788,64,0.467,0.356,0.433,0.5,444635920,latent+prefusion+distill+ce,False,3,cross,3,mIoU,50.72,52.64,52.57,52.66,52.69,52.64,53.13,53.17,52.69,55.43,57.32,56.79,56.04,checkpoints/sft_evan_large_dfc2020_s2_fft_lr0.0005_20260417_082437.pt,checkpoints/delulunet_dfc2020_0420_1004.pt
dfc2020,evan_large,s2,s2_rgb,0.000192,0.00353,64,0.322,0.283,0.296,0.5,440964112,latent+prefusion+distill+ce,False,3,cross,3,mIoU,50.72,45.33,53.27,53.11,50.80,44.70,53.27,53.11,50.80,53.63,57.60,56.94,54.71,checkpoints/sft_evan_large_dfc2020_s2_fft_lr0.0005_20260417_082437.pt,checkpoints/delulunet_dfc2020_0420_1007.pt
dfc2020,evan_large,s2,s1,0.000192,0.00353,64,0.322,0.283,0.296,0.5,440439568,latent+prefusion+distill+ce,False,3,cross,3,mIoU,50.72,42.91,51.51,52.71,51.15,42.91,51.51,52.71,51.15,48.65,57.81,57.10,52.88,checkpoints/sft_evan_large_dfc2020_s2_fft_lr0.0005_20260417_082437.pt,checkpoints/delulunet_dfc2020_0420_1008.pt
dfc2020,evan_large,s2,s2_norgb,0.000192,0.00353,64,0.322,0.283,0.296,0.5,444635920,latent+prefusion+distill+ce,False,3,cross,3,mIoU,50.72,52.82,53.65,53.28,53.58,52.82,52.77,53.28,53.58,53.95,57.41,56.17,55.06,checkpoints/sft_evan_large_dfc2020_s2_fft_lr0.0005_20260417_082437.pt,checkpoints/delulunet_dfc2020_0420_1008.pt
dfc2020,evan_large,s2_rgb,s2,0.000229,0.000788,64,0.467,0.356,0.433,0.5,440964112,latent+prefusion+distill+ce,False,3,cross,3,mIoU,48.79,50.78,51.25,52.30,52.39,50.78,49.60,53.03,52.39,53.93,59.13,56.71,55.13,checkpoints/sft_evan_large_dfc2020_s2_rgb_fft_lr0.0005_20260417_093927.pt,checkpoints/delulunet_dfc2020_0420_1009.pt
dfc2020,evan_base,s2_rgb,s2_norgb,0.000229,0.000788,64,0.467,0.356,0.433,0.5,163468304,latent+prefusion+distill+ce,False,3,cross,3,mIoU,45.85,41.09,50.26,52.18,49.88,41.09,49.78,52.18,49.88,50.71,56.09,55.26,52.99,checkpoints/sft_evan_base_dfc2020_s2_rgb_fft_lr0.0001_20260417_110303.pt,checkpoints/delulunet_dfc2020_0420_1010.pt
dfc2020,evan_large,s2,s2_norgb,0.000192,0.00353,64,0.322,0.283,0.296,0.5,444635920,latent+prefusion+distill+ce,False,3,cross,3,mIoU,50.72,53.38,53.80,53.72,53.82,53.17,53.60,52.94,53.82,54.25,57.60,56.62,55.26,checkpoints/sft_evan_large_dfc2020_s2_fft_lr0.0005_20260417_082437.pt,checkpoints/delulunet_dfc2020_0420_1011.pt
dfc2020,evan_base,s2_rgb,s2_norgb,0.000168,0.00338,64,0.181,0.369,0.669,0.5,163468304,latent+prefusion+distill+ce,False,3,cross,3,mIoU,45.85,41.48,46.16,49.07,48.52,41.48,46.61,49.66,48.52,50.77,56.21,55.25,52.83,checkpoints/sft_evan_base_dfc2020_s2_rgb_fft_lr0.0001_20260417_110303.pt,checkpoints/delulunet_dfc2020_0420_1011.pt
dfc2020,evan_large,s2_rgb,s1,0.000192,0.00353,64,0.322,0.283,0.296,0.5,435194128,latent+prefusion+distill+ce,False,3,cross,3,mIoU,48.79,44.89,49.65,51.85,52.68,44.89,49.65,53.08,52.68,48.81,58.74,56.61,52.23,checkpoints/sft_evan_large_dfc2020_s2_rgb_fft_lr0.0005_20260417_093927.pt,checkpoints/delulunet_dfc2020_0420_1013.pt
dfc2020,evan_large,s2,s2_norgb,0.000192,0.00353,64,0.322,0.283,0.296,0.5,444635920,latent+prefusion+distill+ce,False,3,cross,3,mIoU,50.72,53.08,52.93,53.10,53.14,53.08,52.93,53.10,53.14,54.50,57.12,56.78,55.64,checkpoints/sft_evan_large_dfc2020_s2_fft_lr0.0005_20260417_082437.pt,checkpoints/delulunet_dfc2020_0420_1013.pt
dfc2020,evan_large,s2_rgb,s1,0.000192,0.00353,64,0.322,0.283,0.296,0.5,435194128,latent+prefusion+distill+ce,False,3,cross,3,mIoU,48.79,44.49,51.67,52.50,51.83,44.78,53.30,52.56,51.83,47.80,57.82,56.50,52.02,checkpoints/sft_evan_large_dfc2020_s2_rgb_fft_lr0.0005_20260417_093927.pt,checkpoints/delulunet_dfc2020_0420_1014.pt
dfc2020,evan_large,s2_rgb,s1,0.000192,0.00353,64,0.322,0.283,0.296,0.5,435194128,latent+prefusion+distill+ce,False,3,cross,3,mIoU,48.79,42.29,52.46,53.08,50.89,45.49,52.14,53.08,50.89,48.89,58.68,56.84,52.28,checkpoints/sft_evan_large_dfc2020_s2_rgb_fft_lr0.0005_20260417_093927.pt,checkpoints/delulunet_dfc2020_0420_1015.pt
dfc2020,evan_large,s2_rgb,s2,0.000192,0.00353,64,0.322,0.283,0.296,0.5,440964112,latent+prefusion+distill+ce,False,3,cross,3,mIoU,48.79,51.87,51.56,52.58,52.59,52.48,51.07,52.12,52.59,52.60,58.30,57.43,54.24,checkpoints/sft_evan_large_dfc2020_s2_rgb_fft_lr0.0005_20260417_093927.pt,checkpoints/delulunet_dfc2020_0420_1015.pt
dfc2020,evan_large,s2_rgb,s1,0.000229,0.000788,64,0.467,0.356,0.433,0.5,435194128,latent+prefusion+distill+ce,False,3,cross,3,mIoU,48.79,46.40,52.07,53.95,54.26,46.40,52.07,50.48,54.26,49.07,58.30,56.41,52.42,checkpoints/sft_evan_large_dfc2020_s2_rgb_fft_lr0.0005_20260417_093927.pt,checkpoints/delulunet_dfc2020_0420_1016.pt
dfc2020,evan_large,s1,s2_rgb,0.000192,0.00353,64,0.322,0.283,0.296,0.5,435194128,latent+prefusion+distill+ce,False,3,cross,3,mIoU,44.03,44.24,46.96,48.29,48.27,44.24,45.91,48.29,48.27,41.74,50.52,48.93,45.33,checkpoints/sft_evan_large_dfc2020_s1_fft_lr0.001_20260418_073032.pt,checkpoints/delulunet_dfc2020_0420_1020.pt
dfc2020,evan_large,s2_rgb,s2,0.000192,0.00353,64,0.322,0.283,0.296,0.5,440964112,latent+prefusion+distill+ce,False,3,cross,3,mIoU,48.79,50.75,51.55,51.73,52.49,51.40,50.95,52.79,52.49,53.04,58.21,55.63,54.03,checkpoints/sft_evan_large_dfc2020_s2_rgb_fft_lr0.0005_20260417_093927.pt,checkpoints/delulunet_dfc2020_0420_1020.pt
dfc2020,evan_large,s1,s2_norgb,0.000229,0.000788,64,0.467,0.356,0.433,0.5,438865936,latent+prefusion+distill+ce,False,3,cross,3,mIoU,44.03,49.09,46.42,47.94,50.39,48.30,45.56,47.94,50.39,42.73,50.54,47.95,45.30,checkpoints/sft_evan_large_dfc2020_s1_fft_lr0.001_20260418_073032.pt,checkpoints/delulunet_dfc2020_0420_1021.pt
dfc2020,evan_base,s2,s2_norgb,0.000229,0.000788,64,0.467,0.356,0.433,0.5,167403024,latent+prefusion+distill+ce,False,3,cross,3,mIoU,45.11,48.24,45.02,43.66,46.80,48.24,42.13,43.66,46.80,55.89,57.74,56.36,56.12,checkpoints/sft_evan_base_dfc2020_s2_fft_lr0.0005_20260418_080316.pt,checkpoints/delulunet_dfc2020_0420_1022.pt
dfc2020,evan_large,s2_rgb,s2,0.000192,0.00353,64,0.322,0.283,0.296,0.5,440964112,latent+prefusion+distill+ce,False,3,cross,3,mIoU,48.79,50.68,51.09,52.18,51.70,51.56,49.58,52.29,51.70,51.97,57.71,55.51,53.43,checkpoints/sft_evan_large_dfc2020_s2_rgb_fft_lr0.0005_20260417_093927.pt,checkpoints/delulunet_dfc2020_0420_1022.pt
dfc2020,evan_large,s1,s2,0.000192,0.00353,64,0.322,0.283,0.296,0.5,440439568,latent+prefusion+distill+ce,False,3,cross,3,mIoU,44.03,46.58,46.05,47.25,48.80,46.58,45.94,47.25,48.80,42.66,50.09,48.65,45.65,checkpoints/sft_evan_large_dfc2020_s1_fft_lr0.001_20260418_073032.pt,checkpoints/delulunet_dfc2020_0420_1023.pt
dfc2020,evan_large,s2_rgb,s2_norgb,0.000192,0.00353,64,0.322,0.283,0.296,0.5,439390480,latent+prefusion+distill+ce,False,3,cross,3,mIoU,48.79,52.14,51.19,52.40,53.36,52.14,51.19,48.37,53.36,52.22,57.40,55.14,53.42,checkpoints/sft_evan_large_dfc2020_s2_rgb_fft_lr0.0005_20260417_093927.pt,checkpoints/delulunet_dfc2020_0420_1023.pt
dfc2020,evan_large,s1,s2,0.000229,0.000788,64,0.467,0.356,0.433,0.5,440439568,latent+prefusion+distill+ce,False,3,cross,3,mIoU,44.03,46.21,45.16,47.90,48.96,46.93,46.02,47.57,48.96,42.48,50.10,47.86,44.88,checkpoints/sft_evan_large_dfc2020_s1_fft_lr0.001_20260418_073032.pt,checkpoints/delulunet_dfc2020_0420_1024.pt
dfc2020,evan_large,s2_rgb,s2_norgb,0.000192,0.00353,64,0.322,0.283,0.296,0.5,439390480,latent+prefusion+distill+ce,False,3,cross,3,mIoU,48.79,51.72,47.42,50.54,51.87,51.72,47.42,51.58,51.87,51.98,57.92,55.71,53.69,checkpoints/sft_evan_large_dfc2020_s2_rgb_fft_lr0.0005_20260417_093927.pt,checkpoints/delulunet_dfc2020_0420_1024.pt
dfc2020,evan_large,s1,s2_rgb,0.000192,0.00353,64,0.322,0.283,0.296,0.5,435194128,latent+prefusion+distill+ce,False,3,cross,3,mIoU,44.03,38.33,46.69,47.73,47.98,41.97,45.51,47.73,47.98,41.91,50.64,48.79,45.05,checkpoints/sft_evan_large_dfc2020_s1_fft_lr0.001_20260418_073032.pt,checkpoints/delulunet_dfc2020_0420_1025.pt
dfc2020,evan_large,s1,s2_rgb,0.000229,0.000788,64,0.467,0.356,0.433,0.5,435194128,latent+prefusion+distill+ce,False,3,cross,3,mIoU,44.03,42.07,46.04,47.48,47.43,42.07,45.95,47.48,47.43,42.21,50.10,48.47,45.34,checkpoints/sft_evan_large_dfc2020_s1_fft_lr0.001_20260418_073032.pt,checkpoints/delulunet_dfc2020_0420_1026.pt
dfc2020,evan_large,s1,s2,0.000192,0.00353,64,0.322,0.283,0.296,0.5,440439568,latent+prefusion+distill+ce,False,3,cross,3,mIoU,44.03,47.07,44.79,46.31,48.11,47.07,45.74,46.31,48.11,42.29,50.12,48.42,45.35,checkpoints/sft_evan_large_dfc2020_s1_fft_lr0.001_20260418_073032.pt,checkpoints/delulunet_dfc2020_0420_1026.pt
dfc2020,evan_large,s1,s2_rgb,0.000192,0.00353,64,0.322,0.283,0.296,0.5,435194128,latent+prefusion+distill+ce,False,3,cross,3,mIoU,44.03,33.61,45.71,46.63,45.82,33.61,45.71,46.63,45.82,41.71,50.14,49.16,45.44,checkpoints/sft_evan_large_dfc2020_s1_fft_lr0.001_20260418_073032.pt,checkpoints/delulunet_dfc2020_0420_1027.pt
dfc2020,evan_large,s2_rgb,s2_norgb,0.000192,0.00353,64,0.322,0.283,0.296,0.5,439390480,latent+prefusion+distill+ce,False,3,cross,3,mIoU,48.79,50.99,49.77,50.01,52.04,50.99,50.56,50.01,52.04,53.61,59.26,56.59,55.10,checkpoints/sft_evan_large_dfc2020_s2_rgb_fft_lr0.0005_20260417_093927.pt,checkpoints/delulunet_dfc2020_0420_1027.pt
dfc2020,evan_large,s1,s2,0.000192,0.00353,64,0.322,0.283,0.296,0.5,440439568,latent+prefusion+distill+ce,False,3,cross,3,mIoU,44.03,45.92,45.22,46.43,48.69,46.97,41.49,46.43,48.69,42.45,50.40,48.86,45.62,checkpoints/sft_evan_large_dfc2020_s1_fft_lr0.001_20260418_073032.pt,checkpoints/delulunet_dfc2020_0420_1027.pt
dfc2020,evan_large,s1,s2_norgb,0.000192,0.00353,64,0.322,0.283,0.296,0.5,438865936,latent+prefusion+distill+ce,False,3,cross,3,mIoU,44.03,42.03,45.12,46.22,47.17,48.85,45.97,46.22,47.17,42.15,50.44,48.55,45.34,checkpoints/sft_evan_large_dfc2020_s1_fft_lr0.001_20260418_073032.pt,checkpoints/delulunet_dfc2020_0420_1028.pt
dfc2020,evan_base,s2_rgb,s2,0.000168,0.00338,64,0.181,0.369,0.669,0.5,164648720,latent+prefusion+distill+ce,False,3,cross,3,mIoU,45.85,45.19,45.32,48.34,48.96,45.19,45.32,48.34,48.96,50.90,56.31,55.61,53.25,checkpoints/sft_evan_base_dfc2020_s2_rgb_fft_lr0.0001_20260417_110303.pt,checkpoints/delulunet_dfc2020_0420_1030.pt
dfc2020,evan_large,s1,s2_norgb,0.000192,0.00353,64,0.322,0.283,0.296,0.5,438865936,latent+prefusion+distill+ce,False,3,cross,3,mIoU,44.03,48.60,44.84,46.38,49.43,48.60,45.77,46.38,49.43,42.40,49.93,48.79,45.60,checkpoints/sft_evan_large_dfc2020_s1_fft_lr0.001_20260418_073032.pt,checkpoints/delulunet_dfc2020_0420_1033.pt
dfc2020,evan_base,s1,s2_norgb,0.000192,0.00353,64,0.322,0.283,0.296,0.5,163074832,latent+prefusion+distill+ce,False,3,cross,3,mIoU,44.15,44.39,44.20,45.53,46.41,46.39,45.46,45.53,46.41,40.94,49.41,47.82,44.36,checkpoints/sft_evan_base_dfc2020_s1_fft_lr0.001_20260417_101553.pt,checkpoints/delulunet_dfc2020_0420_1034.pt
dfc2020,evan_large,s1,s2_norgb,0.000192,0.00353,64,0.322,0.283,0.296,0.5,438865936,latent+prefusion+distill+ce,False,3,cross,3,mIoU,44.03,44.78,45.66,46.92,49.08,48.69,44.59,46.92,49.08,42.57,50.65,48.91,45.30,checkpoints/sft_evan_large_dfc2020_s1_fft_lr0.001_20260418_073032.pt,checkpoints/delulunet_dfc2020_0420_1034.pt
dfc2020,evan_base,s2,s2_norgb,0.000168,0.00338,64,0.181,0.369,0.669,0.5,167403024,latent+prefusion+distill+ce,False,3,cross,3,mIoU,45.11,45.50,43.66,43.34,44.58,45.50,43.36,43.34,44.58,55.37,57.90,56.92,56.15,checkpoints/sft_evan_base_dfc2020_s2_fft_lr0.0005_20260418_080316.pt,checkpoints/delulunet_dfc2020_0420_1038.pt
dfc2020,evan_base,s2,s2_rgb,0.000168,0.00338,64,0.181,0.369,0.669,0.5,164648720,latent+prefusion+distill+ce,False,3,cross,3,mIoU,45.11,39.20,45.13,44.86,45.09,42.21,40.44,44.86,45.09,51.72,57.84,56.71,53.81,checkpoints/sft_evan_base_dfc2020_s2_fft_lr0.0005_20260418_080316.pt,checkpoints/delulunet_dfc2020_0420_1101.pt
dfc2020,evan_base,s2_rgb,s1,0.000229,0.000788,120,0.467,0.356,0.433,0.5,149882128,latent+prefusion+distill+ce,False,3,cross,3,mIoU,48.76,39.41,42.59,48.32,46.52,41.81,42.59,48.32,46.52,46.39,57.79,56.45,51.41,checkpoints/sft_evan_base_dfc2020_s2_rgb_fft_lr0.0005_20260420_184627.pt,checkpoints/delulunet_dfc2020_0421_0953.pt
dfc2020,evan_base,s2_rgb,s1,0.000192,0.00353,120,0.322,0.283,0.296,0.5,149882128,latent+prefusion+distill+ce,False,3,cross,3,mIoU,48.76,40.48,42.59,44.40,48.72,44.90,42.02,45.45,48.72,46.34,56.56,55.93,50.42,checkpoints/sft_evan_base_dfc2020_s2_rgb_fft_lr0.0005_20260420_184627.pt,checkpoints/delulunet_dfc2020_0421_0956.pt
dfc2020,evan_base,s2,s1,0.000192,0.00353,120,0.322,0.283,0.296,0.5,151848208,latent+prefusion+distill+ce,False,3,cross,3,mIoU,45.11,41.37,47.14,47.32,50.20,43.87,42.43,47.32,50.20,46.44,57.65,56.80,51.49,checkpoints/sft_evan_base_dfc2020_s2_fft_lr0.0005_20260418_080316.pt,checkpoints/delulunet_dfc2020_0421_0959.pt
dfc2020,evan_base,s2,s1,0.000229,0.000788,120,0.467,0.356,0.433,0.5,151848208,latent+prefusion+distill+ce,False,3,cross,3,mIoU,45.11,43.34,50.23,50.08,51.70,43.34,44.30,50.08,51.70,47.13,57.51,57.29,52.21,checkpoints/sft_evan_base_dfc2020_s2_fft_lr0.0005_20260418_080316.pt,checkpoints/delulunet_dfc2020_0421_1000.pt
dfc2020,evan_base,s2,s1,0.000192,0.00353,120,0.322,0.283,0.296,0.5,151848208,latent+prefusion+distill+ce,False,3,cross,3,mIoU,45.11,39.73,46.16,46.59,46.49,39.73,45.55,46.59,46.49,46.64,58.49,57.53,52.08,checkpoints/sft_evan_base_dfc2020_s2_fft_lr0.0005_20260418_080316.pt,checkpoints/delulunet_dfc2020_0421_1001.pt
dfc2020,evan_base,s2_rgb,s1,0.000192,0.00353,120,0.322,0.283,0.296,0.5,149882128,latent+prefusion+distill+ce,False,3,cross,3,mIoU,48.76,40.70,40.64,44.90,46.48,40.70,40.64,49.63,46.48,46.69,56.97,55.67,51.06,checkpoints/sft_evan_base_dfc2020_s2_rgb_fft_lr0.0005_20260420_184627.pt,checkpoints/delulunet_dfc2020_0421_1002.pt
dfc2020,evan_base,s2,s1,0.000192,0.00353,120,0.322,0.283,0.296,0.5,151848208,latent+prefusion+distill+ce,False,3,cross,3,mIoU,45.11,42.39,49.79,49.99,50.77,42.39,49.56,49.92,50.77,46.03,57.28,56.55,51.29,checkpoints/sft_evan_base_dfc2020_s2_fft_lr0.0005_20260418_080316.pt,checkpoints/delulunet_dfc2020_0421_1002.pt
dfc2020,evan_base,s2_rgb,s2_norgb,0.000229,0.000788,120,0.467,0.356,0.433,0.5,151454992,latent+prefusion+distill+ce,False,3,cross,3,mIoU,48.76,50.01,47.71,52.51,50.50,50.01,47.71,50.06,50.50,52.88,58.06,55.60,54.17,checkpoints/sft_evan_base_dfc2020_s2_rgb_fft_lr0.0005_20260420_184627.pt,checkpoints/delulunet_dfc2020_0421_1004.pt
dfc2020,evan_base,s1,s2,0.000229,0.000788,120,0.467,0.356,0.433,0.5,151848208,latent+prefusion+distill+ce,False,3,cross,3,mIoU,43.29,46.55,43.96,44.84,47.85,46.55,44.23,45.19,47.85,40.93,48.29,47.06,43.96,checkpoints/sft_evan_base_dfc2020_s1_fft_lr0.0005_20260418_080704.pt,checkpoints/delulunet_dfc2020_0421_1005.pt
dfc2020,evan_base,s2_rgb,s2_norgb,0.000192,0.00353,120,0.322,0.283,0.296,0.5,151454992,latent+prefusion+distill+ce,False,3,cross,3,mIoU,48.76,46.97,46.72,49.72,50.24,49.86,41.15,46.92,50.24,51.64,56.34,55.63,53.43,checkpoints/sft_evan_base_dfc2020_s2_rgb_fft_lr0.0005_20260420_184627.pt,checkpoints/delulunet_dfc2020_0421_1006.pt
dfc2020,evan_base,s2_rgb,s2_norgb,0.000192,0.00353,120,0.322,0.283,0.296,0.5,151454992,latent+prefusion+distill+ce,False,3,cross,3,mIoU,48.76,48.42,46.04,51.89,48.71,48.42,46.04,52.40,48.71,52.44,57.03,55.06,53.36,checkpoints/sft_evan_base_dfc2020_s2_rgb_fft_lr0.0005_20260420_184627.pt,checkpoints/delulunet_dfc2020_0421_1006.pt
dfc2020,evan_base,s2_rgb,s2_norgb,0.000192,0.00353,120,0.322,0.283,0.296,0.5,151454992,latent+prefusion+distill+ce,False,3,cross,3,mIoU,48.76,49.88,45.61,50.87,51.08,48.60,44.81,50.87,51.08,52.53,57.36,55.43,53.76,checkpoints/sft_evan_base_dfc2020_s2_rgb_fft_lr0.0005_20260420_184627.pt,checkpoints/delulunet_dfc2020_0421_1006.pt
dfc2020,evan_base,s2_rgb,s1,0.000192,0.00353,120,0.322,0.283,0.296,0.5,149882128,latent+prefusion+distill+ce,False,3,cross,3,mIoU,48.76,41.99,42.05,47.69,48.50,42.48,42.05,47.69,48.50,46.82,57.89,56.23,51.48,checkpoints/sft_evan_base_dfc2020_s2_rgb_fft_lr0.0005_20260420_184627.pt,checkpoints/delulunet_dfc2020_0421_1007.pt
dfc2020,evan_base,s1,s2_rgb,0.000192,0.00353,120,0.322,0.283,0.296,0.5,149882128,latent+prefusion+distill+ce,False,3,cross,3,mIoU,43.29,29.60,43.69,44.61,40.25,29.01,44.71,44.61,40.25,39.67,48.87,47.14,43.31,checkpoints/sft_evan_base_dfc2020_s1_fft_lr0.0005_20260418_080704.pt,checkpoints/delulunet_dfc2020_0421_1011.pt
dfc2020,evan_base,s1,s2_rgb,0.000192,0.00353,120,0.322,0.283,0.296,0.5,149882128,latent+prefusion+distill+ce,False,3,cross,3,mIoU,43.29,31.69,43.38,44.16,44.42,29.65,43.38,44.16,44.42,39.73,48.00,47.37,43.43,checkpoints/sft_evan_base_dfc2020_s1_fft_lr0.0005_20260418_080704.pt,checkpoints/delulunet_dfc2020_0421_1011.pt
dfc2020,evan_base,s1,s2_rgb,0.000229,0.000788,120,0.467,0.356,0.433,0.5,149882128,latent+prefusion+distill+ce,False,3,cross,3,mIoU,43.29,34.97,43.45,44.14,43.03,31.56,42.38,45.05,43.03,39.81,48.13,47.07,43.29,checkpoints/sft_evan_base_dfc2020_s1_fft_lr0.0005_20260418_080704.pt,checkpoints/delulunet_dfc2020_0421_1011.pt
dfc2020,evan_base,s1,s2_norgb,0.000229,0.000788,120,0.467,0.356,0.433,0.5,151258384,latent+prefusion+distill+ce,False,3,cross,3,mIoU,43.29,46.47,44.32,45.48,47.65,46.47,43.53,45.48,47.65,40.89,48.73,47.03,43.96,checkpoints/sft_evan_base_dfc2020_s1_fft_lr0.0005_20260418_080704.pt,checkpoints/delulunet_dfc2020_0421_1012.pt
dfc2020,evan_base,s1,s2_rgb,0.000192,0.00353,120,0.322,0.283,0.296,0.5,149882128,latent+prefusion+distill+ce,False,3,cross,3,mIoU,43.29,35.00,44.11,44.57,45.39,35.00,43.85,44.73,45.39,40.08,48.10,46.99,43.51,checkpoints/sft_evan_base_dfc2020_s1_fft_lr0.0005_20260418_080704.pt,checkpoints/delulunet_dfc2020_0421_1013.pt
dfc2020,evan_base,s1,s2_norgb,0.000192,0.00353,120,0.322,0.283,0.296,0.5,151258384,latent+prefusion+distill+ce,False,3,cross,3,mIoU,43.29,48.98,43.49,44.74,47.92,48.98,43.10,44.74,47.92,41.00,48.53,47.39,44.19,checkpoints/sft_evan_base_dfc2020_s1_fft_lr0.0005_20260418_080704.pt,checkpoints/delulunet_dfc2020_0421_1013.pt
dfc2020,evan_base,s1,s2,0.000192,0.00353,120,0.322,0.283,0.296,0.5,151848208,latent+prefusion+distill+ce,False,3,cross,3,mIoU,43.29,41.31,42.04,42.98,43.57,41.31,43.60,42.98,43.57,41.02,48.57,47.29,44.15,checkpoints/sft_evan_base_dfc2020_s1_fft_lr0.0005_20260418_080704.pt,checkpoints/delulunet_dfc2020_0421_1014.pt
dfc2020,evan_base,s1,s2,0.000192,0.00353,120,0.322,0.283,0.296,0.5,151848208,latent+prefusion+distill+ce,False,3,cross,3,mIoU,43.29,44.99,44.29,45.09,46.40,44.99,41.23,45.09,46.40,41.10,48.84,47.20,44.15,checkpoints/sft_evan_base_dfc2020_s1_fft_lr0.0005_20260418_080704.pt,checkpoints/delulunet_dfc2020_0421_1014.pt
dfc2020,evan_base,s1,s2,0.000192,0.00353,120,0.322,0.283,0.296,0.5,151848208,latent+prefusion+distill+ce,False,3,cross,3,mIoU,43.29,46.63,43.75,44.61,46.11,46.63,41.77,44.61,46.11,40.54,48.53,46.85,43.69,checkpoints/sft_evan_base_dfc2020_s1_fft_lr0.0005_20260418_080704.pt,checkpoints/delulunet_dfc2020_0421_1014.pt
dfc2020,evan_base,s1,s2_norgb,0.000192,0.00353,120,0.322,0.283,0.296,0.5,151258384,latent+prefusion+distill+ce,False,3,cross,3,mIoU,43.29,44.82,42.36,43.42,45.37,44.82,42.36,43.42,45.37,41.06,48.20,47.57,44.31,checkpoints/sft_evan_base_dfc2020_s1_fft_lr0.0005_20260418_080704.pt,checkpoints/delulunet_dfc2020_0421_1022.pt
dfc2020,evan_base,s1,s2_norgb,0.000192,0.00353,120,0.322,0.283,0.296,0.5,151258384,latent+prefusion+distill+ce,False,3,cross,3,mIoU,43.29,46.03,43.84,44.46,46.26,43.32,43.82,44.22,46.26,40.55,48.12,47.07,43.77,checkpoints/sft_evan_base_dfc2020_s1_fft_lr0.0005_20260418_080704.pt,checkpoints/delulunet_dfc2020_0421_1022.pt
dfc2020,evan_base,s2_rgb,s1,0.00015,0.000102,120,0.716,0.13,0.555,0.5,149882128,latent+prefusion+distill+ce,False,3,cross,3,mIoU,48.76,43.67,41.04,46.33,48.63,44.44,41.04,43.96,48.63,45.51,56.31,54.14,49.52,checkpoints/sft_evan_base_dfc2020_s2_rgb_fft_lr0.0005_20260420_184627.pt,checkpoints/delulunet_dfc2020_0421_1307.pt
dfc2020,evan_base,s2,s1,0.00015,0.000102,120,0.716,0.13,0.555,0.5,151848208,latent+prefusion+distill+ce,False,3,cross,3,mIoU,45.11,40.67,40.79,40.39,44.33,40.67,39.84,39.61,44.33,45.67,57.96,55.65,50.18,checkpoints/sft_evan_base_dfc2020_s2_fft_lr0.0005_20260418_080316.pt,checkpoints/delulunet_dfc2020_0421_1318.pt
dfc2020,evan_base,s2_rgb,s1,0.000229,0.000788,120,0.467,0.356,0.433,0.5,149882128,latent+prefusion+distill+ce,False,3,cross,3,mIoU,48.76,43.78,47.04,52.07,51.30,43.78,47.04,52.07,51.30,46.99,58.29,56.72,51.86,checkpoints/sft_evan_base_dfc2020_s2_rgb_fft_lr0.0005_20260420_184627.pt,checkpoints/delulunet_dfc2020_0421_1319.pt
dfc2020,evan_base,s1,s2_rgb,0.000168,0.00338,120,0.181,0.369,0.669,0.5,149882128,latent+prefusion+distill+ce,False,3,cross,3,mIoU,43.29,29.26,43.56,44.10,37.16,29.26,43.75,44.81,37.16,39.89,49.25,47.33,43.60,checkpoints/sft_evan_base_dfc2020_s1_fft_lr0.0005_20260418_080704.pt,checkpoints/delulunet_dfc2020_0421_1319.pt
dfc2020,evan_base,s2_rgb,s2_norgb,0.000168,0.00338,120,0.181,0.369,0.669,0.5,151454992,latent+prefusion+distill+ce,False,3,cross,3,mIoU,48.76,45.72,45.32,48.56,47.79,45.72,45.32,48.56,47.79,52.28,56.38,55.93,54.10,checkpoints/sft_evan_base_dfc2020_s2_rgb_fft_lr0.0005_20260420_184627.pt,checkpoints/delulunet_dfc2020_0421_1320.pt
dfc2020,evan_base,s2_rgb,s2_norgb,0.000229,0.000788,120,0.467,0.356,0.433,0.5,151454992,latent+prefusion+distill+ce,False,3,cross,3,mIoU,48.76,47.91,50.13,53.11,50.89,47.91,46.48,53.11,50.89,52.67,56.68,55.90,54.28,checkpoints/sft_evan_base_dfc2020_s2_rgb_fft_lr0.0005_20260420_184627.pt,checkpoints/delulunet_dfc2020_0421_1322.pt
dfc2020,evan_base,s2_rgb,s1,0.000192,0.00353,120,0.322,0.283,0.296,0.5,149882128,latent+prefusion+distill+ce,False,3,cross,3,mIoU,48.76,41.47,47.82,51.77,51.07,41.47,47.82,51.50,51.07,47.02,57.53,56.11,51.23,checkpoints/sft_evan_base_dfc2020_s2_rgb_fft_lr0.0005_20260420_184627.pt,checkpoints/delulunet_dfc2020_0421_1324.pt
dfc2020,evan_base,s1,s2_rgb,0.00015,0.000102,120,0.716,0.13,0.555,0.5,149882128,latent+prefusion+distill+ce,False,3,cross,3,mIoU,43.29,29.88,43.29,43.90,43.48,29.85,41.82,43.90,43.48,39.11,48.42,44.36,41.73,checkpoints/sft_evan_base_dfc2020_s1_fft_lr0.0005_20260418_080704.pt,checkpoints/delulunet_dfc2020_0421_1326.pt
dfc2020,evan_base,s2_rgb,s2_norgb,0.000192,0.00353,120,0.322,0.283,0.296,0.5,151454992,latent+prefusion+distill+ce,False,3,cross,3,mIoU,48.76,48.89,44.32,51.49,47.84,48.89,44.32,50.73,47.84,52.79,57.45,55.28,54.01,checkpoints/sft_evan_base_dfc2020_s2_rgb_fft_lr0.0005_20260420_184627.pt,checkpoints/delulunet_dfc2020_0421_1327.pt
dfc2020,evan_base,s1,s2_rgb,0.000229,0.000788,120,0.467,0.356,0.433,0.5,149882128,latent+prefusion+distill+ce,False,3,cross,3,mIoU,43.29,34.29,43.76,44.80,44.31,29.79,42.53,45.36,44.31,39.72,48.86,47.04,43.15,checkpoints/sft_evan_base_dfc2020_s1_fft_lr0.0005_20260418_080704.pt,checkpoints/delulunet_dfc2020_0421_1328.pt
dfc2020,evan_base,s2_rgb,s2_norgb,0.00015,0.000102,120,0.716,0.13,0.555,0.5,151454992,latent+prefusion+distill+ce,False,3,cross,3,mIoU,48.76,49.22,42.10,48.85,46.65,49.22,43.67,49.09,46.65,51.37,56.72,54.44,52.89,checkpoints/sft_evan_base_dfc2020_s2_rgb_fft_lr0.0005_20260420_184627.pt,checkpoints/delulunet_dfc2020_0421_1329.pt
dfc2020,evan_base,s2,s1,0.000192,0.00353,120,0.322,0.283,0.296,0.5,151848208,latent+prefusion+distill+ce,False,3,cross,3,mIoU,45.11,43.29,43.33,42.91,48.52,44.06,45.63,42.91,48.52,46.95,58.59,57.36,52.05,checkpoints/sft_evan_base_dfc2020_s2_fft_lr0.0005_20260418_080316.pt,checkpoints/delulunet_dfc2020_0421_1329.pt
dfc2020,evan_base,s1,s2_rgb,0.000192,0.00353,120,0.322,0.283,0.296,0.5,149882128,latent+prefusion+distill+ce,False,3,cross,3,mIoU,43.29,28.14,43.60,44.21,41.29,28.14,42.22,44.21,41.29,39.90,49.12,47.14,43.52,checkpoints/sft_evan_base_dfc2020_s1_fft_lr0.0005_20260418_080704.pt,checkpoints/delulunet_dfc2020_0421_1330.pt
dfc2020,evan_base,s1,s2_norgb,0.000192,0.00353,120,0.322,0.283,0.296,0.5,151258384,latent+prefusion+distill+ce,False,3,cross,3,mIoU,43.29,40.73,43.53,44.34,45.12,44.30,42.07,44.34,45.12,40.68,49.16,47.36,43.99,checkpoints/sft_evan_base_dfc2020_s1_fft_lr0.0005_20260418_080704.pt,checkpoints/delulunet_dfc2020_0421_1332.pt
dfc2020,evan_base,s1,s2,0.000229,0.000788,120,0.467,0.356,0.433,0.5,151848208,latent+prefusion+distill+ce,False,3,cross,3,mIoU,43.29,48.25,43.86,44.37,47.43,48.25,42.50,44.37,47.43,40.79,48.21,47.42,44.10,checkpoints/sft_evan_base_dfc2020_s1_fft_lr0.0005_20260418_080704.pt,checkpoints/delulunet_dfc2020_0421_1332.pt
dfc2020,evan_base,s1,s2_norgb,0.000168,0.00338,120,0.181,0.369,0.669,0.5,151258384,latent+prefusion+distill+ce,False,3,cross,3,mIoU,43.29,34.34,43.06,43.54,43.13,34.34,43.57,42.75,43.13,40.97,48.47,47.36,44.14,checkpoints/sft_evan_base_dfc2020_s1_fft_lr0.0005_20260418_080704.pt,checkpoints/delulunet_dfc2020_0421_1338.pt
dfc2020,evan_base,s1,s2_norgb,0.000229,0.000788,120,0.467,0.356,0.433,0.5,151258384,latent+prefusion+distill+ce,False,3,cross,3,mIoU,43.29,43.71,43.87,44.51,45.26,43.71,43.98,44.51,45.26,40.71,48.88,47.51,44.11,checkpoints/sft_evan_base_dfc2020_s1_fft_lr0.0005_20260418_080704.pt,checkpoints/delulunet_dfc2020_0421_1341.pt
dfc2020,evan_base,s1,s2_norgb,0.00015,0.000102,120,0.716,0.13,0.555,0.5,151258384,latent+prefusion+distill+ce,False,3,cross,3,mIoU,43.29,40.71,43.49,46.72,45.52,40.71,39.90,46.72,45.52,40.05,48.07,43.89,41.97,checkpoints/sft_evan_base_dfc2020_s1_fft_lr0.0005_20260418_080704.pt,checkpoints/delulunet_dfc2020_0421_1358.pt
dfc2020,evan_base,s2,s1,0.000229,0.000788,120,0.467,0.356,0.433,0.5,151848208,latent+prefusion+distill+ce,False,3,cross,3,mIoU,45.11,42.26,39.04,39.13,46.47,42.26,39.04,49.95,46.47,46.85,57.96,57.36,52.06,checkpoints/sft_evan_base_dfc2020_s2_fft_lr0.0005_20260418_080316.pt,checkpoints/delulunet_dfc2020_0421_1402.pt
dfc2020,evan_base,s1,s2,0.000168,0.00338,120,0.181,0.369,0.669,0.5,151848208,latent+prefusion+distill+ce,False,3,cross,3,mIoU,43.29,37.91,43.57,44.26,44.70,37.91,43.18,44.26,44.70,41.39,48.68,47.61,44.50,checkpoints/sft_evan_base_dfc2020_s1_fft_lr0.0005_20260418_080704.pt,checkpoints/delulunet_dfc2020_0421_1406.pt
dfc2020,evan_base,s1,s2,0.00015,0.000102,120,0.716,0.13,0.555,0.5,151848208,latent+prefusion+distill+ce,False,3,cross,3,mIoU,43.29,48.67,42.90,46.31,47.58,48.67,42.70,46.31,47.58,40.53,48.24,44.00,42.27,checkpoints/sft_evan_base_dfc2020_s1_fft_lr0.0005_20260418_080704.pt,checkpoints/delulunet_dfc2020_0421_1407.pt
dfc2020,evan_base,s2,s1,0.000168,0.00338,120,0.181,0.369,0.669,0.5,151848208,latent+prefusion+distill+ce,False,3,cross,3,mIoU,45.11,42.27,50.29,50.67,49.85,42.27,50.29,48.80,49.85,46.27,58.11,57.05,51.64,checkpoints/sft_evan_base_dfc2020_s2_fft_lr0.0005_20260418_080316.pt,checkpoints/delulunet_dfc2020_0421_1408.pt
dfc2020,evan_base,s2_rgb,s1,0.000168,0.00338,120,0.181,0.369,0.669,0.5,149882128,latent+prefusion+distill+ce,False,3,cross,3,mIoU,48.76,39.63,49.51,50.12,50.47,43.37,44.96,51.95,50.47,46.03,56.91,56.33,50.51,checkpoints/sft_evan_base_dfc2020_s2_rgb_fft_lr0.0005_20260420_184627.pt,checkpoints/delulunet_dfc2020_0421_1440.pt
dfc2020,evan_large,s2,s1,0.000229,0.000788,120,0.467,0.356,0.433,0.5,419703824,latent+prefusion+distill+ce,False,3,cross,3,mIoU,51.57,46.32,53.45,53.64,51.61,47.69,53.45,53.64,51.61,48.73,57.05,56.28,52.49,checkpoints/sft_evan_large_dfc2020_s2_fft_lr0.001_20260418_072806.pt,checkpoints/delulunet_dfc2020_0421_1457.pt
dfc2020,evan_large,s2,s1,0.000192,0.00353,120,0.322,0.283,0.296,0.5,419703824,latent+prefusion+distill+ce,False,3,cross,3,mIoU,51.57,45.04,51.99,52.65,50.93,46.21,49.60,52.65,50.93,48.12,57.35,56.02,51.48,checkpoints/sft_evan_large_dfc2020_s2_fft_lr0.001_20260418_072806.pt,checkpoints/delulunet_dfc2020_0421_1502.pt
dfc2020,evan_large,s2,s1,0.000192,0.00353,120,0.322,0.283,0.296,0.5,419703824,latent+prefusion+distill+ce,False,3,cross,3,mIoU,51.57,44.78,52.53,53.00,50.73,44.78,51.80,52.31,50.73,47.57,57.08,56.35,51.70,checkpoints/sft_evan_large_dfc2020_s2_fft_lr0.001_20260418_072806.pt,checkpoints/delulunet_dfc2020_0421_1506.pt
dfc2020,evan_base,s1,s2,0.000192,0.00353,120,0.322,0.283,0.296,0.5,151848208,latent+prefusion+distill+ce,False,3,cross,3,mIoU,43.29,39.75,42.19,43.06,44.87,39.75,40.24,43.06,44.87,40.72,48.66,47.15,43.93,checkpoints/sft_evan_base_dfc2020_s1_fft_lr0.0005_20260418_080704.pt,checkpoints/delulunet_dfc2020_0421_1512.pt
dfc2020,evan_large,s2,s1,0.000192,0.00353,120,0.322,0.283,0.296,0.5,419703824,latent+prefusion+distill+ce,False,3,cross,3,mIoU,51.57,46.15,52.33,53.85,52.70,46.15,52.33,52.18,52.70,47.44,56.88,55.28,50.67,checkpoints/sft_evan_large_dfc2020_s2_fft_lr0.001_20260418_072806.pt,checkpoints/delulunet_dfc2020_0421_1513.pt
dfc2020,evan_large,s2_rgb,s1,0.000229,0.000788,120,0.467,0.356,0.433,0.5,417082384,latent+prefusion+distill+ce,False,3,cross,3,mIoU,43.62,47.87,49.52,51.13,52.28,47.87,47.70,51.13,52.28,49.34,57.14,56.31,52.82,checkpoints/sft_evan_large_dfc2020_s2_rgb_fft_lr0.0005_20260418_075014.pt,checkpoints/delulunet_dfc2020_0421_1635.pt
dfc2020,evan_large,s2_rgb,s1,0.000192,0.00353,120,0.322,0.283,0.296,0.5,417082384,latent+prefusion+distill+ce,False,3,cross,3,mIoU,43.62,44.80,48.07,49.71,51.14,45.96,48.07,49.71,51.14,48.73,57.37,56.63,52.56,checkpoints/sft_evan_large_dfc2020_s2_rgb_fft_lr0.0005_20260418_075014.pt,checkpoints/delulunet_dfc2020_0421_1640.pt
dfc2020,evan_large,s1,s2_rgb,0.000229,0.000788,120,0.467,0.356,0.433,0.5,417082384,latent+prefusion+distill+ce,False,3,cross,3,mIoU,44.03,43.34,46.38,48.04,48.21,43.34,46.27,48.04,48.21,43.13,50.69,48.63,45.88,checkpoints/sft_evan_large_dfc2020_s1_fft_lr0.001_20260418_073032.pt,checkpoints/delulunet_dfc2020_0421_1644.pt
dfc2020,evan_large,s1,s2_rgb,0.000192,0.00353,120,0.322,0.283,0.296,0.5,417082384,latent+prefusion+distill+ce,False,3,cross,3,mIoU,44.03,43.18,45.17,46.77,48.01,44.15,46.36,46.77,48.01,42.91,50.90,49.29,45.64,checkpoints/sft_evan_large_dfc2020_s1_fft_lr0.001_20260418_073032.pt,checkpoints/delulunet_dfc2020_0421_1649.pt
dfc2020,evan_large,s2_rgb,s1,0.000192,0.00353,120,0.322,0.283,0.296,0.5,417082384,latent+prefusion+distill+ce,False,3,cross,3,mIoU,43.62,45.86,45.59,47.99,51.10,46.57,47.04,47.99,51.10,49.47,58.26,56.24,52.70,checkpoints/sft_evan_large_dfc2020_s2_rgb_fft_lr0.0005_20260418_075014.pt,checkpoints/delulunet_dfc2020_0421_1650.pt
dfc2020,evan_large,s1,s2,0.000192,0.00353,120,0.322,0.283,0.296,0.5,419703824,latent+prefusion+distill+ce,False,3,cross,3,mIoU,44.03,48.08,46.49,48.18,49.74,47.18,45.55,48.49,49.74,42.84,50.41,48.14,45.34,checkpoints/sft_evan_large_dfc2020_s1_fft_lr0.001_20260418_073032.pt,checkpoints/delulunet_dfc2020_0421_1652.pt
dfc2020,evan_large,s1,s2,0.000229,0.000788,120,0.467,0.356,0.433,0.5,419703824,latent+prefusion+distill+ce,False,3,cross,3,mIoU,44.03,45.91,45.38,48.34,48.84,46.79,46.16,48.12,48.84,43.49,50.76,48.09,45.56,checkpoints/sft_evan_large_dfc2020_s1_fft_lr0.001_20260418_073032.pt,checkpoints/delulunet_dfc2020_0421_1652.pt
dfc2020,evan_large,s1,s2,0.000192,0.00353,120,0.322,0.283,0.296,0.5,419703824,latent+prefusion+distill+ce,False,3,cross,3,mIoU,44.03,46.53,44.95,46.39,48.72,48.18,46.46,48.38,48.72,43.26,50.90,48.36,45.41,checkpoints/sft_evan_large_dfc2020_s1_fft_lr0.001_20260418_073032.pt,checkpoints/delulunet_dfc2020_0421_1654.pt
dfc2020,evan_large,s1,s2_norgb,0.000229,0.000788,120,0.467,0.356,0.433,0.5,418917392,latent+prefusion+distill+ce,False,3,cross,3,mIoU,44.03,47.61,45.63,47.38,49.86,46.63,46.31,47.38,49.86,43.32,50.53,48.07,45.47,checkpoints/sft_evan_large_dfc2020_s1_fft_lr0.001_20260418_073032.pt,checkpoints/delulunet_dfc2020_0421_1655.pt
dfc2020,evan_large,s1,s2_rgb,0.000192,0.00353,120,0.322,0.283,0.296,0.5,417082384,latent+prefusion+distill+ce,False,3,cross,3,mIoU,44.03,37.61,47.26,48.32,44.91,40.47,46.66,47.84,44.91,42.33,50.37,48.43,45.19,checkpoints/sft_evan_large_dfc2020_s1_fft_lr0.001_20260418_073032.pt,checkpoints/delulunet_dfc2020_0421_1655.pt
dfc2020,evan_large,s2_rgb,s2_norgb,0.000192,0.00353,120,0.322,0.283,0.296,0.5,419179536,latent+prefusion+distill+ce,False,3,cross,3,mIoU,43.62,51.40,45.23,48.61,49.63,51.40,48.28,48.61,49.63,53.87,57.20,56.27,55.07,checkpoints/sft_evan_large_dfc2020_s2_rgb_fft_lr0.0005_20260418_075014.pt,checkpoints/delulunet_dfc2020_0421_1657.pt
dfc2020,evan_large,s1,s2,0.000192,0.00353,120,0.322,0.283,0.296,0.5,419703824,latent+prefusion+distill+ce,False,3,cross,3,mIoU,44.03,47.71,45.10,47.40,49.87,47.56,44.80,47.40,49.87,43.43,50.62,48.46,45.73,checkpoints/sft_evan_large_dfc2020_s1_fft_lr0.001_20260418_073032.pt,checkpoints/delulunet_dfc2020_0421_1659.pt
dfc2020,evan_large,s2_rgb,s2_norgb,0.000192,0.00353,120,0.322,0.283,0.296,0.5,419179536,latent+prefusion+distill+ce,False,3,cross,3,mIoU,43.62,51.98,46.44,50.12,50.79,51.98,46.40,49.24,50.79,53.11,56.90,56.05,54.34,checkpoints/sft_evan_large_dfc2020_s2_rgb_fft_lr0.0005_20260418_075014.pt,checkpoints/delulunet_dfc2020_0421_1702.pt
dfc2020,evan_large,s2_rgb,s2_norgb,0.000229,0.000788,120,0.467,0.356,0.433,0.5,419179536,latent+prefusion+distill+ce,False,3,cross,3,mIoU,43.62,52.55,51.15,52.13,52.35,52.55,51.15,52.13,52.35,54.23,56.96,56.20,55.21,checkpoints/sft_evan_large_dfc2020_s2_rgb_fft_lr0.0005_20260418_075014.pt,checkpoints/delulunet_dfc2020_0421_1702.pt
dfc2020,evan_large,s1,s2_rgb,0.000192,0.00353,120,0.322,0.283,0.296,0.5,417082384,latent+prefusion+distill+ce,False,3,cross,3,mIoU,44.03,41.89,45.93,47.15,47.75,42.51,45.55,47.15,47.75,42.69,50.89,48.85,45.52,checkpoints/sft_evan_large_dfc2020_s1_fft_lr0.001_20260418_073032.pt,checkpoints/delulunet_dfc2020_0421_1702.pt
dfc2020,evan_large,s2_rgb,s2_norgb,0.000192,0.00353,120,0.322,0.283,0.296,0.5,419179536,latent+prefusion+distill+ce,False,3,cross,3,mIoU,43.62,52.00,46.11,49.67,50.98,52.00,44.22,51.99,50.98,53.84,57.83,56.49,55.11,checkpoints/sft_evan_large_dfc2020_s2_rgb_fft_lr0.0005_20260418_075014.pt,checkpoints/delulunet_dfc2020_0421_1705.pt
dfc2020,evan_large,s2_rgb,s1,0.000192,0.00353,120,0.322,0.283,0.296,0.5,417082384,latent+prefusion+distill+ce,False,3,cross,3,mIoU,43.62,46.22,48.38,50.40,51.06,46.22,48.24,49.49,51.06,48.57,56.63,56.06,52.20,checkpoints/sft_evan_large_dfc2020_s2_rgb_fft_lr0.0005_20260418_075014.pt,checkpoints/delulunet_dfc2020_0421_1709.pt
dfc2020,evan_large,s1,s2_norgb,0.000192,0.00353,120,0.322,0.283,0.296,0.5,418917392,latent+prefusion+distill+ce,False,3,cross,3,mIoU,44.03,48.08,43.80,46.29,49.32,49.18,44.49,46.29,49.32,43.23,50.61,48.70,45.61,checkpoints/sft_evan_large_dfc2020_s1_fft_lr0.001_20260418_073032.pt,checkpoints/delulunet_dfc2020_0421_1717.pt
dfc2020,evan_large,s1,s2_norgb,0.000192,0.00353,120,0.322,0.283,0.296,0.5,418917392,latent+prefusion+distill+ce,False,3,cross,3,mIoU,44.03,46.81,44.02,46.33,48.61,47.81,46.17,48.30,48.61,42.96,50.51,47.76,45.01,checkpoints/sft_evan_large_dfc2020_s1_fft_lr0.001_20260418_073032.pt,checkpoints/delulunet_dfc2020_0421_1720.pt
dfc2020,evan_large,s1,s2_norgb,0.000192,0.00353,120,0.322,0.283,0.296,0.5,418917392,latent+prefusion+distill+ce,False,3,cross,3,mIoU,44.03,46.39,45.44,46.68,48.90,49.00,45.97,46.68,48.90,43.18,50.36,48.88,45.92,checkpoints/sft_evan_large_dfc2020_s1_fft_lr0.001_20260418_073032.pt,checkpoints/delulunet_dfc2020_0421_1720.pt
dfc2020,evan_large,s2,s1,0.000168,0.00338,120,0.181,0.369,0.669,0.5,419703824,latent+prefusion+distill+ce,False,3,cross,3,mIoU,51.57,45.42,52.25,52.75,50.90,45.42,52.95,53.45,50.90,47.60,56.73,56.14,51.61,checkpoints/sft_evan_large_dfc2020_s2_fft_lr0.001_20260418_072806.pt,checkpoints/delulunet_dfc2020_0421_2257.pt
dfc2020,evan_large,s2,s1,0.00015,0.000102,120,0.716,0.13,0.555,0.5,419703824,latent+prefusion+distill+ce,False,3,cross,3,mIoU,51.57,44.61,51.45,52.58,50.44,47.91,54.04,51.87,50.44,47.57,57.39,55.97,51.35,checkpoints/sft_evan_large_dfc2020_s2_fft_lr0.001_20260418_072806.pt,checkpoints/delulunet_dfc2020_0421_2322.pt
dfc2020,evan_large,s2,s1,0.000229,0.000788,120,0.467,0.356,0.433,0.5,419703824,latent+prefusion+distill+ce,False,3,cross,3,mIoU,51.57,46.81,45.36,47.43,49.81,46.81,47.18,48.24,49.81,49.68,57.39,56.48,52.79,checkpoints/sft_evan_large_dfc2020_s2_fft_lr0.001_20260418_072806.pt,checkpoints/delulunet_dfc2020_0421_2340.pt
dfc2020,evan_large,s2_rgb,s1,0.000168,0.00338,120,0.181,0.369,0.669,0.5,417082384,latent+prefusion+distill+ce,False,3,cross,3,mIoU,43.62,42.19,50.44,50.92,51.69,46.69,50.44,50.92,51.69,48.63,57.12,56.73,52.37,checkpoints/sft_evan_large_dfc2020_s2_rgb_fft_lr0.0005_20260418_075014.pt,checkpoints/delulunet_dfc2020_0422_0017.pt
dfc2020,evan_large,s1,s2,0.000168,0.00338,120,0.181,0.369,0.669,0.5,419703824,latent+prefusion+distill+ce,False,3,cross,3,mIoU,44.03,47.83,46.83,47.38,50.08,47.43,46.52,47.38,50.08,42.69,50.62,49.08,45.79,checkpoints/sft_evan_large_dfc2020_s1_fft_lr0.001_20260418_073032.pt,checkpoints/delulunet_dfc2020_0422_0034.pt
dfc2020,evan_large,s1,s2_rgb,0.00015,0.000102,120,0.716,0.13,0.555,0.5,417082384,latent+prefusion+distill+ce,False,3,cross,3,mIoU,44.03,37.17,46.08,48.41,46.78,37.17,45.85,48.67,46.78,43.01,51.28,47.85,45.43,checkpoints/sft_evan_large_dfc2020_s1_fft_lr0.001_20260418_073032.pt,checkpoints/delulunet_dfc2020_0422_0037.pt
dfc2020,evan_large,s2,s1,0.000192,0.00353,120,0.322,0.283,0.296,0.5,419703824,latent+prefusion+distill+ce,False,3,cross,3,mIoU,51.57,43.81,53.31,53.64,51.13,46.49,51.52,53.64,51.13,47.80,57.09,56.03,51.76,checkpoints/sft_evan_large_dfc2020_s2_fft_lr0.001_20260418_072806.pt,checkpoints/delulunet_dfc2020_0422_0043.pt
dfc2020,evan_large,s1,s2_rgb,0.000192,0.00353,120,0.322,0.283,0.296,0.5,417082384,latent+prefusion+distill+ce,False,3,cross,3,mIoU,44.03,41.13,45.66,47.97,46.45,41.13,45.66,46.88,46.45,42.66,50.56,48.18,45.18,checkpoints/sft_evan_large_dfc2020_s1_fft_lr0.001_20260418_073032.pt,checkpoints/delulunet_dfc2020_0422_0044.pt
dfc2020,evan_large,s1,s2,0.00015,0.000102,120,0.716,0.13,0.555,0.5,419703824,latent+prefusion+distill+ce,False,3,cross,3,mIoU,44.03,48.89,45.47,48.52,48.22,47.83,45.47,48.45,48.22,43.24,50.64,47.22,45.21,checkpoints/sft_evan_large_dfc2020_s1_fft_lr0.001_20260418_073032.pt,checkpoints/delulunet_dfc2020_0422_0048.pt
dfc2020,evan_large,s2_rgb,s1,0.00015,0.000102,120,0.716,0.13,0.555,0.5,417082384,latent+prefusion+distill+ce,False,3,cross,3,mIoU,43.62,44.82,40.83,46.85,47.61,44.82,40.83,46.85,47.61,50.01,59.71,57.69,53.85,checkpoints/sft_evan_large_dfc2020_s2_rgb_fft_lr0.0005_20260418_075014.pt,checkpoints/delulunet_dfc2020_0422_0049.pt
dfc2020,evan_large,s1,s2_rgb,0.000229,0.000788,120,0.467,0.356,0.433,0.5,417082384,latent+prefusion+distill+ce,False,3,cross,3,mIoU,44.03,42.86,45.64,47.55,47.67,43.26,45.71,47.55,47.67,43.08,50.97,48.58,45.78,checkpoints/sft_evan_large_dfc2020_s1_fft_lr0.001_20260418_073032.pt,checkpoints/delulunet_dfc2020_0422_0050.pt
dfc2020,evan_large,s2_rgb,s2_norgb,0.000168,0.00338,120,0.181,0.369,0.669,0.5,419179536,latent+prefusion+distill+ce,False,3,cross,3,mIoU,43.62,51.96,46.50,47.99,51.18,51.96,42.57,47.86,51.18,53.57,56.63,56.06,54.75,checkpoints/sft_evan_large_dfc2020_s2_rgb_fft_lr0.0005_20260418_075014.pt,checkpoints/delulunet_dfc2020_0422_0052.pt
dfc2020,evan_large,s1,s2_rgb,0.000168,0.00338,120,0.181,0.369,0.669,0.5,417082384,latent+prefusion+distill+ce,False,3,cross,3,mIoU,44.03,38.91,46.88,47.22,45.16,42.92,45.51,47.22,45.16,41.98,50.47,49.32,45.64,checkpoints/sft_evan_large_dfc2020_s1_fft_lr0.001_20260418_073032.pt,checkpoints/delulunet_dfc2020_0422_0053.pt
dfc2020,evan_large,s2_rgb,s2_norgb,0.000229,0.000788,120,0.467,0.356,0.433,0.5,419179536,latent+prefusion+distill+ce,False,3,cross,3,mIoU,43.62,52.16,51.02,51.84,51.93,52.16,50.21,52.02,51.93,54.39,57.02,56.08,55.08,checkpoints/sft_evan_large_dfc2020_s2_rgb_fft_lr0.0005_20260418_075014.pt,checkpoints/delulunet_dfc2020_0422_0055.pt
dfc2020,evan_large,s1,s2,0.000229,0.000788,120,0.467,0.356,0.433,0.5,419703824,latent+prefusion+distill+ce,False,3,cross,3,mIoU,44.03,45.95,47.08,48.88,49.26,46.37,46.13,48.21,49.26,43.41,50.67,48.01,45.51,checkpoints/sft_evan_large_dfc2020_s1_fft_lr0.001_20260418_073032.pt,checkpoints/delulunet_dfc2020_0422_0058.pt
dfc2020,evan_large,s1,s2_norgb,0.000168,0.00338,120,0.181,0.369,0.669,0.5,418917392,latent+prefusion+distill+ce,False,3,cross,3,mIoU,44.03,47.68,46.59,47.45,50.18,47.68,45.68,47.45,50.18,42.68,50.21,49.02,45.85,checkpoints/sft_evan_large_dfc2020_s1_fft_lr0.001_20260418_073032.pt,checkpoints/delulunet_dfc2020_0422_0101.pt
dfc2020,evan_large,s1,s2_norgb,0.000192,0.00353,120,0.322,0.283,0.296,0.5,418917392,latent+prefusion+distill+ce,False,3,cross,3,mIoU,44.03,45.07,46.64,47.77,49.21,47.40,46.10,47.64,49.21,42.96,50.47,48.54,45.46,checkpoints/sft_evan_large_dfc2020_s1_fft_lr0.001_20260418_073032.pt,checkpoints/delulunet_dfc2020_0422_0107.pt
dfc2020,evan_large,s2_rgb,s2_norgb,0.00015,0.000102,120,0.716,0.13,0.555,0.5,419179536,latent+prefusion+distill+ce,False,3,cross,3,mIoU,43.62,49.53,44.60,48.88,47.99,50.82,44.76,50.02,47.99,53.55,57.56,56.21,54.41,checkpoints/sft_evan_large_dfc2020_s2_rgb_fft_lr0.0005_20260418_075014.pt,checkpoints/delulunet_dfc2020_0422_0110.pt
dfc2020,evan_large,s1,s2_norgb,0.000229,0.000788,120,0.467,0.356,0.433,0.5,418917392,latent+prefusion+distill+ce,False,3,cross,3,mIoU,44.03,48.55,46.78,48.51,50.00,48.55,47.01,48.51,50.00,43.68,50.70,48.47,46.08,checkpoints/sft_evan_large_dfc2020_s1_fft_lr0.001_20260418_073032.pt,checkpoints/delulunet_dfc2020_0422_0118.pt
dfc2020,evan_large,s2_rgb,s1,0.000229,0.000788,120,0.467,0.356,0.433,0.5,417082384,latent+prefusion+distill+ce,False,3,cross,3,mIoU,43.62,46.15,48.38,49.99,51.53,47.20,46.91,49.99,51.53,49.46,57.05,56.49,52.88,checkpoints/sft_evan_large_dfc2020_s2_rgb_fft_lr0.0005_20260418_075014.pt,checkpoints/delulunet_dfc2020_0422_0118.pt
dfc2020,evan_large,s2_rgb,s2_norgb,0.000192,0.00353,120,0.322,0.283,0.296,0.5,419179536,latent+prefusion+distill+ce,False,3,cross,3,mIoU,43.62,53.14,44.79,50.82,50.83,53.14,44.79,50.82,50.83,53.88,58.68,56.29,55.08,checkpoints/sft_evan_large_dfc2020_s2_rgb_fft_lr0.0005_20260418_075014.pt,checkpoints/delulunet_dfc2020_0422_0121.pt
dfc2020,evan_large,s1,s2,0.000192,0.00353,120,0.322,0.283,0.296,0.5,419703824,latent+prefusion+distill+ce,False,3,cross,3,mIoU,44.03,45.08,46.74,48.41,48.95,47.89,46.59,48.41,48.95,43.04,50.59,48.34,45.31,checkpoints/sft_evan_large_dfc2020_s1_fft_lr0.001_20260418_073032.pt,checkpoints/delulunet_dfc2020_0422_0122.pt
dfc2020,evan_large,s1,s2_norgb,0.00015,0.000102,120,0.716,0.13,0.555,0.5,418917392,latent+prefusion+distill+ce,False,3,cross,3,mIoU,44.03,39.81,43.82,46.60,45.95,39.81,45.47,46.60,45.95,42.77,50.07,46.89,44.83,checkpoints/sft_evan_large_dfc2020_s1_fft_lr0.001_20260418_073032.pt,checkpoints/delulunet_dfc2020_0422_0130.pt
dfc2020,evan_large,s2_rgb,s1,0.000192,0.00353,120,0.322,0.283,0.296,0.5,417082384,latent+prefusion+distill+ce,False,3,cross,3,mIoU,43.62,44.97,49.55,50.91,51.14,46.34,41.99,47.81,51.14,48.74,57.59,56.67,52.17,checkpoints/sft_evan_large_dfc2020_s2_rgb_fft_lr0.0005_20260418_075014.pt,checkpoints/delulunet_dfc2020_0422_0208.pt
