wandb_run_id,wandb_project,dataset,starting_modality,new_modality,teacher_test_metric,lr,asym_lr,weight_decay,epochs,modality_dropout,labeled_frequency,labeled_start_fraction,protect_lrm,use_mask_token,latent_masked_only,lambda_latent,lambda_prefusion,lambda_distill,mae_mask_ratio,trainable_params,active_losses,select_by,val_transfer,test_transfer,val_peeking,test_peeking,val_addition,test_addition,val_ens_addition,test_ens_addition,stage0_checkpoint
td52gog3,delulu-apr21,dfc2020,s2_rgb,s2_norgb,48.76,0.00046,,0.0025,100,0.44,0.14,0.0,False,False,True,0.13,0.37,0.73,,144367120,latent+prefusion+distill+ce,,91.23,45.41,56.30,40.09,91.33,46.13,91.28,42.53,checkpoints/sft_evan_base_dfc2020_s2_rgb_fft_lr0.0005_20260420_184627.pt
34gmh8si,delulu-apr21,dfc2020,s2_rgb,s2_norgb,48.76,0.00046,,0.0025,100,0.44,0.14,0.0,False,False,True,0.13,0.37,0.73,,144367120,latent+prefusion+distill+ce,,91.04,46.23,56.67,38.65,91.10,47.56,91.07,42.91,checkpoints/sft_evan_base_dfc2020_s2_rgb_fft_lr0.0005_20260420_184627.pt
mb27dx33,delulu-apr21,dfc2020,s2_rgb,s2_norgb,48.76,0.00046,,0.0025,100,0.44,0.14,0.0,False,False,True,0.13,0.37,0.73,,144367120,latent+prefusion+distill+ce,,91.25,48.25,55.77,40.63,91.33,50.47,91.28,43.41,checkpoints/sft_evan_base_dfc2020_s2_rgb_fft_lr0.0005_20260420_184627.pt
o5r7fefn,delulu-apr21,dfc2020,s2_rgb,s2_norgb,48.76,0.00046,,0.0025,100,0.44,0.14,0.0,False,False,True,0.13,0.37,0.73,,144367120,latent+prefusion+distill+ce,,91.17,47.49,57.74,42.81,91.22,46.95,91.19,44.44,checkpoints/sft_evan_base_dfc2020_s2_rgb_fft_lr0.0005_20260420_184627.pt
wjs9hl4n,delulu-apr21,dfc2020,s2_rgb,s2_norgb,48.76,0.00046,,0.0025,100,0.44,0.14,0.0,False,False,True,0.13,0.37,0.73,,144367120,latent+prefusion+distill+ce,,91.21,46.91,57.83,39.01,91.34,49.02,91.26,43.10,checkpoints/sft_evan_base_dfc2020_s2_rgb_fft_lr0.0005_20260420_184627.pt
9ot9z384,delulu-apr21,dfc2020,s2_rgb,s2_norgb,48.76,0.00046,,0.0025,100,0.44,0.14,0.0,False,False,True,0.13,0.37,0.73,,144367120,latent+prefusion+distill+ce,,91.22,46.64,57.04,42.08,91.19,47.64,91.20,43.85,checkpoints/sft_evan_base_dfc2020_s2_rgb_fft_lr0.0005_20260420_184627.pt
wwjbc0cl,delulu-apr21,dfc2020,s2_rgb,s2_norgb,48.76,0.00046,,0.0025,100,0.44,0.14,0.0,False,False,True,0.13,0.37,0.73,,144367120,latent+prefusion+distill+ce,,91.13,47.24,56.98,46.12,91.24,48.46,91.16,46.06,checkpoints/sft_evan_base_dfc2020_s2_rgb_fft_lr0.0005_20260420_184627.pt
7pshrwqp,delulu-apr21,dfc2020,s2_rgb,s2_norgb,48.76,0.00046,,0.0025,100,0.44,0.14,0.0,False,False,True,0.13,0.37,0.73,,144367120,latent+prefusion+distill+ce,,91.17,47.18,56.82,42.07,91.41,50.60,91.28,45.52,checkpoints/sft_evan_base_dfc2020_s2_rgb_fft_lr0.0005_20260420_184627.pt
y9bb3bhv,delulu-apr21,dfc2020,s2_rgb,s1,48.76,0.0003462018119882,,0.0006372365825795,100,0.2703635520334056,0.1870244171271878,0.0,False,False,True,0.2022943212095746,0.2826924859321525,0.7323736859538801,0.270463054923754,142794256,latent+prefusion+distill+ce,transfer,83.59,46.98,57.04,43.40,93.19,46.73,88.36,50.84,checkpoints/sft_evan_base_dfc2020_s2_rgb_fft_lr0.0005_20260420_184627.pt
p2sqjbr4,delulu-apr21,dfc2020,s2_rgb,s1,48.76,0.0007603670485331134,,0.003191312427861267,100,0.4108021548500306,0.17415917520891178,0.0,False,False,True,0.13263825600017404,0.8989186464658414,0.42251451066485746,0.5347535526975333,142794256,latent+prefusion+distill+ce,addition,84.22,44.37,57.37,40.47,91.19,50.40,87.70,45.38,checkpoints/sft_evan_base_dfc2020_s2_rgb_fft_lr0.0005_20260420_184627.pt
e9nus3yt,delulu-apr21,dfc2020,s2_rgb,s2_norgb,48.76,0.0007603670485331134,,0.003191312427861267,100,0.4108021548500306,0.17415917520891178,0.0,False,False,True,0.13263825600017404,0.8989186464658414,0.42251451066485746,0.5347535526975333,144367120,latent+prefusion+distill+ce,addition,91.08,45.02,55.83,38.73,91.12,43.96,91.10,41.53,checkpoints/sft_evan_base_dfc2020_s2_rgb_fft_lr0.0005_20260420_184627.pt
eh8pmo7h,delulu-apr21,dfc2020,s2_rgb,s1,48.76,0.0003462018119882,,0.0006372365825795,100,0.2703635520334056,0.1870244171271878,0.0,False,False,True,0.2022943212095746,0.2826924859321525,0.7323736859538801,0.270463054923754,142794256,latent+prefusion+distill+ce,transfer,83.43,45.63,57.29,47.34,93.14,49.68,88.25,51.98,checkpoints/sft_evan_base_dfc2020_s2_rgb_fft_lr0.0005_20260420_184627.pt
nswazv1o,delulu-apr21,dfc2020,s2_rgb,s1,48.76,0.0003462018119882,,0.0006372365825795,100,0.2703635520334056,0.1870244171271878,0.0,False,False,True,0.2022943212095746,0.2826924859321525,0.7323736859538801,0.270463054923754,142794256,latent+prefusion+distill+ce,transfer,83.58,46.25,57.94,43.97,93.21,48.36,88.36,50.30,checkpoints/sft_evan_base_dfc2020_s2_rgb_fft_lr0.0005_20260420_184627.pt
wxdmvleq,delulu-apr21,dfc2020,s2_rgb,s1,48.76,0.0003462018119882,,0.0006372365825795,100,0.2703635520334056,0.1870244171271878,0.0,False,False,True,0.2022943212095746,0.2826924859321525,0.7323736859538801,0.270463054923754,142794256,latent+prefusion+distill+ce,transfer,83.81,45.20,56.80,42.30,93.12,48.48,88.44,50.08,checkpoints/sft_evan_base_dfc2020_s2_rgb_fft_lr0.0005_20260420_184627.pt
mcgbe3tx,delulu-apr21,dfc2020,s2_rgb,s2_norgb,48.76,0.0003462018119882,,0.0006372365825795,100,0.2703635520334056,0.1870244171271878,0.0,False,False,True,0.2022943212095746,0.2826924859321525,0.7323736859538801,0.270463054923754,144367120,latent+prefusion+distill+ce,transfer,91.71,48.83,56.33,44.52,92.89,50.09,92.30,46.28,checkpoints/sft_evan_base_dfc2020_s2_rgb_fft_lr0.0005_20260420_184627.pt
ep3srd45,delulu-apr21,dfc2020,s2_rgb,s2_norgb,48.76,0.0004609737361015,,0.0025063908349521,100,0.4391510180403878,0.1427819161942331,0.0,False,False,True,0.1267019920526157,0.3698855110094194,0.7303287368278879,0.4129694314364507,144367120,latent+prefusion+distill+ce,peeking,91.63,49.75,56.99,45.36,91.84,51.14,91.73,47.75,checkpoints/sft_evan_base_dfc2020_s2_rgb_fft_lr0.0005_20260420_184627.pt
vp3u224j,delulu-apr21,dfc2020,s2_rgb,s1,48.76,0.0004609737361015,,0.0025063908349521,100,0.4391510180403878,0.1427819161942331,0.0,False,False,True,0.1267019920526157,0.3698855110094194,0.7303287368278879,0.4129694314364507,142794256,latent+prefusion+distill+ce,peeking,83.98,46.62,58.34,50.30,92.18,53.46,88.06,50.10,checkpoints/sft_evan_base_dfc2020_s2_rgb_fft_lr0.0005_20260420_184627.pt
hffnnrom,delulu-apr21,dfc2020,s2_rgb,s1,48.76,0.0003462018119882,,0.0006372365825795,100,0.2703635520334056,0.1870244171271878,0.0,False,False,True,0.2022943212095746,0.2826924859321525,0.7323736859538801,0.270463054923754,142794256,latent+prefusion+distill+ce,transfer,82.69,44.90,57.30,42.62,93.00,49.26,87.79,51.23,checkpoints/sft_evan_base_dfc2020_s2_rgb_fft_lr0.0005_20260420_184627.pt
h2wiiyix,delulu-apr21,dfc2020,s2_rgb,s2_norgb,48.76,0.0004609737361015,,0.0025063908349521,100,0.4391510180403878,0.1427819161942331,0.0,False,False,True,0.1267019920526157,0.3698855110094194,0.7303287368278879,0.4129694314364507,144367120,latent+prefusion+distill+ce,peeking,91.40,49.83,56.16,44.26,91.68,51.28,91.54,47.93,checkpoints/sft_evan_base_dfc2020_s2_rgb_fft_lr0.0005_20260420_184627.pt
1nqrm656,delulu-apr21,dfc2020,s2_rgb,s2_norgb,48.76,0.0003462018119882,,0.0006372365825795,100,0.2703635520334056,0.1870244171271878,0.0,False,False,True,0.2022943212095746,0.2826924859321525,0.7323736859538801,0.270463054923754,144367120,latent+prefusion+distill+ce,transfer,91.82,46.26,57.72,46.03,92.91,50.33,92.35,45.05,checkpoints/sft_evan_base_dfc2020_s2_rgb_fft_lr0.0005_20260420_184627.pt
4b8zc5k5,delulu-apr21,dfc2020,s2_rgb,s2_norgb,48.76,0.0007603670485331134,,0.003191312427861267,100,0.4108021548500306,0.17415917520891178,0.0,False,False,True,0.13263825600017404,0.8989186464658414,0.42251451066485746,0.5347535526975333,144367120,latent+prefusion+distill+ce,addition,91.02,44.78,57.94,39.71,91.08,44.93,91.04,40.88,checkpoints/sft_evan_base_dfc2020_s2_rgb_fft_lr0.0005_20260420_184627.pt
ina1dmy4,delulu-apr21,dfc2020,s2_rgb,s2_norgb,48.76,0.0007603670485331134,,0.003191312427861267,100,0.4108021548500306,0.17415917520891178,0.0,False,False,True,0.13263825600017404,0.8989186464658414,0.42251451066485746,0.5347535526975333,144367120,latent+prefusion+distill+ce,addition,91.06,45.45,56.70,40.83,91.17,49.15,91.11,42.44,checkpoints/sft_evan_base_dfc2020_s2_rgb_fft_lr0.0005_20260420_184627.pt
fqbm8hx2,delulu-apr21,dfc2020,s2_rgb,s1,48.76,0.0004609737361015,,0.0025063908349521,100,0.4391510180403878,0.1427819161942331,0.0,False,False,True,0.1267019920526157,0.3698855110094194,0.7303287368278879,0.4129694314364507,142794256,latent+prefusion+distill+ce,peeking,84.05,45.91,57.10,44.22,92.17,52.57,88.09,50.45,checkpoints/sft_evan_base_dfc2020_s2_rgb_fft_lr0.0005_20260420_184627.pt
buqnw99v,delulu-apr21,dfc2020,s2_rgb,s2_norgb,48.76,0.0007603670485331134,,0.003191312427861267,100,0.4108021548500306,0.17415917520891178,0.0,False,False,True,0.13263825600017404,0.8989186464658414,0.42251451066485746,0.5347535526975333,144367120,latent+prefusion+distill+ce,addition,90.97,49.33,55.90,42.01,90.93,49.36,90.95,47.03,checkpoints/sft_evan_base_dfc2020_s2_rgb_fft_lr0.0005_20260420_184627.pt
qb1y60ds,delulu-apr21,dfc2020,s2_rgb,s2_norgb,48.76,0.0004609737361015,,0.0025063908349521,100,0.4391510180403878,0.1427819161942331,0.0,False,False,True,0.1267019920526157,0.3698855110094194,0.7303287368278879,0.4129694314364507,144367120,latent+prefusion+distill+ce,peeking,91.57,50.48,56.21,47.48,91.86,52.01,91.71,48.99,checkpoints/sft_evan_base_dfc2020_s2_rgb_fft_lr0.0005_20260420_184627.pt
ppu04nle,delulu-apr21,dfc2020,s2_rgb,s1,48.76,0.0007603670485331134,,0.003191312427861267,100,0.4108021548500306,0.17415917520891178,0.0,False,False,True,0.13263825600017404,0.8989186464658414,0.42251451066485746,0.5347535526975333,142794256,latent+prefusion+distill+ce,addition,84.05,48.10,59.32,39.53,91.01,49.55,87.50,49.58,checkpoints/sft_evan_base_dfc2020_s2_rgb_fft_lr0.0005_20260420_184627.pt
2lgr98cd,delulu-apr21,dfc2020,s1,s2,43.29,0.0003462018119882,,0.0006372365825795,100,0.2703635520334056,0.1870244171271878,0.0,False,False,True,0.2022943212095746,0.2826924859321525,0.7323736859538801,0.270463054923754,144760336,latent+prefusion+distill+ce,transfer,86.03,46.92,48.48,40.91,92.77,44.96,89.38,43.63,checkpoints/sft_evan_base_dfc2020_s1_fft_lr0.0005_20260418_080704.pt
am7lz37f,delulu-apr21,dfc2020,s2_rgb,s1,48.76,0.0004609737361015,,0.0025063908349521,100,0.4391510180403878,0.1427819161942331,0.0,False,False,True,0.1267019920526157,0.3698855110094194,0.7303287368278879,0.4129694314364507,142794256,latent+prefusion+distill+ce,peeking,84.15,46.79,56.45,42.14,92.23,53.15,88.19,49.41,checkpoints/sft_evan_base_dfc2020_s2_rgb_fft_lr0.0005_20260420_184627.pt
orysqkn7,delulu-apr21,dfc2020,s1,s2,43.29,0.0007603670485331134,,0.003191312427861267,100,0.4108021548500306,0.17415917520891178,0.0,False,False,True,0.13263825600017404,0.8989186464658414,0.42251451066485746,0.5347535526975333,144760336,latent+prefusion+distill+ce,addition,86.05,48.93,47.65,38.24,91.93,46.97,88.86,42.89,checkpoints/sft_evan_base_dfc2020_s1_fft_lr0.0005_20260418_080704.pt
n3zgaqf8,delulu-apr21,dfc2020,s1,s2,43.29,0.0003462018119882,,0.0006372365825795,100,0.2703635520334056,0.1870244171271878,0.0,False,False,True,0.2022943212095746,0.2826924859321525,0.7323736859538801,0.270463054923754,144760336,latent+prefusion+distill+ce,transfer,85.83,47.03,48.34,41.52,93.15,45.02,89.47,45.33,checkpoints/sft_evan_base_dfc2020_s1_fft_lr0.0005_20260418_080704.pt
jutqp88q,delulu-apr21,dfc2020,s1,s2,43.29,0.0003462018119882,,0.0006372365825795,100,0.2703635520334056,0.1870244171271878,0.0,False,False,True,0.2022943212095746,0.2826924859321525,0.7323736859538801,0.270463054923754,144760336,latent+prefusion+distill+ce,transfer,86.35,46.77,48.62,41.69,93.10,45.21,89.72,43.82,checkpoints/sft_evan_base_dfc2020_s1_fft_lr0.0005_20260418_080704.pt
vpq64yyb,delulu-apr21,dfc2020,s2_rgb,s2_norgb,48.76,0.0003462018119882,,0.0006372365825795,100,0.2703635520334056,0.1870244171271878,0.0,False,False,True,0.2022943212095746,0.2826924859321525,0.7323736859538801,0.270463054923754,144367120,latent+prefusion+distill+ce,transfer,91.72,50.88,56.12,46.00,93.02,50.58,92.37,46.50,checkpoints/sft_evan_base_dfc2020_s2_rgb_fft_lr0.0005_20260420_184627.pt
y7189g7v,delulu-apr21,dfc2020,s1,s2,43.29,0.0003462018119882,,0.0006372365825795,100,0.2703635520334056,0.1870244171271878,0.0,False,False,True,0.2022943212095746,0.2826924859321525,0.7323736859538801,0.270463054923754,144760336,latent+prefusion+distill+ce,transfer,86.22,36.81,48.66,43.01,93.10,45.34,89.65,44.31,checkpoints/sft_evan_base_dfc2020_s1_fft_lr0.0005_20260418_080704.pt
g1ofhdu9,delulu-apr21,dfc2020,s2_rgb,s2_norgb,48.76,0.0004609737361015,,0.0025063908349521,100,0.4391510180403878,0.1427819161942331,0.0,False,False,True,0.1267019920526157,0.3698855110094194,0.7303287368278879,0.4129694314364507,144367120,latent+prefusion+distill+ce,peeking,91.34,49.28,56.09,45.07,91.65,51.65,91.49,49.29,checkpoints/sft_evan_base_dfc2020_s2_rgb_fft_lr0.0005_20260420_184627.pt
8l7xu0az,delulu-apr21,dfc2020,s2_rgb,s2_norgb,48.76,0.0003462018119882,,0.0006372365825795,100,0.2703635520334056,0.1870244171271878,0.0,False,False,True,0.2022943212095746,0.2826924859321525,0.7323736859538801,0.270463054923754,144367120,latent+prefusion+distill+ce,transfer,91.67,49.45,56.04,47.80,92.97,51.66,92.31,47.39,checkpoints/sft_evan_base_dfc2020_s2_rgb_fft_lr0.0005_20260420_184627.pt
afzfwnxi,delulu-apr21,dfc2020,s2_rgb,s2_norgb,48.76,0.0003462018119882,,0.0006372365825795,100,0.2703635520334056,0.1870244171271878,0.0,False,False,True,0.2022943212095746,0.2826924859321525,0.7323736859538801,0.270463054923754,144367120,latent+prefusion+distill+ce,transfer,91.60,49.09,57.02,46.35,92.92,50.88,92.26,46.00,checkpoints/sft_evan_base_dfc2020_s2_rgb_fft_lr0.0005_20260420_184627.pt
vkwkdn4j,delulu-apr21,dfc2020,s2_rgb,s1,48.76,0.0007603670485331134,,0.003191312427861267,100,0.4108021548500306,0.17415917520891178,0.0,False,False,True,0.13263825600017404,0.8989186464658414,0.42251451066485746,0.5347535526975333,142794256,latent+prefusion+distill+ce,addition,83.81,45.69,58.96,38.93,91.12,48.21,87.41,47.39,checkpoints/sft_evan_base_dfc2020_s2_rgb_fft_lr0.0005_20260420_184627.pt
mz62km1j,delulu-apr21,dfc2020,s2_rgb,s1,48.76,0.0007603670485331134,,0.003191312427861267,100,0.4108021548500306,0.17415917520891178,0.0,False,False,True,0.13263825600017404,0.8989186464658414,0.42251451066485746,0.5347535526975333,142794256,latent+prefusion+distill+ce,addition,83.73,44.13,57.06,38.46,91.32,47.66,87.50,43.74,checkpoints/sft_evan_base_dfc2020_s2_rgb_fft_lr0.0005_20260420_184627.pt
8kskb31q,delulu-apr21,dfc2020,s2_rgb,s2_norgb,48.76,0.0007603670485331134,,0.003191312427861267,100,0.4108021548500306,0.17415917520891178,0.0,False,False,True,0.13263825600017404,0.8989186464658414,0.42251451066485746,0.5347535526975333,144367120,latent+prefusion+distill+ce,addition,91.19,48.10,56.28,40.40,91.25,49.62,91.22,44.52,checkpoints/sft_evan_base_dfc2020_s2_rgb_fft_lr0.0005_20260420_184627.pt
8v0mw4bi,delulu-apr21,dfc2020,s2_rgb,s1,48.76,0.0007603670485331134,,0.003191312427861267,100,0.4108021548500306,0.17415917520891178,0.0,False,False,True,0.13263825600017404,0.8989186464658414,0.42251451066485746,0.5347535526975333,142794256,latent+prefusion+distill+ce,addition,83.79,44.64,57.80,39.71,91.19,50.54,87.38,43.67,checkpoints/sft_evan_base_dfc2020_s2_rgb_fft_lr0.0005_20260420_184627.pt
fjsmtlpe,delulu-apr21,dfc2020,s1,s2,43.29,0.0003462018119882,,0.0006372365825795,100,0.2703635520334056,0.1870244171271878,0.0,False,False,True,0.2022943212095746,0.2826924859321525,0.7323736859538801,0.270463054923754,144760336,latent+prefusion+distill+ce,transfer,86.30,37.42,48.49,42.04,92.95,45.29,89.57,43.82,checkpoints/sft_evan_base_dfc2020_s1_fft_lr0.0005_20260418_080704.pt
eyhl91co,delulu-apr21,dfc2020,s1,s2,43.29,0.0007603670485331134,,0.003191312427861267,100,0.4108021548500306,0.17415917520891178,0.0,False,False,True,0.13263825600017404,0.8989186464658414,0.42251451066485746,0.5347535526975333,144760336,latent+prefusion+distill+ce,addition,85.84,48.96,47.98,41.08,92.05,46.01,88.72,45.81,checkpoints/sft_evan_base_dfc2020_s1_fft_lr0.0005_20260418_080704.pt
n0i8bnha,delulu-apr21,dfc2020,s1,s2,43.29,0.0004609737361015,,0.0025063908349521,100,0.4391510180403878,0.1427819161942331,0.0,False,False,True,0.1267019920526157,0.3698855110094194,0.7303287368278879,0.4129694314364507,144760336,latent+prefusion+distill+ce,peeking,85.80,47.13,48.61,42.85,92.67,45.54,89.19,45.61,checkpoints/sft_evan_base_dfc2020_s1_fft_lr0.0005_20260418_080704.pt
ql99l9gn,delulu-apr21,dfc2020,s1,s2,43.29,0.0007603670485331134,,0.003191312427861267,100,0.4108021548500306,0.17415917520891178,0.0,False,False,True,0.13263825600017404,0.8989186464658414,0.42251451066485746,0.5347535526975333,144760336,latent+prefusion+distill+ce,addition,86.12,44.95,47.66,37.43,92.06,45.73,88.97,43.88,checkpoints/sft_evan_base_dfc2020_s1_fft_lr0.0005_20260418_080704.pt
awfdohha,delulu-apr21,dfc2020,s1,s2,43.29,0.0004609737361015,,0.0025063908349521,100,0.4391510180403878,0.1427819161942331,0.0,False,False,True,0.1267019920526157,0.3698855110094194,0.7303287368278879,0.4129694314364507,144760336,latent+prefusion+distill+ce,peeking,86.34,47.58,48.46,43.80,92.53,45.92,89.38,46.26,checkpoints/sft_evan_base_dfc2020_s1_fft_lr0.0005_20260418_080704.pt
4k09fyqd,delulu-apr21,dfc2020,s1,s2,43.29,0.0007603670485331134,,0.003191312427861267,100,0.4108021548500306,0.17415917520891178,0.0,False,False,True,0.13263825600017404,0.8989186464658414,0.42251451066485746,0.5347535526975333,144760336,latent+prefusion+distill+ce,addition,86.17,42.12,47.48,41.76,92.44,43.84,89.13,44.12,checkpoints/sft_evan_base_dfc2020_s1_fft_lr0.0005_20260418_080704.pt
8x5gztrv,delulu-apr21,dfc2020,s2_rgb,s1,48.76,0.0004609737361015,,0.0025063908349521,100,0.4391510180403878,0.1427819161942331,0.0,False,False,True,0.1267019920526157,0.3698855110094194,0.7303287368278879,0.4129694314364507,142794256,latent+prefusion+distill+ce,peeking,84.10,46.99,58.93,41.63,92.27,53.68,88.17,50.24,checkpoints/sft_evan_base_dfc2020_s2_rgb_fft_lr0.0005_20260420_184627.pt
lqnh0qd0,delulu-apr21,dfc2020,s2_rgb,s1,48.76,0.0004609737361015,,0.0025063908349521,100,0.4391510180403878,0.1427819161942331,0.0,False,False,True,0.1267019920526157,0.3698855110094194,0.7303287368278879,0.4129694314364507,142794256,latent+prefusion+distill+ce,peeking,84.22,46.95,56.47,42.28,92.12,51.78,88.16,48.34,checkpoints/sft_evan_base_dfc2020_s2_rgb_fft_lr0.0005_20260420_184627.pt
iavvwatf,delulu-apr21,dfc2020,s2,s1,45.11,0.0003462018119882,,0.0006372365825795,100,0.2703635520334056,0.1870244171271878,0.0,False,False,True,0.2022943212095746,0.2826924859321525,0.7323736859538801,0.270463054923754,144760336,latent+prefusion+distill+ce,transfer,83.15,45.52,58.46,46.49,95.06,49.85,89.06,50.25,checkpoints/sft_evan_base_dfc2020_s2_fft_lr0.0005_20260418_080316.pt
0x6935wx,delulu-apr21,dfc2020,s2,s1,45.11,0.0003462018119882,,0.0006372365825795,100,0.2703635520334056,0.1870244171271878,0.0,False,False,True,0.2022943212095746,0.2826924859321525,0.7323736859538801,0.270463054923754,144760336,latent+prefusion+distill+ce,transfer,82.66,44.50,58.65,48.20,94.96,48.87,88.79,48.69,checkpoints/sft_evan_base_dfc2020_s2_fft_lr0.0005_20260418_080316.pt
vudvihuq,delulu-apr21,dfc2020,s1,s2,43.29,0.0004609737361015,,0.0025063908349521,100,0.4391510180403878,0.1427819161942331,0.0,False,False,True,0.1267019920526157,0.3698855110094194,0.7303287368278879,0.4129694314364507,144760336,latent+prefusion+distill+ce,peeking,86.52,47.08,48.47,41.61,92.60,45.31,89.52,44.69,checkpoints/sft_evan_base_dfc2020_s1_fft_lr0.0005_20260418_080704.pt
u6fouwi6,delulu-apr21,dfc2020,s1,s2,43.29,0.0004609737361015,,0.0025063908349521,100,0.4391510180403878,0.1427819161942331,0.0,False,False,True,0.1267019920526157,0.3698855110094194,0.7303287368278879,0.4129694314364507,144760336,latent+prefusion+distill+ce,peeking,86.78,48.28,48.57,43.17,92.80,45.64,89.77,46.26,checkpoints/sft_evan_base_dfc2020_s1_fft_lr0.0005_20260418_080704.pt
98bqvmd2,delulu-apr21,dfc2020,s1,s2,43.29,0.0004609737361015,,0.0025063908349521,100,0.4391510180403878,0.1427819161942331,0.0,False,False,True,0.1267019920526157,0.3698855110094194,0.7303287368278879,0.4129694314364507,144760336,latent+prefusion+distill+ce,peeking,86.20,45.09,48.43,42.11,92.79,44.64,89.41,44.22,checkpoints/sft_evan_base_dfc2020_s1_fft_lr0.0005_20260418_080704.pt
ut34vtus,delulu-apr21,dfc2020,s2,s1,45.11,0.0004609737361015,,0.0025063908349521,100,0.4391510180403878,0.1427819161942331,0.0,False,False,True,0.1267019920526157,0.3698855110094194,0.7303287368278879,0.4129694314364507,144760336,latent+prefusion+distill+ce,peeking,82.68,45.68,57.68,47.30,94.10,50.79,88.36,50.52,checkpoints/sft_evan_base_dfc2020_s2_fft_lr0.0005_20260418_080316.pt
39juymzl,delulu-apr21,dfc2020,s2_rgb,s2_norgb,48.76,0.0004609737361015,,0.0025063908349521,100,0.4391510180403878,0.1427819161942331,0.0,False,False,True,0.1267019920526157,0.3698855110094194,0.7303287368278879,0.4129694314364507,144367120,latent+prefusion+distill+ce,peeking,91.54,49.59,56.59,47.71,91.79,51.01,91.67,48.25,checkpoints/sft_evan_base_dfc2020_s2_rgb_fft_lr0.0005_20260420_184627.pt
ev1xcz83,delulu-apr21,dfc2020,s2,s1,45.11,0.0003462018119882,,0.0006372365825795,100,0.2703635520334056,0.1870244171271878,0.0,False,False,True,0.2022943212095746,0.2826924859321525,0.7323736859538801,0.270463054923754,144760336,latent+prefusion+distill+ce,transfer,82.27,43.81,58.47,40.33,95.01,49.59,88.60,50.02,checkpoints/sft_evan_base_dfc2020_s2_fft_lr0.0005_20260418_080316.pt
ni308px5,delulu-apr21,dfc2020,s2,s1,45.11,0.0004609737361015,,0.0025063908349521,100,0.4391510180403878,0.1427819161942331,0.0,False,False,True,0.1267019920526157,0.3698855110094194,0.7303287368278879,0.4129694314364507,144760336,latent+prefusion+distill+ce,peeking,82.81,44.91,57.95,51.24,94.21,51.48,88.38,51.63,checkpoints/sft_evan_base_dfc2020_s2_fft_lr0.0005_20260418_080316.pt
jti5urfu,delulu-apr21,dfc2020,s2,s1,45.11,0.0007603670485331134,,0.003191312427861267,100,0.4108021548500306,0.17415917520891178,0.0,False,False,True,0.13263825600017404,0.8989186464658414,0.42251451066485746,0.5347535526975333,144760336,latent+prefusion+distill+ce,addition,83.46,46.36,57.62,46.02,93.74,47.87,88.59,51.09,checkpoints/sft_evan_base_dfc2020_s2_fft_lr0.0005_20260418_080316.pt
0ntd1boe,delulu-apr21,dfc2020,s1,s2,43.29,0.0007603670485331134,,0.003191312427861267,100,0.4108021548500306,0.17415917520891178,0.0,False,False,True,0.13263825600017404,0.8989186464658414,0.42251451066485746,0.5347535526975333,144760336,latent+prefusion+distill+ce,addition,86.14,47.54,47.46,39.37,91.35,43.78,88.61,43.98,checkpoints/sft_evan_base_dfc2020_s1_fft_lr0.0005_20260418_080704.pt
qiopiyp1,delulu-apr21,dfc2020,s2,s1,45.11,0.0007603670485331134,,0.003191312427861267,100,0.4108021548500306,0.17415917520891178,0.0,False,False,True,0.13263825600017404,0.8989186464658414,0.42251451066485746,0.5347535526975333,144760336,latent+prefusion+distill+ce,addition,83.28,46.22,59.20,50.91,93.77,48.39,88.50,51.17,checkpoints/sft_evan_base_dfc2020_s2_fft_lr0.0005_20260418_080316.pt
czmng77w,delulu-apr21,dfc2020,s2,s1,45.11,0.0007603670485331134,,0.003191312427861267,100,0.4108021548500306,0.17415917520891178,0.0,False,False,True,0.13263825600017404,0.8989186464658414,0.42251451066485746,0.5347535526975333,144760336,latent+prefusion+distill+ce,addition,83.32,46.47,57.06,48.19,93.66,49.67,88.42,51.78,checkpoints/sft_evan_base_dfc2020_s2_fft_lr0.0005_20260418_080316.pt
dnyqznsn,delulu-apr21,dfc2020,s2,s1,45.11,0.0004609737361015,,0.0025063908349521,100,0.4391510180403878,0.1427819161942331,0.0,False,False,True,0.1267019920526157,0.3698855110094194,0.7303287368278879,0.4129694314364507,144760336,latent+prefusion+distill+ce,peeking,82.64,45.85,57.70,48.65,94.02,51.49,88.26,50.97,checkpoints/sft_evan_base_dfc2020_s2_fft_lr0.0005_20260418_080316.pt
rb99sk0p,delulu-apr21,dfc2020,s2,s1,45.11,0.0007603670485331134,,0.003191312427861267,100,0.4108021548500306,0.17415917520891178,0.0,False,False,True,0.13263825600017404,0.8989186464658414,0.42251451066485746,0.5347535526975333,144760336,latent+prefusion+distill+ce,addition,82.68,43.37,56.69,42.13,93.32,46.13,87.93,43.63,checkpoints/sft_evan_base_dfc2020_s2_fft_lr0.0005_20260418_080316.pt
ygyblgz1,delulu-apr21,dfc2020,s2,s1,45.11,0.0004609737361015,,0.0025063908349521,100,0.4391510180403878,0.1427819161942331,0.0,False,False,True,0.1267019920526157,0.3698855110094194,0.7303287368278879,0.4129694314364507,144760336,latent+prefusion+distill+ce,peeking,82.68,45.15,57.84,48.40,94.07,50.23,88.36,50.36,checkpoints/sft_evan_base_dfc2020_s2_fft_lr0.0005_20260418_080316.pt
mk5pm6t7,delulu-apr21,dfc2020,s2,s1,45.11,0.0004609737361015,,0.0025063908349521,100,0.4391510180403878,0.1427819161942331,0.0,False,False,True,0.1267019920526157,0.3698855110094194,0.7303287368278879,0.4129694314364507,144760336,latent+prefusion+distill+ce,peeking,82.67,46.56,58.35,45.76,94.13,44.88,88.37,50.96,checkpoints/sft_evan_base_dfc2020_s2_fft_lr0.0005_20260418_080316.pt
etgsgq2g,delulu-apr21,dfc2020,s2,s1,45.11,0.0003462018119882,,0.0006372365825795,100,0.2703635520334056,0.1870244171271878,0.0,False,False,True,0.2022943212095746,0.2826924859321525,0.7323736859538801,0.270463054923754,144760336,latent+prefusion+distill+ce,transfer,82.42,43.91,58.98,46.16,95.09,48.37,88.61,50.09,checkpoints/sft_evan_base_dfc2020_s2_fft_lr0.0005_20260418_080316.pt
kspjcv6f,delulu-apr21,dfc2020,s2,s1,45.11,0.0003462018119882,,0.0006372365825795,100,0.2703635520334056,0.1870244171271878,0.0,False,False,True,0.2022943212095746,0.2826924859321525,0.7323736859538801,0.270463054923754,144760336,latent+prefusion+distill+ce,transfer,82.15,46.00,58.36,49.75,94.94,49.98,88.54,50.34,checkpoints/sft_evan_base_dfc2020_s2_fft_lr0.0005_20260418_080316.pt
6hv17qdp,delulu-apr21,dfc2020,s2,s1,45.11,0.0007603670485331134,,0.003191312427861267,100,0.4108021548500306,0.17415917520891178,0.0,False,False,True,0.13263825600017404,0.8989186464658414,0.42251451066485746,0.5347535526975333,144760336,latent+prefusion+distill+ce,addition,83.09,46.71,56.99,40.61,93.63,46.92,88.35,49.71,checkpoints/sft_evan_base_dfc2020_s2_fft_lr0.0005_20260418_080316.pt
