model,dataset,modality,train_mode,epochs,lr,weight_decay,batch_size,metric_name,val_metric,test_metric,trainable_params,saved_checkpoint
olmoearth-large,dfc2020,s2,fft,20,0.001,0.01,32,mIoU,57.3902,49.8914,307781640,checkpoints/rsfm_dfc2020_s2_fft_20260417_114416.pt
olmoearth-large,dfc2020,s2_rgb,fft,20,0.001,0.01,32,mIoU,49.9799,42.1611,307781640,checkpoints/rsfm_dfc2020_s2_rgb_fft_20260417_115358.pt
olmoearth-large,dfc2020,s1,fft,20,0.001,0.01,32,mIoU,48.3374,43.1675,307781640,checkpoints/rsfm_dfc2020_s1_fft_20260417_115447.pt
olmoearth-large,dfc2020,s2s1,fft,20,0.001,0.01,32,mIoU,57.2616,53.1552,307781640,checkpoints/rsfm_dfc2020_s2s1_fft_20260417_115547.pt
olmoearth-large,dfc2020,s2,fft,20,0.001,0.0001,32,mIoU,56.4812,48.7776,307781640,checkpoints/rsfm_dfc2020_s2_fft_20260417_121205.pt
olmoearth-large,dfc2020,s2_rgb,fft,20,0.001,0.0001,32,mIoU,50.3564,41.8353,307781640,checkpoints/rsfm_dfc2020_s2_rgb_fft_20260417_122136.pt
olmoearth-large,dfc2020,s1,fft,20,0.001,0.0001,32,mIoU,49.3381,45.1412,307781640,checkpoints/rsfm_dfc2020_s1_fft_20260417_122939.pt
olmoearth-large,dfc2020,s2s1,fft,20,0.001,0.0001,32,mIoU,58.1449,52.8436,307781640,checkpoints/rsfm_dfc2020_s2s1_fft_20260417_122954.pt
olmoearth-large,dfc2020,s2,fft,20,0.001,0.0,32,mIoU,56.7740,50.4159,307781640,checkpoints/rsfm_dfc2020_s2_fft_20260417_123945.pt
olmoearth-large,dfc2020,s2_rgb,fft,20,0.001,0.0,32,mIoU,49.9201,40.5762,307781640,checkpoints/rsfm_dfc2020_s2_rgb_fft_20260417_124857.pt
olmoearth-large,dfc2020,s2s1,fft,20,0.001,0.0,32,mIoU,57.5194,52.7199,307781640,checkpoints/rsfm_dfc2020_s2s1_fft_20260417_130350.pt
olmoearth-large,dfc2020,s1,fft,20,0.001,0.0,32,mIoU,48.3076,44.5933,307781640,checkpoints/rsfm_dfc2020_s1_fft_20260417_130412.pt
olmoearth-large,dfc2020,s2,fft,20,0.0005,0.01,32,mIoU,57.5737,51.3274,307781640,checkpoints/rsfm_dfc2020_s2_fft_20260417_130741.pt
olmoearth-large,dfc2020,s2_rgb,fft,20,0.0005,0.01,32,mIoU,54.0401,44.9534,307781640,checkpoints/rsfm_dfc2020_s2_rgb_fft_20260417_131636.pt
olmoearth-large,dfc2020,s2,fft,20,0.0005,0.0001,32,mIoU,57.2170,51.6233,307781640,checkpoints/rsfm_dfc2020_s2_fft_20260417_133539.pt
olmoearth-large,dfc2020,s2s1,fft,20,0.0005,0.01,32,mIoU,57.9659,55.8964,307781640,checkpoints/rsfm_dfc2020_s2s1_fft_20260417_133755.pt
olmoearth-large,dfc2020,s1,fft,20,0.0005,0.01,32,mIoU,51.1438,47.6508,307781640,checkpoints/rsfm_dfc2020_s1_fft_20260417_133903.pt
olmoearth-large,dfc2020,s2_rgb,fft,20,0.0005,0.0001,32,mIoU,54.3891,46.3602,307781640,checkpoints/rsfm_dfc2020_s2_rgb_fft_20260417_134410.pt
olmoearth-large,dfc2020,s2,fft,20,0.0005,0.0,32,mIoU,57.2850,52.8488,307781640,checkpoints/rsfm_dfc2020_s2_fft_20260417_140321.pt
olmoearth-large,dfc2020,s2_rgb,fft,20,0.0005,0.0,32,mIoU,54.5810,45.3074,307781640,checkpoints/rsfm_dfc2020_s2_rgb_fft_20260417_141141.pt
olmoearth-large,dfc2020,s2s1,fft,20,0.0005,0.0001,32,mIoU,57.9485,54.0540,307781640,checkpoints/rsfm_dfc2020_s2s1_fft_20260417_141209.pt
olmoearth-large,dfc2020,s1,fft,20,0.0005,0.0001,32,mIoU,51.9338,49.5167,307781640,checkpoints/rsfm_dfc2020_s1_fft_20260417_141350.pt
olmoearth-large,dfc2020,s2,fft,20,0.0001,0.01,32,mIoU,56.4329,51.5165,307781640,checkpoints/rsfm_dfc2020_s2_fft_20260417_143106.pt
olmoearth-large,dfc2020,s2_rgb,fft,20,0.0001,0.01,32,mIoU,50.2343,38.0697,307781640,checkpoints/rsfm_dfc2020_s2_rgb_fft_20260417_143920.pt
olmoearth-large,dfc2020,s2s1,fft,20,0.0005,0.0,32,mIoU,58.2292,54.6813,307781640,checkpoints/rsfm_dfc2020_s2s1_fft_20260417_144605.pt
olmoearth-large,dfc2020,s1,fft,20,0.0005,0.0,32,mIoU,51.4111,48.1318,307781640,checkpoints/rsfm_dfc2020_s1_fft_20260417_144821.pt
olmoearth-large,dfc2020,s2,fft,20,0.0001,0.0001,32,mIoU,56.3952,51.6188,307781640,checkpoints/rsfm_dfc2020_s2_fft_20260417_145855.pt
olmoearth-large,dfc2020,s2_rgb,fft,20,0.0001,0.0001,32,mIoU,51.8304,50.0983,307781640,checkpoints/rsfm_dfc2020_s2_rgb_fft_20260417_150653.pt
olmoearth-large,dfc2020,s2s1,fft,20,0.0001,0.01,32,mIoU,57.6246,55.6352,307781640,checkpoints/rsfm_dfc2020_s2s1_fft_20260417_152011.pt
olmoearth-large,dfc2020,s1,fft,20,0.0001,0.01,32,mIoU,52.3259,50.2087,307781640,checkpoints/rsfm_dfc2020_s1_fft_20260417_152303.pt
olmoearth-large,dfc2020,s2,fft,20,0.0001,0.0,32,mIoU,56.4177,50.1163,307781640,checkpoints/rsfm_dfc2020_s2_fft_20260417_152632.pt
olmoearth-large,dfc2020,s2_rgb,fft,20,0.0001,0.0,32,mIoU,51.5344,47.1524,307781640,checkpoints/rsfm_dfc2020_s2_rgb_fft_20260417_153418.pt
olmoearth-large,dfc2020,s2s1,fft,20,0.0001,0.0001,32,mIoU,57.7611,54.4481,307781640,checkpoints/rsfm_dfc2020_s2s1_fft_20260417_155422.pt
olmoearth-large,dfc2020,s1,fft,20,0.0001,0.0001,32,mIoU,52.4625,49.2842,307781640,checkpoints/rsfm_dfc2020_s1_fft_20260417_155747.pt
olmoearth-base,dfc2020,s2,fft,20,0.001,0.01,32,mIoU,57.4452,52.7133,88962056,checkpoints/rsfm_dfc2020_s2_fft_20260417_161025.pt
olmoearth-base,dfc2020,s1,fft,20,0.001,0.01,32,mIoU,50.8687,47.9526,88962056,checkpoints/rsfm_dfc2020_s1_fft_20260417_161227.pt
olmoearth-base,dfc2020,s2,fft,20,0.001,0.0001,32,mIoU,57.1521,50.9644,88962056,checkpoints/rsfm_dfc2020_s2_fft_20260417_162345.pt
olmoearth-base,dfc2020,s1,fft,20,0.001,0.0001,32,mIoU,51.3095,47.5885,88962056,checkpoints/rsfm_dfc2020_s1_fft_20260417_162724.pt
olmoearth-large,dfc2020,s2s1,fft,20,0.0001,0.0,32,mIoU,57.5208,53.6247,307781640,checkpoints/rsfm_dfc2020_s2s1_fft_20260417_162820.pt
olmoearth-large,dfc2020,s1,fft,20,0.0001,0.0,32,mIoU,51.9753,47.6845,307781640,checkpoints/rsfm_dfc2020_s1_fft_20260417_163215.pt
olmoearth-base,dfc2020,s2,fft,20,0.001,0.0,32,mIoU,57.3783,52.3360,88962056,checkpoints/rsfm_dfc2020_s2_fft_20260417_163717.pt
olmoearth-base,dfc2020,s1,fft,20,0.001,0.0,32,mIoU,51.1241,47.7702,88962056,checkpoints/rsfm_dfc2020_s1_fft_20260417_164217.pt
olmoearth-base,dfc2020,s2,fft,20,0.0005,0.01,32,mIoU,57.3847,52.8417,88962056,checkpoints/rsfm_dfc2020_s2_fft_20260417_165025.pt
olmoearth-base,dfc2020,s2_rgb,fft,20,0.001,0.01,32,mIoU,55.1212,46.9035,88962056,checkpoints/rsfm_dfc2020_s2_rgb_fft_20260417_165216.pt
olmoearth-base,dfc2020,s2s1,fft,20,0.001,0.01,32,mIoU,57.6340,54.9735,88962056,checkpoints/rsfm_dfc2020_s2s1_fft_20260417_165229.pt
olmoearth-base,dfc2020,s1,fft,20,0.0005,0.01,32,mIoU,51.9283,47.6588,88962056,checkpoints/rsfm_dfc2020_s1_fft_20260417_165709.pt
olmoearth-base,dfc2020,s2,fft,20,0.0005,0.0001,32,mIoU,57.2117,52.2945,88962056,checkpoints/rsfm_dfc2020_s2_fft_20260417_170339.pt
olmoearth-base,dfc2020,s2_rgb,fft,20,0.001,0.0001,32,mIoU,54.7157,42.5777,88962056,checkpoints/rsfm_dfc2020_s2_rgb_fft_20260417_170445.pt
olmoearth-base,dfc2020,s2s1,fft,20,0.001,0.0001,32,mIoU,56.4079,54.4571,88962056,checkpoints/rsfm_dfc2020_s2s1_fft_20260417_170753.pt
olmoearth-base,dfc2020,s1,fft,20,0.0005,0.0001,32,mIoU,51.6913,48.2084,88962056,checkpoints/rsfm_dfc2020_s1_fft_20260417_171206.pt
olmoearth-base,dfc2020,s2,fft,20,0.0005,0.0,32,mIoU,57.2650,51.4508,88962056,checkpoints/rsfm_dfc2020_s2_fft_20260417_171644.pt
olmoearth-base,dfc2020,s2_rgb,fft,20,0.001,0.0,32,mIoU,54.7538,38.5881,88962056,checkpoints/rsfm_dfc2020_s2_rgb_fft_20260417_171713.pt
olmoearth-base,dfc2020,s2s1,fft,20,0.001,0.0,32,mIoU,57.3581,54.3746,88962056,checkpoints/rsfm_dfc2020_s2s1_fft_20260417_172322.pt
olmoearth-base,dfc2020,s1,fft,20,0.0005,0.0,32,mIoU,52.0574,48.4223,88962056,checkpoints/rsfm_dfc2020_s1_fft_20260417_172701.pt
olmoearth-base,dfc2020,s2_rgb,fft,20,0.0005,0.01,32,mIoU,55.6194,48.7721,88962056,checkpoints/rsfm_dfc2020_s2_rgb_fft_20260417_172942.pt
olmoearth-base,dfc2020,s2,fft,20,0.0001,0.01,32,mIoU,56.7380,53.4359,88962056,checkpoints/rsfm_dfc2020_s2_fft_20260417_172941.pt
olmoearth-base,dfc2020,s2s1,fft,20,0.0005,0.01,32,mIoU,57.8194,55.5145,88962056,checkpoints/rsfm_dfc2020_s2s1_fft_20260417_173846.pt
olmoearth-base,dfc2020,s1,fft,20,0.0001,0.01,32,mIoU,52.8530,47.4035,88962056,checkpoints/rsfm_dfc2020_s1_fft_20260417_174157.pt
olmoearth-base,dfc2020,s2_rgb,fft,20,0.0005,0.0001,32,mIoU,56.9522,46.8031,88962056,checkpoints/rsfm_dfc2020_s2_rgb_fft_20260417_174211.pt
olmoearth-base,dfc2020,s2,fft,20,0.0001,0.0001,32,mIoU,57.5350,52.0795,88962056,checkpoints/rsfm_dfc2020_s2_fft_20260417_174254.pt
olmoearth-base,dfc2020,s2s1,fft,20,0.0005,0.0001,32,mIoU,57.6762,55.9666,88962056,checkpoints/rsfm_dfc2020_s2s1_fft_20260417_175416.pt
olmoearth-base,dfc2020,s2_rgb,fft,20,0.0005,0.0,32,mIoU,58.8955,49.7189,88962056,checkpoints/rsfm_dfc2020_s2_rgb_fft_20260417_175426.pt
olmoearth-base,dfc2020,s2,fft,20,0.0001,0.0,32,mIoU,56.7652,52.5146,88962056,checkpoints/rsfm_dfc2020_s2_fft_20260417_175558.pt
olmoearth-base,dfc2020,s1,fft,20,0.0001,0.0001,32,mIoU,52.6551,46.1856,88962056,checkpoints/rsfm_dfc2020_s1_fft_20260417_175652.pt
olmoearth-base,dfc2020,s2_rgb,fft,20,0.0001,0.01,32,mIoU,56.2305,40.8860,88962056,checkpoints/rsfm_dfc2020_s2_rgb_fft_20260417_180709.pt
olmoearth-base,dfc2020,s2s1,fft,20,0.0005,0.0,32,mIoU,56.7669,54.8233,88962056,checkpoints/rsfm_dfc2020_s2s1_fft_20260417_180939.pt
olmoearth-base,dfc2020,s1,fft,20,0.0001,0.0,32,mIoU,52.3999,41.0519,88962056,checkpoints/rsfm_dfc2020_s1_fft_20260417_181143.pt
olmoearth-base,dfc2020,s2_rgb,fft,20,0.0001,0.0001,32,mIoU,56.1221,47.0531,88962056,checkpoints/rsfm_dfc2020_s2_rgb_fft_20260417_181925.pt
olmoearth-base,dfc2020,s2s1,fft,20,0.0001,0.01,32,mIoU,57.8132,55.1726,88962056,checkpoints/rsfm_dfc2020_s2s1_fft_20260417_182504.pt
olmoearth-base,dfc2020,s2_rgb,fft,20,0.0001,0.0,32,mIoU,55.1245,41.6394,88962056,checkpoints/rsfm_dfc2020_s2_rgb_fft_20260417_183133.pt
olmoearth-base,dfc2020,s2s1,fft,20,0.0001,0.0001,32,mIoU,56.9905,55.5631,88962056,checkpoints/rsfm_dfc2020_s2s1_fft_20260417_184035.pt
olmoearth-base,dfc2020,s2s1,fft,20,0.0001,0.0,32,mIoU,57.1908,56.0015,88962056,checkpoints/rsfm_dfc2020_s2s1_fft_20260417_185607.pt
panopticon,dfc2020,s2,fft,20,0.001,0.01,32,mIoU,53.7675,46.9273,98982152,checkpoints/rsfm_dfc2020_s2_fft_20260417_192037.pt
panopticon,dfc2020,s2,fft,20,0.001,0.0001,32,mIoU,53.8549,52.1794,98982152,checkpoints/rsfm_dfc2020_s2_fft_20260417_193639.pt
panopticon,dfc2020,s2,fft,20,0.001,0.0,32,mIoU,53.7112,45.2791,98982152,checkpoints/rsfm_dfc2020_s2_fft_20260417_195237.pt
panopticon,dfc2020,s2,fft,20,0.0005,0.01,32,mIoU,55.7276,50.4850,98982152,checkpoints/rsfm_dfc2020_s2_fft_20260417_200840.pt
panopticon,dfc2020,s2,fft,20,0.0005,0.0001,32,mIoU,54.2334,50.9613,98982152,checkpoints/rsfm_dfc2020_s2_fft_20260417_202443.pt
panopticon,dfc2020,s2,fft,20,0.0005,0.0,32,mIoU,54.1138,51.5632,98982152,checkpoints/rsfm_dfc2020_s2_fft_20260417_204043.pt
panopticon,dfc2020,s2,fft,20,0.0001,0.01,32,mIoU,55.0831,51.9072,98982152,checkpoints/rsfm_dfc2020_s2_fft_20260417_205650.pt
panopticon,dfc2020,s1,fft,20,0.001,0.01,32,mIoU,49.6387,45.2866,98982152,checkpoints/rsfm_dfc2020_s1_fft_20260417_210954.pt
panopticon,dfc2020,s2,fft,20,0.0001,0.0001,32,mIoU,54.9082,48.6770,98982152,checkpoints/rsfm_dfc2020_s2_fft_20260417_211300.pt
panopticon,dfc2020,s2s1,fft,20,0.001,0.01,32,mIoU,53.8603,44.8876,98982152,checkpoints/rsfm_dfc2020_s2s1_fft_20260417_211558.pt
panopticon,dfc2020,s1,fft,20,0.001,0.0001,32,mIoU,49.6184,48.1471,98982152,checkpoints/rsfm_dfc2020_s1_fft_20260417_212155.pt
panopticon,dfc2020,s2,fft,20,0.0001,0.0,32,mIoU,55.4323,43.7715,98982152,checkpoints/rsfm_dfc2020_s2_fft_20260417_212902.pt
panopticon,dfc2020,s2s1,fft,20,0.001,0.0001,32,mIoU,54.8048,51.7514,98982152,checkpoints/rsfm_dfc2020_s2s1_fft_20260417_213235.pt
panopticon,dfc2020,s1,fft,20,0.001,0.0,32,mIoU,50.3176,47.8890,98982152,checkpoints/rsfm_dfc2020_s1_fft_20260417_213351.pt
panopticon,dfc2020,s1,fft,20,0.0005,0.01,32,mIoU,50.7097,48.0898,98982152,checkpoints/rsfm_dfc2020_s1_fft_20260417_214607.pt
panopticon,dfc2020,s2s1,fft,20,0.001,0.0,32,mIoU,54.4636,48.8777,98982152,checkpoints/rsfm_dfc2020_s2s1_fft_20260417_214911.pt
panopticon,dfc2020,s1,fft,20,0.0005,0.0001,32,mIoU,50.6077,46.3134,98982152,checkpoints/rsfm_dfc2020_s1_fft_20260417_215806.pt
panopticon,dfc2020,s2s1,fft,20,0.0005,0.01,32,mIoU,54.4996,51.1723,98982152,checkpoints/rsfm_dfc2020_s2s1_fft_20260417_220553.pt
panopticon,dfc2020,s1,fft,20,0.0005,0.0,32,mIoU,50.3110,45.1978,98982152,checkpoints/rsfm_dfc2020_s1_fft_20260417_220958.pt
panopticon,dfc2020,s1,fft,20,0.0001,0.01,32,mIoU,50.1926,46.1496,98982152,checkpoints/rsfm_dfc2020_s1_fft_20260417_222148.pt
panopticon,dfc2020,s2s1,fft,20,0.0005,0.0001,32,mIoU,54.2194,49.0102,98982152,checkpoints/rsfm_dfc2020_s2s1_fft_20260417_222232.pt
panopticon,dfc2020,s1,fft,20,0.0001,0.0001,32,mIoU,50.6170,44.9248,98982152,checkpoints/rsfm_dfc2020_s1_fft_20260417_223344.pt
panopticon,dfc2020,s2s1,fft,20,0.0005,0.0,32,mIoU,54.7078,52.1579,98982152,checkpoints/rsfm_dfc2020_s2s1_fft_20260417_223910.pt
panopticon,dfc2020,s1,fft,20,0.0001,0.0,32,mIoU,50.5436,47.9667,98982152,checkpoints/rsfm_dfc2020_s1_fft_20260417_224542.pt
panopticon,dfc2020,s2s1,fft,20,0.0001,0.01,32,mIoU,55.5450,50.6204,98982152,checkpoints/rsfm_dfc2020_s2s1_fft_20260417_225546.pt
panopticon,dfc2020,s2s1,fft,20,0.0001,0.0001,32,mIoU,55.5106,50.6735,98982152,checkpoints/rsfm_dfc2020_s2s1_fft_20260417_231216.pt
panopticon,dfc2020,s2s1,fft,20,0.0001,0.0,32,mIoU,55.7018,52.3463,98982152,checkpoints/rsfm_dfc2020_s2s1_fft_20260417_232850.pt
panopticon,dfc2020,s2_rgb,fft,20,0.001,0.01,32,mIoU,52.1775,41.3588,98982152,
panopticon,dfc2020,s2_rgb,fft,20,0.001,0.0001,32,mIoU,51.9148,46.0558,98982152,
panopticon,dfc2020,s2_rgb,fft,20,0.001,0.0,32,mIoU,52.1896,43.9930,98982152,
panopticon,dfc2020,s2_rgb,fft,20,0.0005,0.01,32,mIoU,53.5286,46.5548,98982152,
panopticon,dfc2020,s2_rgb,fft,20,0.0005,0.0001,32,mIoU,52.7713,43.2758,98982152,
panopticon,dfc2020,s2_rgb,fft,20,0.0005,0.0,32,mIoU,53.6403,50.3625,98982152,
panopticon,dfc2020,s2_rgb,fft,20,0.0001,0.01,32,mIoU,54.2349,45.8218,98982152,
panopticon,dfc2020,s2_rgb,fft,20,0.0001,0.0001,32,mIoU,54.5672,45.4977,98982152,
panopticon,dfc2020,s2_rgb,fft,20,0.0001,0.0,32,mIoU,54.0276,46.2033,98982152,
panopticon,dfc2020,s2_rgb+s2_norgb,fft,20,0.001,0.01,32,mIoU,53.5117,49.6302,98982152,
panopticon,dfc2020,s2_rgb+s2_norgb,fft,20,0.001,0.0001,32,mIoU,54.8793,50.7542,98982152,
panopticon,dfc2020,s2_rgb+s2_norgb,fft,20,0.001,0.0,32,mIoU,53.8483,50.1280,98982152,
panopticon,dfc2020,s2_rgb+s2_norgb,fft,20,0.0005,0.01,32,mIoU,54.8114,52.8492,98982152,
panopticon,dfc2020,s2_rgb+s2_norgb,fft,20,0.0005,0.0001,32,mIoU,54.2306,50.3254,98982152,
panopticon,dfc2020,s2_rgb+s2_norgb,fft,20,0.0005,0.0,32,mIoU,54.3831,51.7076,98982152,
olmoearth-base,dfc2020,s2_norgb,fft,16,0.0003,0.0,32,mIoU,58.4233,52.9124,88962056,
panopticon,dfc2020,s2_norgb,fft,16,0.0003,0.0,32,mIoU,55.4334,51.2816,98982152,
panopticon,dfc2020,s2_norgb,fft,20,0.001,0.01,32,mIoU,53.9295,46.8804,98982152,
olmoearth-base,dfc2020,s2_norgb,fft,20,0.001,0.01,32,mIoU,58.1714,52.7319,88962056,
olmoearth-base,dfc2020,s2_norgb,fft,20,0.001,0.0001,32,mIoU,58.9870,54.0143,88962056,
panopticon,dfc2020,s2_norgb,fft,20,0.001,0.0001,32,mIoU,54.3952,44.4888,98982152,
olmoearth-base,dfc2020,s2_norgb,fft,20,0.001,0.0,32,mIoU,57.7481,52.3316,88962056,
panopticon,dfc2020,s2_norgb,fft,20,0.001,0.0,32,mIoU,53.7132,39.5747,98982152,
olmoearth-base,dfc2020,s2_norgb,fft,20,0.0005,0.01,32,mIoU,58.2116,53.7058,88962056,
panopticon,dfc2020,s2_norgb,fft,20,0.0005,0.01,32,mIoU,55.0912,49.2887,98982152,
olmoearth-base,dfc2020,s2_norgb,fft,20,0.0005,0.0001,32,mIoU,57.9836,53.1656,88962056,
panopticon,dfc2020,s2_norgb,fft,20,0.0005,0.0001,32,mIoU,54.6825,50.7305,98982152,
olmoearth-base,dfc2020,s2_norgb,fft,20,0.0005,0.0,32,mIoU,58.3957,53.4453,88962056,
panopticon,dfc2020,s2_norgb,fft,20,0.0005,0.0,32,mIoU,54.9721,49.4994,98982152,
olmoearth-base,dfc2020,s2_norgb,fft,20,0.0001,0.01,32,mIoU,58.3626,55.6263,88962056,
panopticon,dfc2020,s2_norgb,fft,20,0.0001,0.01,32,mIoU,55.3137,50.4022,98982152,
olmoearth-base,dfc2020,s2_norgb,fft,20,0.0001,0.0001,32,mIoU,58.2984,53.9162,88962056,
panopticon,dfc2020,s2_norgb,fft,20,0.0001,0.0001,32,mIoU,54.6482,49.6684,98982152,
olmoearth-base,dfc2020,s2_norgb,fft,20,0.0001,0.0,32,mIoU,58.6063,53.7337,88962056,
panopticon,dfc2020,s2_norgb,fft,20,0.0001,0.0,32,mIoU,55.7130,48.4878,98982152,
olmoearth-large,dfc2020,s2_norgb,fft,20,0.001,0.01,32,mIoU,58.5391,50.0812,307781640,
olmoearth-large,dfc2020,s2_norgb,fft,20,0.001,0.0001,32,mIoU,58.8114,50.2513,307781640,
olmoearth-large,dfc2020,s2_norgb,fft,20,0.001,0.0,32,mIoU,57.6692,52.5152,307781640,
olmoearth-large,dfc2020,s2_norgb,fft,20,0.0005,0.01,32,mIoU,59.3371,53.1529,307781640,
