wandb_run_id,starting_modality,new_modality,ssl_lr,weight_decay,epochs,mask_ratio,modality_dropout,labeled_frequency,labeled_start_fraction,use_mae,use_latent,trainable_params,active_losses,val_transfer,test_transfer,val_peeking,test_peeking,val_addition,test_addition,val_ens_addition,test_ens_addition,stage0_checkpoint,shote2e_checkpoint
hrc3urn1,rgb,nir,1.6481585622952472e-05,1.1339743394011436e-05,64,0.3005431675476987,0.22715177471955883,0.6103620540948891,0.8921194495884319,True,True,47172628,prefusion+distill+ce+mae+latent,61.96,66.48,87.85,88.41,94.19,88.00,74.91,90.37,checkpoints/rgb_randinit_fft.pt,checkpoints/sweep_hrc3urn1_0203_2151.pt
czza8bqn,rgb,nir,6.138719059851809e-05,1.8012881822732012e-05,64,0.38060887110198416,0.12246120179054289,0.32370654580115726,0.5316724708765149,True,True,47172628,prefusion+distill+ce+mae+latent,64.19,69.43,88.15,88.69,92.52,88.67,76.17,91.11,checkpoints/rgb_randinit_fft.pt,checkpoints/sweep_czza8bqn_0203_2154.pt
w776gd1g,rgb,vre,0.00014861600089000065,0.019119712684129625,64,0.3822397550612435,0.4337048854588784,0.10898080562810346,0.5165359050352866,True,True,47369492,prefusion+distill+ce+mae+latent,79.67,85.09,85.63,86.06,87.81,89.28,82.63,90.37,checkpoints/rgb_randinit_fft.pt,checkpoints/sweep_w776gd1g_0203_2200.pt
izg213bf,rgb,nir,9.270612611882344e-05,0.029360612819083615,64,0.8765477967533283,0.438679032622029,0.38729206018135914,0.9969933037427658,True,True,47172628,prefusion+distill+ce+mae+latent,72.67,78.94,86.48,86.96,89.59,86.19,79.56,90.93,checkpoints/rgb_randinit_fft.pt,checkpoints/sweep_izg213bf_0203_2200.pt
7yye0vd8,rgb,nir,0.0002320446046199052,0.0004216941343439358,64,0.6906564008640863,0.4661010181972534,0.08007368869201562,0.8710671617690587,True,True,47172628,prefusion+distill+ce+mae+latent,72.41,78.26,86.37,86.26,88.41,87.72,79.37,90.17,checkpoints/rgb_randinit_fft.pt,checkpoints/sweep_7yye0vd8_0203_2200.pt
gyuys87o,rgb,nir,8.890392630868419e-05,7.817674082317068e-05,64,0.6154315190073467,0.24286626619648857,0.3155475863170731,0.0982414270146862,True,True,47172628,prefusion+distill+ce+mae+latent,69.67,75.52,88.07,88.35,91.70,88.39,78.83,91.74,checkpoints/rgb_randinit_fft.pt,checkpoints/sweep_gyuys87o_0203_2201.pt
7mb73ao4,rgb,nir,2.073969710360133e-05,1.5608585773543658e-05,64,0.3257175362654052,0.21156228301325825,0.35263172368248874,0.9299149173398724,True,True,47172628,prefusion+distill+ce+mae+latent,61.85,67.09,87.04,87.91,94.11,87.87,74.44,90.37,checkpoints/rgb_randinit_fft.pt,checkpoints/sweep_7mb73ao4_0203_2201.pt
x86ib4ni,rgb,swir,6.490677090241384e-05,0.003446795426356799,64,0.5172097164394313,0.18317194946991872,0.6855259089796566,0.9663699648116958,True,True,47369492,prefusion+distill+ce+mae+latent,77.70,81.50,86.63,87.46,87.70,87.09,82.07,90.19,checkpoints/rgb_randinit_fft.pt,checkpoints/sweep_x86ib4ni_0203_2201.pt
dswmrx8p,rgb,vre,3.3521891028977e-05,0.023405513935490008,64,0.4034232963472616,0.24728227087286725,0.6414823521553483,0.8472356029179196,True,True,47369492,prefusion+distill+ce+mae+latent,78.41,83.74,87.63,88.19,88.63,87.43,83.02,90.87,checkpoints/rgb_randinit_fft.pt,checkpoints/sweep_dswmrx8p_0203_2202.pt
3iwsemft,rgb,swir,5.646538326979767e-05,0.00026256744985417513,64,0.8527217489637956,0.1963154528585719,0.22252875556475307,0.6778594128650041,True,True,47369492,prefusion+distill+ce+mae+latent,77.89,81.70,87.85,88.44,80.07,78.61,82.87,90.19,checkpoints/rgb_randinit_fft.pt,checkpoints/sweep_3iwsemft_0203_2203.pt
k7parb0q,rgb,nir,8.167386026483078e-05,0.00012157129603767734,64,0.7553046514375236,0.3548984680940116,0.4234745541939931,0.5694327350714073,True,True,47172628,prefusion+distill+ce+mae+latent,70.22,76.20,87.59,87.46,90.59,87.80,78.67,91.11,checkpoints/rgb_randinit_fft.pt,checkpoints/sweep_k7parb0q_0203_2206.pt
90cd4ife,rgb,nir,0.00017448104971015826,0.013790159724950363,64,0.7056290262687462,0.15633525067362256,0.8394661798644474,0.5047403607468249,True,True,47172628,prefusion+distill+ce+mae+latent,65.44,70.00,87.33,88.06,90.59,88.48,76.39,91.28,checkpoints/rgb_randinit_fft.pt,checkpoints/sweep_90cd4ife_0203_2207.pt
5nncgdlt,rgb,vre,0.00034621693511552375,0.018787936917525987,64,0.2856943688673067,0.3587082464259248,0.774773784297588,0.4662589158864658,True,True,47369492,prefusion+distill+ce+mae+latent,79.63,83.37,88.52,88.67,87.67,88.98,83.76,91.20,checkpoints/rgb_randinit_fft.pt,checkpoints/sweep_5nncgdlt_0203_2214.pt
lw8hy5p0,rgb,vre,0.00015240290240529084,0.06217796218306653,64,0.15860310187284404,0.33264361808164544,0.7421552521485386,0.4632819013372562,True,True,47369492,prefusion+distill+ce+mae+latent,79.59,85.41,87.85,88.94,89.48,90.02,83.65,91.22,checkpoints/rgb_randinit_fft.pt,checkpoints/sweep_lw8hy5p0_0203_2217.pt
d52hht56,rgb,swir,5.8590761581173715e-05,0.017771346407031832,64,0.35357357708667025,0.4441694002795724,0.46611429854539527,0.0777878253298423,True,True,47369492,prefusion+distill+ce+mae+latent,78.81,83.80,88.67,88.81,89.78,88.52,83.74,90.89,checkpoints/rgb_randinit_fft.pt,checkpoints/sweep_d52hht56_0203_2219.pt
0xc5uvol,nir,rgb,1.0688493538439898e-05,0.0030435595135816663,64,0.21813456281015384,0.4748330333147446,0.08039153474864495,0.11613930598815292,True,True,47172628,prefusion+distill+ce+mae+latent,64.67,75.80,77.44,78.70,77.56,79.00,70.91,84.91,checkpoints/nir_randinit_fft.pt,checkpoints/sweep_0xc5uvol_0203_2220.pt
uclwvvf8,nir,rgb,0.0003597658796684907,0.011048127438611345,64,0.4627783117982247,0.2457848439764116,0.7160987357509394,0.6724538016630657,True,True,47172628,prefusion+distill+ce+mae+latent,67.89,78.37,78.22,79.20,76.89,80.44,71.98,82.80,checkpoints/nir_randinit_fft.pt,checkpoints/sweep_uclwvvf8_0203_2228.pt
t7aavojv,nir,rgb,1.4049440052073044e-05,6.165153379834345e-05,64,0.3992105718487069,0.44457021519658846,0.8009055144686262,0.5866190268507612,True,True,47172628,prefusion+distill+ce+mae+latent,66.04,78.13,79.07,79.91,74.30,76.02,72.31,86.06,checkpoints/nir_randinit_fft.pt,checkpoints/sweep_t7aavojv_0203_2228.pt
izezo3w8,rgb,swir,0.00010420124947609904,0.01269537017697136,64,0.517586948552056,0.387951505530723,0.8428121920478596,0.13146753774282172,True,True,47369492,prefusion+distill+ce+mae+latent,77.44,82.69,88.85,87.93,88.07,87.83,83.09,90.98,checkpoints/rgb_randinit_fft.pt,checkpoints/sweep_izezo3w8_0203_2230.pt
bqen7axd,nir,rgb,0.00021834354568316203,0.00011944423480664538,64,0.6136808068224208,0.2585730655589492,0.8548119730649213,0.5121475277544153,True,True,47172628,prefusion+distill+ce+mae+latent,66.41,78.13,77.33,78.28,70.15,74.15,71.87,84.67,checkpoints/nir_randinit_fft.pt,checkpoints/sweep_bqen7axd_0203_2239.pt
pmorso2i,rgb,vre,1.4893757774757996e-05,0.002350080445678349,64,0.4635163550140853,0.1241026301064328,0.7036809743628635,0.9098149055015684,True,True,47369492,prefusion+distill+ce+mae+latent,74.04,78.44,87.63,87.87,86.37,84.50,80.83,89.96,checkpoints/rgb_randinit_fft.pt,checkpoints/sweep_pmorso2i_0203_2240.pt
yrb8dwv5,nir,swir,0.00017522295092991367,0.03533644175768776,64,0.3826674245882557,0.33822568433959577,0.1005719770634919,0.28475366163673543,True,True,47172628,prefusion+distill+ce+mae+latent,70.19,81.09,75.63,77.20,78.15,80.41,72.52,83.46,checkpoints/nir_randinit_fft.pt,checkpoints/sweep_yrb8dwv5_0203_2241.pt
zb24cnk5,rgb,vre,1.3876492187209728e-05,0.00012694944060313523,64,0.4918814564306811,0.3208177437618486,0.36221049050270226,0.7294993769779025,True,True,47369492,prefusion+distill+ce+mae+latent,77.04,82.41,88.00,88.04,85.70,84.93,82.28,90.94,checkpoints/rgb_randinit_fft.pt,checkpoints/sweep_zb24cnk5_0203_2241.pt
61vnspq5,nir,swir,0.0008796985491372996,0.007357762816929477,64,0.130781893387396,0.3358873842475948,0.2486777010324859,0.5469865299574946,True,True,47172628,prefusion+distill+ce+mae+latent,70.11,77.00,76.70,78.59,78.26,80.94,73.39,82.72,checkpoints/nir_randinit_fft.pt,checkpoints/sweep_61vnspq5_0203_2242.pt
i10fms5g,nir,swir,0.0008061628912392876,0.016416778365267858,64,0.6798710121240189,0.2870524401375055,0.5829318265521405,0.5046675817340219,True,True,47172628,prefusion+distill+ce+mae+latent,70.41,78.09,76.48,77.50,73.96,77.94,72.94,83.87,checkpoints/nir_randinit_fft.pt,checkpoints/sweep_i10fms5g_0203_2249.pt
nl961wdc,nir,swir,1.776847492928662e-05,0.004762760399392587,64,0.1420554044982282,0.311747445393881,0.6139811938302164,0.4609577360610118,True,True,47172628,prefusion+distill+ce+mae+latent,68.67,79.44,78.22,79.78,77.48,78.35,73.19,83.63,checkpoints/nir_randinit_fft.pt,checkpoints/sweep_nl961wdc_0203_2251.pt
lmpa00am,vre,rgb,0.00012106371284365348,1.9749202497208306e-05,64,0.7640048038551314,0.31239887487515894,0.20981475089737092,0.9468431154190036,True,True,47369492,prefusion+distill+ce+mae+latent,81.81,85.00,88.41,88.85,92.00,88.93,85.11,90.93,checkpoints/vre_randinit_fft.pt,checkpoints/sweep_lmpa00am_0203_2252.pt
wdr5w4cx,rgb,vre,2.9829335243395603e-05,0.0027043041920238563,64,0.7121617984295948,0.4985416567937543,0.5971984300121251,0.0290897125522791,True,True,47369492,prefusion+distill+ce+mae+latent,81.19,86.87,89.56,89.06,83.04,82.02,85.26,91.48,checkpoints/rgb_randinit_fft.pt,checkpoints/sweep_wdr5w4cx_0203_2252.pt
dg8hc71l,rgb,vre,0.0002290636940894054,0.00018862914221722148,64,0.7777560058427379,0.1376130100907226,0.6135756482418312,0.2219449253920398,True,True,47369492,prefusion+distill+ce+mae+latent,79.11,83.17,88.11,88.43,84.11,84.72,83.39,90.96,checkpoints/rgb_randinit_fft.pt,checkpoints/sweep_dg8hc71l_0203_2254.pt
1x5rg4gv,vre,rgb,0.0009866371332408596,0.05127519835097004,64,0.6996859213750729,0.3552577450142095,0.3401474749459973,0.7497112988966742,True,True,47369492,prefusion+distill+ce+mae+latent,83.81,85.91,86.74,86.65,87.59,88.24,85.28,88.78,checkpoints/vre_randinit_fft.pt,checkpoints/sweep_1x5rg4gv_0203_2256.pt
vju7xeso,vre,nir,1.3205853623174043e-05,0.001342368823938391,64,0.30664652204149717,0.15820375519920515,0.08855364916827113,0.9171227438220464,True,True,47172628,prefusion+distill+ce+mae+latent,62.74,63.22,88.30,89.48,95.93,89.22,75.52,87.81,checkpoints/vre_randinit_fft.pt,checkpoints/sweep_vju7xeso_0203_2257.pt
1p19kovt,vre,rgb,0.0002882446273083399,0.00853543604433975,64,0.873983118481747,0.4138119653082089,0.6919944502219328,0.6025603719376944,True,True,47369492,prefusion+distill+ce+mae+latent,82.37,83.96,89.26,88.91,90.70,88.61,85.76,91.28,checkpoints/vre_randinit_fft.pt,checkpoints/sweep_1p19kovt_0203_2301.pt
7ytqcqbn,rgb,nir,1.5404988800722833e-05,0.0027406960376611033,64,0.51669388907752,0.43484950467278816,0.6030858335801822,0.90350776258706,True,True,47172628,prefusion+distill+ce+mae+latent,68.85,74.63,87.78,88.43,93.74,88.06,78.31,91.07,checkpoints/rgb_randinit_fft.pt,checkpoints/sweep_7ytqcqbn_0203_2303.pt
jx0aud41,vre,nir,0.000346674443058657,1.1597232960175142e-05,64,0.6177337850565494,0.1803885408567617,0.5077174483339381,0.7082228521457183,True,True,47172628,prefusion+distill+ce+mae+latent,69.70,71.72,88.96,89.31,91.74,88.98,79.09,88.63,checkpoints/vre_randinit_fft.pt,checkpoints/sweep_jx0aud41_0203_2303.pt
2w4g81zk,vre,nir,1.2794345438249946e-05,0.053617060862651035,64,0.14099140038248514,0.2466537310449967,0.7547375610608437,0.6970343720623987,True,True,47172628,prefusion+distill+ce+mae+latent,64.70,64.85,89.26,89.63,96.85,88.78,76.48,87.74,checkpoints/vre_randinit_fft.pt,checkpoints/sweep_2w4g81zk_0203_2306.pt
wlsuqo8a,rgb,nir,0.0005327478694377432,0.0010448504821323982,64,0.5653645914058102,0.1944067012448761,0.010836572929420153,0.5321292318132284,True,True,47172628,prefusion+distill+ce+mae+latent,64.85,69.43,84.74,85.56,87.19,87.81,74.69,89.28,checkpoints/rgb_randinit_fft.pt,checkpoints/sweep_wlsuqo8a_0203_2308.pt
47otadek,vre,rgb,3.63337956507648e-05,0.049923437639977586,64,0.1440635319672067,0.2017732867602809,0.4050557432834294,0.0569248918749532,True,True,47369492,prefusion+distill+ce+mae+latent,73.07,76.52,89.70,89.76,96.33,88.91,81.26,90.26,checkpoints/vre_randinit_fft.pt,checkpoints/sweep_47otadek_0203_2308.pt
tuulkl6v,rgb,nir,0.0006328578481022701,0.0057804531534289385,64,0.29806685536133304,0.3032858504685104,0.811435210466007,0.5171361443110103,True,True,47172628,prefusion+distill+ce+mae+latent,65.19,71.74,87.70,88.37,88.07,89.33,76.43,91.02,checkpoints/rgb_randinit_fft.pt,checkpoints/sweep_tuulkl6v_0203_2313.pt
2a2e48au,rgb,nir,0.0002023399776121478,0.02368300993167539,64,0.17090467134514026,0.17914412486302844,0.742977996387524,0.27697432039831393,True,True,47172628,prefusion+distill+ce+mae+latent,67.89,74.41,88.70,88.43,92.70,88.80,78.26,91.59,checkpoints/rgb_randinit_fft.pt,checkpoints/sweep_2a2e48au_0203_2317.pt
whypfr31,rgb,nir,2.675655597975428e-05,0.07998875492455619,64,0.3682732504350129,0.23050851642525383,0.08019088784658791,0.9688203926709464,True,True,47172628,prefusion+distill+ce+mae+latent,64.11,69.94,86.74,87.56,93.37,88.22,75.31,89.96,checkpoints/rgb_randinit_fft.pt,checkpoints/sweep_whypfr31_0203_2318.pt
xncio73q,vre,swir,0.000232845017805095,0.00013988817323822234,64,0.2611754200770345,0.3600404608838855,0.4708933583673399,0.9227922255727696,True,True,47369492,prefusion+distill+ce+mae+latent,83.67,84.56,88.67,89.39,92.26,89.37,85.83,89.50,checkpoints/vre_randinit_fft.pt,checkpoints/sweep_xncio73q_0203_2323.pt
rsxl1w3b,vre,nir,1.6380149645030904e-05,0.002378658698704001,64,0.21491787476292004,0.18785212354793696,0.8464349760420706,0.19282604510119028,True,True,47172628,prefusion+distill+ce+mae+latent,66.30,66.43,90.30,90.17,96.52,89.06,78.30,88.76,checkpoints/vre_randinit_fft.pt,checkpoints/sweep_rsxl1w3b_0203_2326.pt
di5a7tj9,rgb,nir,4.5838014345298824e-05,1.0414876658506876e-05,64,0.7258386673569632,0.3596843577311475,0.8444735739022431,0.6583349377726314,True,True,47172628,prefusion+distill+ce+mae+latent,69.81,74.87,87.59,87.83,92.48,87.94,78.65,90.96,checkpoints/rgb_randinit_fft.pt,checkpoints/sweep_di5a7tj9_0203_2326.pt
54x71kxj,rgb,nir,2.4965043537008595e-05,0.00883176167289194,64,0.760809097920628,0.17294987396094996,0.23124219003301075,0.7957408812606475,True,True,47172628,prefusion+distill+ce+mae+latent,63.56,68.87,88.11,87.87,91.07,87.37,75.83,90.20,checkpoints/rgb_randinit_fft.pt,checkpoints/sweep_54x71kxj_0203_2326.pt
ourfs15a,vre,swir,2.6304840193846677e-05,0.05119801656294251,64,0.19909727200914015,0.4942162536499498,0.349646520672721,0.6846855645711017,True,True,47369492,prefusion+distill+ce+mae+latent,82.52,83.54,89.44,90.19,95.67,89.04,85.98,89.24,checkpoints/vre_randinit_fft.pt,checkpoints/sweep_ourfs15a_0203_2330.pt
26wovshr,rgb,swir,1.749204881903043e-05,2.1912605066827767e-05,64,0.12835368583355394,0.3211593414028303,0.04128516706588871,0.031127434053019657,True,True,47369492,prefusion+distill+ce+mae+latent,75.48,80.37,87.11,87.81,89.56,88.17,81.06,89.78,checkpoints/rgb_randinit_fft.pt,checkpoints/sweep_26wovshr_0203_2335.pt
tq5luqxr,swir,rgb,0.00018222094951469,0.0007705007736855314,64,0.6008761529659424,0.461093031655028,0.12370985121310688,0.29097579037238264,True,True,47369492,prefusion+distill+ce+mae+latent,79.93,84.37,85.11,84.69,88.56,85.09,81.98,88.67,checkpoints/swir_randinit_fft.pt,checkpoints/sweep_tq5luqxr_0203_2336.pt
4i2olfdm,rgb,vre,1.6205756084282122e-05,0.0006124619404830656,64,0.31251061302836236,0.13775353151999492,0.5076777309150043,0.9167846806965332,True,True,47369492,prefusion+distill+ce+mae+latent,73.81,78.35,87.56,88.24,88.48,87.81,80.69,89.89,checkpoints/rgb_randinit_fft.pt,checkpoints/sweep_4i2olfdm_0203_2336.pt
bhpzj3ve,swir,nir,0.00012273808012794977,0.0008984030096982721,64,0.8075592774246423,0.13671000729758323,0.8893229051688478,0.9439385630639234,True,True,47172628,prefusion+distill+ce+mae+latent,65.56,70.52,85.44,85.93,88.19,84.41,74.80,86.02,checkpoints/swir_randinit_fft.pt,checkpoints/sweep_bhpzj3ve_0203_2340.pt
667yqelf,swir,nir,1.7826630348648036e-05,6.676555132826263e-05,64,0.6923480226450686,0.2003062512911856,0.06886285693987935,0.05008290577869812,True,True,47172628,prefusion+distill+ce+mae+latent,62.52,64.69,85.85,85.72,91.37,84.89,73.98,85.28,checkpoints/swir_randinit_fft.pt,checkpoints/sweep_667yqelf_0203_2341.pt
hvhhpiy7,nir,vre,3.0617571018173855e-05,0.04298961929228698,64,0.30596206256520875,0.481431904391738,0.024463843117049168,0.6040030725940859,True,True,47172628,prefusion+distill+ce+mae+latent,74.96,80.67,76.96,78.13,78.11,79.52,75.93,80.89,checkpoints/nir_randinit_fft.pt,checkpoints/sweep_hvhhpiy7_0203_2341.pt
okf3goq9,vre,swir,2.505475414731545e-05,0.008902942981953307,64,0.6183260462302327,0.23705811328712773,0.8237944667434673,0.5527395128518858,True,True,47369492,prefusion+distill+ce+mae+latent,80.63,80.48,89.70,90.09,94.00,88.93,85.02,89.15,checkpoints/vre_randinit_fft.pt,checkpoints/sweep_okf3goq9_0203_2341.pt
wyaoodbi,rgb,nir,9.708449796192133e-05,0.033158186973922456,64,0.780853364013808,0.32959356558122377,0.6084851324636773,0.6693070226242633,True,True,47172628,prefusion+distill+ce+mae+latent,71.89,78.46,87.48,88.69,90.78,87.59,79.69,92.02,checkpoints/rgb_randinit_fft.pt,checkpoints/sweep_wyaoodbi_0203_2342.pt
0ov4a6gi,rgb,vre,4.139932945808077e-05,0.009122180111094946,64,0.8739213018694729,0.3485512967282505,0.8737262065313309,0.9906351782634428,True,True,47369492,prefusion+distill+ce+mae+latent,78.56,83.81,86.96,87.44,80.59,80.00,82.72,90.78,checkpoints/rgb_randinit_fft.pt,checkpoints/sweep_0ov4a6gi_0203_2344.pt
a0q5983d,vre,swir,0.0006849357866462079,0.0088775765597337,64,0.7119933404838895,0.4412085114005163,0.7482197570239238,0.27436514545824975,True,True,47369492,prefusion+distill+ce+mae+latent,83.00,85.72,89.78,89.80,90.19,89.89,86.39,90.63,checkpoints/vre_randinit_fft.pt,checkpoints/sweep_a0q5983d_0203_2347.pt
82oga51p,nir,vre,0.00018659684738051488,0.0004185798555674033,64,0.8661068736023155,0.4027287600423546,0.48112579395354926,0.5602695512635295,True,True,47172628,prefusion+distill+ce+mae+latent,75.96,78.19,76.44,76.19,65.70,68.15,76.00,79.98,checkpoints/nir_randinit_fft.pt,checkpoints/sweep_82oga51p_0203_2349.pt
v8nr6tix,swir,nir,0.00016247557736697013,0.00459010927251973,64,0.2768322918686742,0.18129632631655632,0.3769863198455634,0.3857026678828442,True,True,47172628,prefusion+distill+ce+mae+latent,67.37,70.74,86.70,85.43,90.96,85.67,77.02,87.91,checkpoints/swir_randinit_fft.pt,checkpoints/sweep_v8nr6tix_0203_2349.pt
sgt2vla9,swir,rgb,0.0006820363106369554,0.000145378965526432,64,0.3014504203315047,0.4094149119985212,0.6089348686042316,0.26193212302609414,True,True,47369492,prefusion+distill+ce+mae+latent,75.56,78.56,86.11,84.89,86.89,86.76,80.83,87.31,checkpoints/swir_randinit_fft.pt,checkpoints/sweep_sgt2vla9_0203_2349.pt
bosulmbc,nir,rgb,1.0839106113589296e-05,0.007401909527488424,64,0.5943982314017323,0.270275366992076,0.1267618425761187,0.6645068868361604,True,True,47172628,prefusion+distill+ce+mae+latent,60.37,71.39,77.74,78.24,68.22,69.93,69.06,84.13,checkpoints/nir_randinit_fft.pt,checkpoints/sweep_bosulmbc_0203_2350.pt
ymyjrrax,nir,rgb,0.0004971130400120775,0.0005474726806079752,64,0.8715630836532139,0.3549834139370095,0.4474686787403625,0.5793115089637347,True,True,47172628,prefusion+distill+ce+mae+latent,69.37,80.57,76.67,77.09,65.04,70.78,72.89,84.00,checkpoints/nir_randinit_fft.pt,checkpoints/sweep_ymyjrrax_0203_2350.pt
i2hkajt5,rgb,vre,1.73941997690802e-05,0.03455963275202448,64,0.5318604582048153,0.10647246021379604,0.5045961556634849,0.9611915877695826,True,True,47369492,prefusion+distill+ce+mae+latent,75.07,79.00,87.85,88.02,85.67,84.48,80.69,89.02,checkpoints/rgb_randinit_fft.pt,checkpoints/sweep_i2hkajt5_0203_2351.pt
utbdxgyf,nir,vre,0.000103151329477721,0.0038551863897213464,64,0.3013689495167089,0.21478693643413643,0.820015393800206,0.9962961668748688,True,True,47172628,prefusion+distill+ce+mae+latent,74.81,79.22,75.81,78.57,79.15,78.78,75.28,80.74,checkpoints/nir_randinit_fft.pt,checkpoints/sweep_utbdxgyf_0203_2351.pt
fpv0j4hr,swir,rgb,0.00018443820793240896,0.058053918733309486,64,0.15960974585195933,0.3760402392914505,0.7085066435449593,0.30898219692601925,True,True,47369492,prefusion+distill+ce+mae+latent,79.67,84.44,86.37,85.98,91.56,85.20,82.78,89.69,checkpoints/swir_randinit_fft.pt,checkpoints/sweep_fpv0j4hr_0203_2351.pt
uzoc13ty,swir,rgb,5.215296563835423e-05,2.0847575422096333e-05,64,0.8233142017385581,0.21070210415227952,0.7553610879089752,0.44463173853770266,True,True,47369492,prefusion+distill+ce+mae+latent,76.78,80.94,87.11,86.83,92.15,85.69,81.94,89.61,checkpoints/swir_randinit_fft.pt,checkpoints/sweep_uzoc13ty_0203_2351.pt
htujlkv9,rgb,vre,3.3711211236860506e-05,0.04005129419648364,64,0.2128577138776409,0.12556608896182328,0.15296233492456088,0.4393693170096348,True,True,47369492,prefusion+distill+ce+mae+latent,76.44,80.78,88.00,88.56,89.33,88.72,82.17,90.22,checkpoints/rgb_randinit_fft.pt,checkpoints/sweep_htujlkv9_0203_2352.pt
2yq69l93,swir,nir,5.452586005075349e-05,0.022183955564162753,64,0.8376291784939556,0.422326517467414,0.44766882000973646,0.1863243877969785,True,True,47172628,prefusion+distill+ce+mae+latent,72.41,76.11,86.41,86.09,91.74,85.30,79.37,88.30,checkpoints/swir_randinit_fft.pt,checkpoints/sweep_2yq69l93_0203_2353.pt
v23qn758,rgb,swir,0.00013588903301664965,0.03203225502732988,64,0.7009644485597245,0.3499980974869997,0.6791064455580849,0.7560870131057343,True,True,47369492,prefusion+distill+ce+mae+latent,77.41,81.91,88.00,87.50,84.52,83.81,82.59,90.76,checkpoints/rgb_randinit_fft.pt,checkpoints/sweep_v23qn758_0203_2357.pt
vkdnvm8c,rgb,swir,0.0001619257444559464,0.0032838975325114655,64,0.715468269193271,0.2278284722977782,0.05186005691998824,0.8044730086527818,True,True,47369492,prefusion+distill+ce+mae+latent,76.44,79.91,85.93,86.41,84.44,84.65,80.28,89.72,checkpoints/rgb_randinit_fft.pt,checkpoints/sweep_vkdnvm8c_0204_0001.pt
j1nryshi,rgb,swir,0.00017769651616495735,0.00013284666351101446,64,0.7499720689167958,0.32817293086907917,0.7125769731060311,0.04398961268757895,True,True,47369492,prefusion+distill+ce+mae+latent,78.19,82.98,88.63,88.56,82.67,81.91,83.07,90.67,checkpoints/rgb_randinit_fft.pt,checkpoints/sweep_j1nryshi_0204_0003.pt
emtl6bpa,rgb,vre,4.669124769733141e-05,0.0013265133329534856,64,0.4159393433979963,0.1383275885675778,0.821701356463304,0.5555130268155004,True,True,47369492,prefusion+distill+ce+mae+latent,76.26,82.04,88.26,88.72,88.26,88.09,81.80,90.50,checkpoints/rgb_randinit_fft.pt,checkpoints/sweep_emtl6bpa_0204_0003.pt
oylsurit,rgb,vre,8.599803366212963e-05,0.012820573510679402,64,0.5530296546856874,0.4986702702405746,0.7692620937417832,0.010062797877695262,True,True,47369492,prefusion+distill+ce+mae+latent,79.00,84.70,88.44,89.19,85.74,85.43,83.70,91.59,checkpoints/rgb_randinit_fft.pt,checkpoints/sweep_oylsurit_0204_0003.pt
owpu4e76,nir,swir,1.1972989789919124e-05,0.0007608989659172972,64,0.6149655966775536,0.3088132960106802,0.5767907446332916,0.9166809581810668,True,True,47172628,prefusion+distill+ce+mae+latent,67.00,75.80,77.44,78.83,68.74,71.80,72.15,81.81,checkpoints/nir_randinit_fft.pt,checkpoints/sweep_owpu4e76_0204_0004.pt
jpkz3q13,nir,rgb,0.0004249578700337254,1.3204913508758254e-05,64,0.4184453336894912,0.3807130005922004,0.146352062747947,0.3141956679624779,True,True,47172628,prefusion+distill+ce+mae+latent,69.63,80.43,77.15,78.57,77.89,80.24,72.80,84.20,checkpoints/nir_randinit_fft.pt,checkpoints/sweep_jpkz3q13_0204_0005.pt
cg2wa368,rgb,vre,0.00015347367392589737,0.04190894947363536,64,0.4282460310612628,0.40189529307470906,0.20152849932915792,0.04742768694786348,True,True,47369492,prefusion+distill+ce+mae+latent,79.59,84.96,86.96,87.19,87.96,88.93,83.15,90.78,checkpoints/rgb_randinit_fft.pt,checkpoints/sweep_cg2wa368_0204_0007.pt
q2kw2cxb,rgb,vre,2.543582455835872e-05,0.020238722859045488,64,0.10733240633212836,0.4148588101232508,0.47981923823038025,0.3649171409576968,True,True,47369492,prefusion+distill+ce+mae+latent,80.59,85.65,89.22,88.98,89.63,88.24,84.91,91.48,checkpoints/rgb_randinit_fft.pt,checkpoints/sweep_q2kw2cxb_0204_0008.pt
uc8w7l08,nir,rgb,0.0006375525272407589,0.05958104698227218,64,0.7056192701910934,0.4643837049150009,0.6439341201898798,0.02587662628967169,True,True,47172628,prefusion+distill+ce+mae+latent,68.81,81.06,77.41,78.89,73.19,79.85,72.85,84.93,checkpoints/nir_randinit_fft.pt,checkpoints/sweep_uc8w7l08_0204_0013.pt
niz1pgbe,nir,swir,4.899675054424198e-05,0.0006279936514555389,64,0.6939162790112052,0.4981902805291919,0.7777953552061597,0.6831561471683916,True,True,47172628,prefusion+distill+ce+mae+latent,70.70,81.09,79.07,79.80,69.04,72.46,74.81,85.06,checkpoints/nir_randinit_fft.pt,checkpoints/sweep_niz1pgbe_0204_0017.pt
edfljcqu,nir,swir,0.00021660884954058227,2.0844083606321585e-05,64,0.5773923850994641,0.17106476731309989,0.27284197884334344,0.2425065813600219,True,True,47172628,prefusion+distill+ce+mae+latent,69.85,79.50,77.22,77.87,75.81,79.22,72.80,83.11,checkpoints/nir_randinit_fft.pt,checkpoints/sweep_edfljcqu_0204_0017.pt
ypvb1jxg,vre,nir,0.00012898728533607397,0.009909267039753663,64,0.238157546654141,0.37919748255990327,0.06282306026879106,0.21146019820223683,True,True,47172628,prefusion+distill+ce+mae+latent,73.04,75.41,88.89,88.91,94.11,89.07,80.96,88.24,checkpoints/vre_randinit_fft.pt,checkpoints/sweep_ypvb1jxg_0204_0019.pt
o7jdejod,nir,swir,0.00028838657295711536,0.00757600678832088,64,0.6603360265697443,0.4642132869257984,0.8452021429263166,0.357347940403,True,True,47172628,prefusion+distill+ce+mae+latent,71.67,80.54,77.00,77.22,74.33,76.72,73.91,82.48,checkpoints/nir_randinit_fft.pt,checkpoints/sweep_o7jdejod_0204_0022.pt
wavdzzpg,vre,swir,0.00010600058864175806,0.0002904091165869715,64,0.7974216810656007,0.20084223707600204,0.3271961004716213,0.9982872338100354,True,True,47369492,prefusion+distill+ce+mae+latent,82.33,83.13,87.41,88.72,91.33,88.15,84.59,89.30,checkpoints/vre_randinit_fft.pt,checkpoints/sweep_wavdzzpg_0204_0026.pt
2pq10st3,rgb,swir,0.00020458045575262024,0.0013156154775902085,64,0.8091123861435084,0.4643240759636361,0.08658369229234283,0.05666748150541834,True,True,47369492,prefusion+distill+ce+mae+latent,78.89,83.33,85.96,86.76,83.59,84.96,81.78,89.56,checkpoints/rgb_randinit_fft.pt,checkpoints/sweep_2pq10st3_0204_0028.pt
d5esz1m7,rgb,swir,0.000792693420345132,0.0067091068533963434,64,0.4481243418619103,0.2524604807933713,0.6528992601670953,0.5780252403870938,True,True,47369492,prefusion+distill+ce+mae+latent,78.19,81.52,88.93,89.59,87.56,90.04,83.56,90.98,checkpoints/rgb_randinit_fft.pt,checkpoints/sweep_d5esz1m7_0204_0032.pt
5el6ljrn,vre,nir,0.00014256551036412652,0.0002615774994178968,64,0.7069704467580689,0.16473050912473833,0.4332291464410698,0.5779588579408244,True,True,47172628,prefusion+distill+ce+mae+latent,69.44,71.57,89.67,90.06,92.93,89.04,79.50,89.43,checkpoints/vre_randinit_fft.pt,checkpoints/sweep_5el6ljrn_0204_0033.pt
k0k9g7n3,rgb,swir,0.00020935367452384033,0.0009561446256234092,64,0.7776610412210514,0.16778529970698722,0.4030062856510314,0.38987249229567855,True,True,47369492,prefusion+distill+ce+mae+latent,77.93,82.07,87.81,88.26,82.11,83.31,82.87,91.26,checkpoints/rgb_randinit_fft.pt,checkpoints/sweep_k0k9g7n3_0204_0033.pt
62pozit9,vre,rgb,2.076407304682732e-05,1.3375963526681428e-05,64,0.23674755910514855,0.29293223247479305,0.2942597026631584,0.35775351895816276,True,True,47369492,prefusion+distill+ce+mae+latent,71.96,73.56,89.26,89.93,95.96,89.02,80.50,89.35,checkpoints/vre_randinit_fft.pt,checkpoints/sweep_62pozit9_0204_0035.pt
vg17aa9c,rgb,swir,3.031655471531716e-05,0.016615691245788707,64,0.31177155091132014,0.16926635421032113,0.7999739907301284,0.5894161503546732,True,True,47369492,prefusion+distill+ce+mae+latent,76.26,80.39,88.15,88.74,89.56,88.26,82.17,90.52,checkpoints/rgb_randinit_fft.pt,checkpoints/sweep_vg17aa9c_0204_0036.pt
05rhds39,vre,swir,0.0001218718098232111,0.0006256559610419903,64,0.7374130030952021,0.1433821183821461,0.3978346455637971,0.4038193723418315,True,True,47369492,prefusion+distill+ce+mae+latent,82.56,82.63,90.04,89.48,92.67,89.04,85.96,89.87,checkpoints/vre_randinit_fft.pt,checkpoints/sweep_05rhds39_0204_0037.pt
ikf921lj,vre,swir,4.229292156848284e-05,0.009932381878743369,64,0.6318284335745382,0.28378133722652504,0.3929081105570448,0.17790240839358074,True,True,47369492,prefusion+distill+ce+mae+latent,83.26,83.63,89.78,90.28,93.74,88.83,86.35,89.96,checkpoints/vre_randinit_fft.pt,checkpoints/sweep_ikf921lj_0204_0038.pt
14edo8cs,nir,vre,5.701811946386134e-05,0.0979337146365628,64,0.4567168486959921,0.4947797293388799,0.8738755467155858,0.04169321674511573,True,True,47172628,prefusion+distill+ce+mae+latent,76.07,79.81,79.15,80.46,78.15,78.57,77.61,82.02,checkpoints/nir_randinit_fft.pt,checkpoints/sweep_14edo8cs_0204_0040.pt
1fg72zel,vre,nir,0.00016061631639571405,3.0328277620835004e-05,64,0.7746347263319707,0.236781395682102,0.4042007074635872,0.17426374775121745,True,True,47172628,prefusion+distill+ce+mae+latent,70.56,73.93,90.89,90.43,92.33,89.80,80.72,89.56,checkpoints/vre_randinit_fft.pt,checkpoints/sweep_1fg72zel_0204_0041.pt
pvo2ccs4,vre,swir,0.0006223749320576855,0.00013817158510956155,64,0.152926594883039,0.44576512666611856,0.5736279714012286,0.16726927573820582,True,True,47369492,prefusion+distill+ce+mae+latent,83.70,85.24,89.44,89.44,91.59,90.37,86.52,90.13,checkpoints/vre_randinit_fft.pt,checkpoints/sweep_pvo2ccs4_0204_0045.pt
8phc9uus,vre,nir,0.00011795184626853712,0.018181940600287307,64,0.2607761908953708,0.32252990708180895,0.3098983974157062,0.8166902524691899,True,True,47172628,prefusion+distill+ce+mae+latent,72.89,75.31,90.19,90.48,93.81,89.48,81.44,89.72,checkpoints/vre_randinit_fft.pt,checkpoints/sweep_8phc9uus_0204_0047.pt
efom0kla,vre,rgb,2.8674695252503206e-05,0.037475726980029184,64,0.8927280294278435,0.496692470826224,0.7122865323597597,0.14959687925455256,True,True,47369492,prefusion+distill+ce+mae+latent,80.22,83.19,90.44,90.15,94.48,88.78,85.33,90.91,checkpoints/vre_randinit_fft.pt,checkpoints/sweep_efom0kla_0204_0048.pt
9zfowrj2,vre,rgb,0.00022630398657352716,1.1396541842362688e-05,64,0.47772655512760087,0.4532668868177871,0.30283867155327765,0.06309875066280934,True,True,47369492,prefusion+distill+ce+mae+latent,83.41,86.61,89.85,90.04,92.74,89.48,86.30,91.70,checkpoints/vre_randinit_fft.pt,checkpoints/sweep_9zfowrj2_0204_0050.pt
v9wqnfg9,vre,swir,0.0006843341641268626,2.5082136499323432e-05,64,0.379866034541831,0.4625951260592206,0.5008157990328181,0.6806763000672209,True,True,47369492,prefusion+distill+ce+mae+latent,83.74,83.93,89.59,88.44,90.30,89.28,86.67,89.72,checkpoints/vre_randinit_fft.pt,checkpoints/sweep_v9wqnfg9_0204_0055.pt
9hotucd4,vre,rgb,1.0568788382039693e-05,0.00023185966729725503,64,0.7811247209763544,0.26451138894832593,0.6682470960461576,0.1553873524648377,True,True,47369492,prefusion+distill+ce+mae+latent,69.56,70.48,89.26,89.94,93.19,88.26,79.37,89.26,checkpoints/vre_randinit_fft.pt,checkpoints/sweep_9hotucd4_0204_0057.pt
zqkdwl2w,swir,rgb,8.203779103016158e-05,0.00014000972509046336,64,0.5945051373349574,0.4141258456977417,0.7259677472733157,0.7953707036248695,True,True,47369492,prefusion+distill+ce+mae+latent,77.48,82.98,86.44,86.28,91.67,85.65,81.69,89.31,checkpoints/swir_randinit_fft.pt,checkpoints/sweep_zqkdwl2w_0204_0057.pt
45a1yl5p,swir,rgb,0.0005276132327941461,0.0004103400570068783,64,0.5526114515359748,0.13187877260238,0.4460961029916704,0.44558041217562816,True,True,47369492,prefusion+distill+ce+mae+latent,73.56,77.17,85.81,84.24,86.74,85.72,79.69,86.67,checkpoints/swir_randinit_fft.pt,checkpoints/sweep_45a1yl5p_0204_0100.pt
kbsq8t5u,swir,rgb,0.0003119001208737498,0.00015952438054459418,64,0.2628766869104313,0.17609601616676274,0.24955025836413444,0.06372264850974696,True,True,47369492,prefusion+distill+ce+mae+latent,79.30,83.15,85.44,85.74,89.48,85.76,81.89,87.91,checkpoints/swir_randinit_fft.pt,checkpoints/sweep_kbsq8t5u_0204_0103.pt
srsjcruy,swir,rgb,0.0002717126672465462,1.3434618407098049e-05,64,0.8808738086223721,0.24001984433116175,0.32011157365883713,0.24012207450619616,True,True,47369492,prefusion+distill+ce+mae+latent,78.00,82.02,85.56,85.37,86.96,85.13,80.63,88.30,checkpoints/swir_randinit_fft.pt,checkpoints/sweep_srsjcruy_0204_0103.pt
4yqd0k3x,vre,swir,0.0001343273052236862,5.818676594199371e-05,64,0.2914518992246763,0.2737309159239303,0.4396379625898068,0.6562784605449147,True,True,47369492,prefusion+distill+ce+mae+latent,83.81,83.70,90.59,90.41,93.96,89.11,87.11,90.31,checkpoints/vre_randinit_fft.pt,checkpoints/sweep_4yqd0k3x_0204_0104.pt
v10f3x4m,swir,nir,2.811346289181788e-05,0.02815373380652196,64,0.3471612906261126,0.2784154524141141,0.6474048498518487,0.892133227830851,True,True,47172628,prefusion+distill+ce+mae+latent,65.37,66.96,86.00,85.46,93.15,84.87,75.69,86.50,checkpoints/swir_randinit_fft.pt,checkpoints/sweep_v10f3x4m_0204_0105.pt
d6v56ya9,swir,nir,0.00023903502427813963,0.0001837910892814913,64,0.4987975908019887,0.18906032443475915,0.8222930353721776,0.9031098005519816,True,True,47172628,prefusion+distill+ce+mae+latent,68.00,70.93,84.96,85.15,87.52,84.93,76.48,87.26,checkpoints/swir_randinit_fft.pt,checkpoints/sweep_d6v56ya9_0204_0106.pt
1el1zkz1,swir,nir,1.239294937282368e-05,0.002798679654624115,64,0.33569462248462956,0.2148384306893905,0.205459257495905,0.8259030980486305,True,True,47172628,prefusion+distill+ce+mae+latent,58.00,59.33,85.15,85.41,93.96,84.19,71.22,85.20,checkpoints/swir_randinit_fft.pt,checkpoints/sweep_1el1zkz1_0204_0109.pt
enpbhqzp,swir,nir,0.0004478036973825533,0.025087886640953093,64,0.3412402063086001,0.369801727426744,0.0971075076807682,0.4965069081836292,True,True,47172628,prefusion+distill+ce+mae+latent,71.33,74.00,84.78,84.50,87.04,85.11,77.48,86.31,checkpoints/swir_randinit_fft.pt,checkpoints/sweep_enpbhqzp_0204_0111.pt
ai1hxnnd,nir,rgb,0.0006338550895357635,2.893378007820934e-05,64,0.14355626451038514,0.14696810572980668,0.48599520468603186,0.9352998619670596,True,True,47172628,prefusion+distill+ce+mae+latent,63.74,74.39,75.37,76.96,78.19,79.41,69.50,84.00,checkpoints/nir_randinit_fft.pt,checkpoints/sweep_ai1hxnnd_0204_0111.pt
msrymwku,swir,nir,3.709977078498325e-05,0.005729908459029933,64,0.7792610891701046,0.28587490683744854,0.5277753236354881,0.501278599432558,True,True,47172628,prefusion+distill+ce+mae+latent,67.74,70.81,86.59,86.44,91.26,85.09,77.00,87.00,checkpoints/swir_randinit_fft.pt,checkpoints/sweep_msrymwku_0204_0112.pt
y6ro6tiy,nir,rgb,0.00011015961652168022,0.0002458219999324394,64,0.5170794086672746,0.2666613694437401,0.4698982301657481,0.8045061571291219,True,True,47172628,prefusion+distill+ce+mae+latent,67.07,78.89,76.67,77.74,71.59,74.35,71.67,84.81,checkpoints/nir_randinit_fft.pt,checkpoints/sweep_y6ro6tiy_0204_0113.pt
8za7vrh5,nir,rgb,1.883014495544144e-05,0.0004616107187593253,64,0.6937566418148046,0.4379369445761673,0.2315282739752344,0.7406962464714913,True,True,47172628,prefusion+distill+ce+mae+latent,67.19,79.87,77.78,77.81,62.41,63.61,72.26,85.67,checkpoints/nir_randinit_fft.pt,checkpoints/sweep_8za7vrh5_0204_0115.pt
uw1gl3l9,vre,swir,1.087509977954453e-05,2.2524478871809156e-05,64,0.1994917327160918,0.2707286238891743,0.5091666868013559,0.6459059467629801,True,True,47369492,prefusion+distill+ce+mae+latent,76.63,76.59,88.89,89.43,96.33,89.00,82.65,88.35,checkpoints/vre_randinit_fft.pt,checkpoints/sweep_uw1gl3l9_0204_0115.pt
f1vvcb7m,vre,swir,0.0006064022664467367,0.010350812669834166,64,0.28583509040395305,0.4907079954107164,0.6491650635511379,0.7059742123739752,True,True,47369492,prefusion+distill+ce+mae+latent,83.67,83.22,88.63,88.78,91.37,89.02,85.78,89.69,checkpoints/vre_randinit_fft.pt,checkpoints/sweep_f1vvcb7m_0204_0117.pt
4nbqkkwl,rgb,swir,0.0002075934997022169,0.011111603762793352,64,0.7309148084272447,0.4115572836186341,0.6283213578175181,0.560412181429078,True,True,47369492,prefusion+distill+ce+mae+latent,78.96,82.33,87.56,87.59,84.78,85.26,83.26,90.02,checkpoints/rgb_randinit_fft.pt,checkpoints/sweep_4nbqkkwl_0204_0118.pt
yuqih2o1,nir,rgb,0.00014433354865675565,0.04485368894751428,64,0.5339648298224566,0.3131352517794051,0.3668163769820957,0.25022615131659187,True,True,47172628,prefusion+distill+ce+mae+latent,67.33,79.13,77.26,78.89,72.11,77.15,72.13,84.52,checkpoints/nir_randinit_fft.pt,checkpoints/sweep_yuqih2o1_0204_0118.pt
nudabjtp,swir,nir,0.0004717270828171336,0.0004808693673136839,64,0.7140301639798714,0.4695943364571532,0.8521255443244133,0.8410157555992792,True,True,47172628,prefusion+distill+ce+mae+latent,70.81,74.15,85.74,85.43,87.15,85.26,77.65,86.87,checkpoints/swir_randinit_fft.pt,checkpoints/sweep_nudabjtp_0204_0119.pt
qu1tr6hd,nir,rgb,0.0001418009341055354,0.00015751386499350924,64,0.6410623481231014,0.3786723643023278,0.7153683142461704,0.6525686655835711,True,True,47172628,prefusion+distill+ce+mae+latent,66.59,79.87,78.07,79.04,66.26,70.15,72.22,84.80,checkpoints/nir_randinit_fft.pt,checkpoints/sweep_qu1tr6hd_0204_0121.pt
0i670scr,swir,rgb,0.00010195135113306396,2.3248623017272468e-05,64,0.7794977604434796,0.3491292441545789,0.3678302213943857,0.974489020054758,True,True,47369492,prefusion+distill+ce+mae+latent,77.48,81.76,84.81,84.52,89.70,83.87,81.11,88.24,checkpoints/swir_randinit_fft.pt,checkpoints/sweep_0i670scr_0204_0123.pt
l76raayz,swir,nir,0.0007461485493042871,2.251889142629558e-05,64,0.2732145300604347,0.19042128025275332,0.6098359577951872,0.1564850759943811,True,True,47172628,prefusion+distill+ce+mae+latent,60.44,63.96,86.37,85.11,87.56,85.56,73.11,84.11,checkpoints/swir_randinit_fft.pt,checkpoints/sweep_l76raayz_0204_0125.pt
uapc8bk0,swir,rgb,1.3972383412561734e-05,0.07207720342671695,64,0.7072649299989627,0.17886364446331682,0.7999928131704936,0.5623406026883628,True,True,47369492,prefusion+distill+ce+mae+latent,69.41,72.91,85.89,86.15,91.96,84.98,77.65,88.69,checkpoints/swir_randinit_fft.pt,checkpoints/sweep_uapc8bk0_0204_0125.pt
af30n334,swir,nir,1.3363790704272076e-05,0.00015678720107547198,64,0.44791021933286834,0.12147392304782866,0.8897846162681408,0.512708006831486,True,True,47172628,prefusion+distill+ce+mae+latent,57.63,58.70,86.19,85.72,92.96,84.43,71.91,85.69,checkpoints/swir_randinit_fft.pt,checkpoints/sweep_af30n334_0204_0126.pt
x4fk0qiw,nir,rgb,4.708146505860563e-05,0.0041507037008149126,64,0.8874134340410488,0.12710460794575426,0.8939658342998023,0.4032123620852467,True,True,47172628,prefusion+distill+ce+mae+latent,56.81,65.61,78.59,79.50,52.37,52.67,67.54,82.06,checkpoints/nir_randinit_fft.pt,checkpoints/sweep_x4fk0qiw_0204_0129.pt
hrvuhips,rgb,swir,2.6815231840205786e-05,5.9364941160363974e-05,64,0.24911403856379685,0.2927648557856284,0.0025812807210754073,0.23409085722077516,True,True,47369492,prefusion+distill+ce+mae+latent,76.07,80.44,85.81,86.80,89.70,88.33,80.85,89.28,checkpoints/rgb_randinit_fft.pt,checkpoints/sweep_hrvuhips_0204_0129.pt
ja4wqjux,swir,rgb,0.0001381322367061855,0.008315169196866194,64,0.8109552251151876,0.2661655077242407,0.6808878538683767,0.7835230918558896,True,True,47369492,prefusion+distill+ce+mae+latent,78.19,81.35,86.30,85.91,89.96,85.07,82.06,88.83,checkpoints/swir_randinit_fft.pt,checkpoints/sweep_ja4wqjux_0204_0131.pt
nto5cdmy,nir,vre,3.716710564575623e-05,7.117426016217287e-05,64,0.23067485721583403,0.4799043090300862,0.0892696910111496,0.45390691699648467,True,True,47172628,prefusion+distill+ce+mae+latent,75.26,80.96,76.93,78.22,78.70,78.80,75.93,81.43,checkpoints/nir_randinit_fft.pt,checkpoints/sweep_nto5cdmy_0204_0135.pt
2jq159bg,nir,swir,5.1119389589240096e-05,0.0002479552550664929,64,0.4965449348382166,0.489804969790848,0.19952456779913655,0.8488520570886525,True,True,47172628,prefusion+distill+ce+mae+latent,71.70,82.39,76.89,78.70,74.44,77.72,74.30,84.33,checkpoints/nir_randinit_fft.pt,checkpoints/sweep_2jq159bg_0204_0135.pt
ywbvlqx7,nir,swir,0.0004238044741222104,0.04899353245864882,64,0.29491935425255256,0.11267114439810358,0.2783024903392602,0.883740884034719,True,True,47172628,prefusion+distill+ce+mae+latent,68.96,78.02,75.96,77.07,77.85,79.59,71.91,82.33,checkpoints/nir_randinit_fft.pt,checkpoints/sweep_ywbvlqx7_0204_0136.pt
d43dqebk,swir,rgb,0.0006635726640159995,7.713994289035781e-05,64,0.5187291946363132,0.2308620516791581,0.5843626384228637,0.43769700438500414,True,True,47369492,prefusion+distill+ce+mae+latent,74.22,77.69,85.89,84.81,87.22,87.81,79.63,87.63,checkpoints/swir_randinit_fft.pt,checkpoints/sweep_d43dqebk_0204_0137.pt
ga2r2ylv,nir,swir,7.517500072188906e-05,0.002180919412414286,64,0.44779642229798855,0.48598072741753806,0.5576940390586336,0.3404153547510317,True,True,47172628,prefusion+distill+ce+mae+latent,70.85,81.00,78.56,79.59,76.81,79.63,74.46,84.09,checkpoints/nir_randinit_fft.pt,checkpoints/sweep_ga2r2ylv_0204_0137.pt
1q31wtzp,rgb,swir,0.00011043362673688444,0.007242960242698414,64,0.5378445705545142,0.23245821751237303,0.30716780452490583,0.2660431132673704,True,True,47369492,prefusion+distill+ce+mae+latent,78.00,83.59,87.85,88.19,86.63,87.85,82.70,90.43,checkpoints/rgb_randinit_fft.pt,checkpoints/sweep_1q31wtzp_0204_0139.pt
fu9acrgy,rgb,swir,5.278107956090658e-05,0.0003682501908789274,64,0.16948862808632983,0.4509830718131157,0.3810848652381841,0.5536996051661466,True,True,47369492,prefusion+distill+ce+mae+latent,79.04,83.50,88.81,88.67,89.37,88.93,83.91,90.61,checkpoints/rgb_randinit_fft.pt,checkpoints/sweep_fu9acrgy_0204_0140.pt
ergmg3pr,nir,rgb,0.0006286305094833643,0.00031225431064250297,64,0.6758047430198721,0.11189798636928085,0.3490091688840453,0.10830354998687486,True,True,47172628,prefusion+distill+ce+mae+latent,63.96,74.02,76.78,76.69,72.81,77.85,69.81,83.02,checkpoints/nir_randinit_fft.pt,checkpoints/sweep_ergmg3pr_0204_0142.pt
p58h00na,nir,swir,1.9838562941490463e-05,0.0003606278302718698,64,0.7747056271023731,0.4733048473247773,0.1955956306399016,0.48271971614564735,True,True,47172628,prefusion+distill+ce+mae+latent,69.48,79.89,77.33,78.33,62.63,64.13,73.20,83.57,checkpoints/nir_randinit_fft.pt,checkpoints/sweep_p58h00na_0204_0144.pt
mque87a2,nir,vre,0.00040820980208661727,0.0005675850608264759,64,0.7679444122778152,0.13040889981670156,0.43693798494088854,0.42248240671853565,True,True,47172628,prefusion+distill+ce+mae+latent,76.19,76.35,76.00,77.26,76.74,74.76,76.07,78.43,checkpoints/nir_randinit_fft.pt,checkpoints/sweep_mque87a2_0204_0145.pt
zzx86yso,nir,vre,0.00013829727298866662,0.00026522790840274987,64,0.5149923496563721,0.3738802456106949,0.8734752844025127,0.5703816535086274,True,True,47172628,prefusion+distill+ce+mae+latent,75.26,76.50,78.26,78.89,78.26,78.19,76.70,81.00,checkpoints/nir_randinit_fft.pt,checkpoints/sweep_zzx86yso_0204_0148.pt
8an03qeq,nir,vre,4.4512482702357594e-05,0.00020067588510490773,64,0.6711798915913592,0.21271191345430296,0.7075791265433967,0.310149961231746,True,True,47172628,prefusion+distill+ce+mae+latent,74.22,81.83,78.81,79.50,71.04,73.69,76.20,82.50,checkpoints/nir_randinit_fft.pt,checkpoints/sweep_8an03qeq_0204_0148.pt
nb5be8jm,nir,rgb,6.590609844946022e-05,2.433940732006444e-05,64,0.6621082137944317,0.4221767778001443,0.8759939806914386,0.3049010922751225,True,True,47172628,prefusion+distill+ce+mae+latent,66.74,80.33,78.56,78.89,63.93,65.56,72.54,85.78,checkpoints/nir_randinit_fft.pt,checkpoints/sweep_nb5be8jm_0204_0155.pt
6guko7ee,vre,nir,0.0002984435225026793,0.01922575212451375,64,0.8876536400785273,0.4695982210785751,0.2606779999564039,0.4646487757385489,True,True,47172628,prefusion+distill+ce+mae+latent,72.67,74.72,89.26,89.35,91.04,89.37,80.37,88.44,checkpoints/vre_randinit_fft.pt,checkpoints/sweep_6guko7ee_0204_0158.pt
4j3mnq19,vre,nir,0.0002035992620451488,0.0010205681534920308,64,0.22790752528125433,0.32721462434433857,0.8484319765923838,0.2800911425486917,True,True,47172628,prefusion+distill+ce+mae+latent,72.44,74.46,90.07,90.70,94.44,89.74,80.96,90.26,checkpoints/vre_randinit_fft.pt,checkpoints/sweep_4j3mnq19_0204_0204.pt
6cg4icgc,vre,swir,0.0006230493070814622,0.00029519775253298246,64,0.5245759314257785,0.3522953654744242,0.6560114253117504,0.974829331816224,True,True,47369492,prefusion+distill+ce+mae+latent,82.70,83.67,88.78,88.46,90.04,88.04,85.74,89.65,checkpoints/vre_randinit_fft.pt,checkpoints/sweep_6cg4icgc_0204_0206.pt
c8qztx4w,vre,nir,3.2789985067417726e-05,0.04063874092011619,64,0.6216814641444728,0.1869075436682254,0.2651483990908321,0.14133202820663449,True,True,47172628,prefusion+distill+ce+mae+latent,66.78,67.80,89.78,89.98,94.11,89.69,78.22,89.09,checkpoints/vre_randinit_fft.pt,checkpoints/sweep_c8qztx4w_0204_0211.pt
