model_type,modality,train_mode,learning_rate,weight_decay,trainable_params,epochs,lambda_u,lambda_e,ema_momentum,temperature,use_quantile,clip_thresh,no_strong_aug,metric_name,test_metric,best_val_metric,best_val_test_metric,saved_checkpoint,global_rep,use_dino_weights,use_s2dino_weights
evan_small,rgb,fft,0.0001,0.0001,21605002,5,1.0,0.01,0.999,1.0,False,True,False,Acc,98.13,98.04,98.13,checkpoints/evan_freematch_eurosat_rgb_20260726_233826.pt,clstoken,True,False
evan_large,swir,fft,0.0003,0.0001,303164426,20,1.0,0.05,0.999,1.0,False,True,True,Acc,94.26,93.48,94.48,checkpoints/evan_freematch_eurosat_swir_20260727_075423.pt,clstoken,True,False
evan_large,rgb,fft,0.0003,0.0001,303164426,20,1.0,0.05,0.999,1.0,False,True,True,Acc,98.19,97.63,98.35,checkpoints/evan_freematch_eurosat_rgb_20260727_075749.pt,clstoken,True,False
evan_large,vre,fft,0.0003,0.0001,303164426,20,1.0,0.05,0.999,1.0,False,True,True,Acc,92.76,92.67,92.54,checkpoints/evan_freematch_eurosat_vre_20260727_075750.pt,clstoken,True,False
evan_large,nir,fft,0.0003,0.0001,302902282,20,1.0,0.05,0.999,1.0,False,True,True,Acc,91.98,92.07,92.11,checkpoints/evan_freematch_eurosat_nir_20260727_075740.pt,clstoken,True,False
evan_base,nir,fft,0.0003,0.0001,85480714,20,1.0,0.01,0.999,1.0,False,True,False,Acc,79.81,79.37,79.78,checkpoints/evan_freematch_eurosat_nir_20260727_092031.pt,clstoken,True,False
evan_base,rgb,fft,0.0003,0.0001,85677322,20,1.0,0.01,0.999,1.0,False,True,False,Acc,97.57,97.22,97.39,checkpoints/evan_freematch_eurosat_rgb_20260727_091914.pt,clstoken,True,False
evan_base,vre,fft,0.0003,0.0001,85677322,20,1.0,0.01,0.999,1.0,False,True,False,Acc,90.89,90.00,90.63,checkpoints/evan_freematch_eurosat_vre_20260727_092031.pt,clstoken,True,False
evan_base,swir,fft,0.0003,0.0001,85677322,20,1.0,0.01,0.999,1.0,False,True,False,Acc,89.37,87.85,89.11,checkpoints/evan_freematch_eurosat_swir_20260727_092031.pt,clstoken,True,False
evan_base,rgb,fft,0.0003,0.0001,85677322,20,1.0,0.01,0.999,1.0,False,True,True,Acc,90.65,94.78,95.61,checkpoints/evan_freematch_eurosat_rgb_20260727_092550.pt,clstoken,True,False
evan_base,vre,fft,0.0003,0.0001,85677322,20,1.0,0.01,0.999,1.0,False,True,True,Acc,89.30,88.63,89.30,checkpoints/evan_freematch_eurosat_vre_20260727_092830.pt,clstoken,True,False
evan_base,nir,fft,0.0003,0.0001,85480714,20,1.0,0.01,0.999,1.0,False,True,True,Acc,72.83,72.63,72.81,checkpoints/evan_freematch_eurosat_nir_20260727_093500.pt,clstoken,True,False
evan_base,swir,fft,0.0003,0.0001,85677322,20,1.0,0.01,0.999,1.0,False,True,True,Acc,86.93,86.67,86.93,checkpoints/evan_freematch_eurosat_swir_20260727_093743.pt,clstoken,True,False
evan_base,nir,fft,0.0003,0.0001,85480714,20,1.0,0.01,0.99,1.0,False,True,False,Acc,77.80,77.52,77.31,checkpoints/evan_freematch_eurosat_nir_20260727_095619.pt,clstoken,True,False
evan_base,vre,fft,0.0003,0.0001,85677322,20,1.0,0.01,0.99,1.0,False,True,False,Acc,90.96,90.70,90.96,checkpoints/evan_freematch_eurosat_vre_20260727_095728.pt,clstoken,True,False
evan_base,swir,fft,0.0003,0.0001,85677322,20,1.0,0.01,0.99,1.0,False,True,False,Acc,90.11,89.07,89.74,checkpoints/evan_freematch_eurosat_swir_20260727_095803.pt,clstoken,True,False
evan_base,rgb,fft,0.0003,0.0001,85677322,20,1.0,0.01,0.99,1.0,False,True,False,Acc,97.44,97.22,97.46,checkpoints/evan_freematch_eurosat_rgb_20260727_095726.pt,clstoken,True,False
evan_large,rgb,fft,0.0004,0.0001,303164426,20,1.0,0.01,0.99,1.0,False,True,False,Acc,98.11,97.85,97.98,checkpoints/evan_freematch_eurosat_rgb_20260727_085516.pt,clstoken,True,False
evan_base,rgb,fft,0.0003,0.0001,85677322,20,1.0,0.01,0.99,1.0,False,True,True,Acc,91.81,93.30,93.87,checkpoints/evan_freematch_eurosat_rgb_20260727_100219.pt,clstoken,True,False
evan_base,vre,fft,0.0003,0.0001,85677322,20,1.0,0.01,0.99,1.0,False,True,True,Acc,90.57,90.19,90.59,checkpoints/evan_freematch_eurosat_vre_20260727_100432.pt,clstoken,True,False
evan_base,nir,fft,0.0003,0.0001,85480714,20,1.0,0.01,0.99,1.0,False,True,True,Acc,81.67,81.26,81.67,checkpoints/evan_freematch_eurosat_nir_20260727_100922.pt,clstoken,True,False
evan_large,nir,fft,0.0003,0.0001,302902282,20,1.0,0.05,0.99,1.0,False,True,False,Acc,80.11,78.52,80.20,checkpoints/evan_freematch_eurosat_nir_20260727_090456.pt,clstoken,True,False
evan_large,swir,fft,0.0003,0.0001,303164426,20,1.0,0.05,0.99,1.0,False,True,False,Acc,95.52,95.19,95.56,checkpoints/evan_freematch_eurosat_swir_20260727_090711.pt,clstoken,True,False
evan_base,swir,fft,0.0003,0.0001,85677322,20,1.0,0.01,0.99,1.0,False,True,True,Acc,88.44,86.96,88.44,checkpoints/evan_freematch_eurosat_swir_20260727_101433.pt,clstoken,True,False
evan_large,vre,fft,0.0003,0.0001,303164426,20,1.0,0.05,0.99,1.0,False,True,False,Acc,94.83,94.22,94.43,checkpoints/evan_freematch_eurosat_vre_20260727_090839.pt,clstoken,True,False
evan_large,rgb,fft,0.0004,0.0001,303164426,20,1.0,0.01,0.99,1.0,False,True,False,Acc,98.28,97.52,98.33,checkpoints/evan_freematch_eurosat_rgb_20260727_090908.pt,clstoken,True,False
evan_base,nir,fft,0.0003,0.0001,85480714,20,1.0,0.05,0.999,1.0,False,True,False,Acc,78.11,77.93,78.28,checkpoints/evan_freematch_eurosat_nir_20260727_103252.pt,clstoken,True,False
evan_base,vre,fft,0.0003,0.0001,85677322,20,1.0,0.05,0.999,1.0,False,True,False,Acc,90.89,90.04,90.89,checkpoints/evan_freematch_eurosat_vre_20260727_103429.pt,clstoken,True,False
evan_base,swir,fft,0.0003,0.0001,85677322,20,1.0,0.05,0.999,1.0,False,True,False,Acc,86.85,85.96,86.85,checkpoints/evan_freematch_eurosat_swir_20260727_103511.pt,clstoken,True,False
evan_base,rgb,fft,0.0003,0.0001,85677322,20,1.0,0.05,0.999,1.0,False,True,False,Acc,97.63,97.15,97.63,checkpoints/evan_freematch_eurosat_rgb_20260727_103522.pt,clstoken,True,False
evan_base,rgb,fft,0.0003,0.0001,85677322,20,1.0,0.05,0.999,1.0,False,True,True,Acc,96.93,96.37,96.41,checkpoints/evan_freematch_eurosat_rgb_20260727_103839.pt,clstoken,True,False
evan_base,vre,fft,0.0003,0.0001,85677322,20,1.0,0.05,0.999,1.0,False,True,True,Acc,88.06,87.52,88.19,checkpoints/evan_freematch_eurosat_vre_20260727_104034.pt,clstoken,True,False
evan_base,nir,fft,0.0003,0.0001,85480714,20,1.0,0.05,0.999,1.0,False,True,True,Acc,71.76,72.04,71.93,checkpoints/evan_freematch_eurosat_nir_20260727_104342.pt,clstoken,True,False
evan_large,swir,fft,0.0003,0.0001,303164426,20,1.0,0.05,0.99,1.0,False,True,True,Acc,94.80,94.37,94.80,checkpoints/evan_freematch_eurosat_swir_20260727_093647.pt,clstoken,True,False
evan_large,rgb,fft,0.0003,0.0001,303164426,20,1.0,0.05,0.99,1.0,False,True,True,Acc,98.00,97.93,97.98,checkpoints/evan_freematch_eurosat_rgb_20260727_094055.pt,clstoken,True,False
evan_large,vre,fft,0.0003,0.0001,303164426,20,1.0,0.05,0.99,1.0,False,True,True,Acc,95.96,95.22,96.00,checkpoints/evan_freematch_eurosat_vre_20260727_094120.pt,clstoken,True,False
evan_large,nir,fft,0.0003,0.0001,302902282,20,1.0,0.05,0.99,1.0,False,True,True,Acc,90.17,89.96,90.13,checkpoints/evan_freematch_eurosat_nir_20260727_094203.pt,clstoken,True,False
evan_base,swir,fft,0.0003,0.0001,85677322,20,1.0,0.05,0.999,1.0,False,True,True,Acc,87.24,86.96,87.24,checkpoints/evan_freematch_eurosat_swir_20260727_105105.pt,clstoken,True,False
evan_base,nir,fft,0.0003,0.0001,85480714,20,1.0,0.05,0.99,1.0,False,True,False,Acc,78.22,77.48,77.94,checkpoints/evan_freematch_eurosat_nir_20260727_110815.pt,clstoken,True,False
evan_base,swir,fft,0.0003,0.0001,85677322,20,1.0,0.05,0.99,1.0,False,True,False,Acc,89.48,88.37,89.48,checkpoints/evan_freematch_eurosat_swir_20260727_111141.pt,clstoken,True,False
evan_base,vre,fft,0.0003,0.0001,85677322,20,1.0,0.05,0.99,1.0,False,True,False,Acc,90.57,89.37,90.57,checkpoints/evan_freematch_eurosat_vre_20260727_111111.pt,clstoken,True,False
evan_base,rgb,fft,0.0003,0.0001,85677322,20,1.0,0.05,0.99,1.0,False,True,False,Acc,96.02,96.74,96.87,checkpoints/evan_freematch_eurosat_rgb_20260727_111327.pt,clstoken,True,False
evan_base,rgb,fft,0.0003,0.0001,85677322,20,1.0,0.05,0.99,1.0,False,True,True,Acc,96.78,96.89,96.78,checkpoints/evan_freematch_eurosat_rgb_20260727_111515.pt,clstoken,True,False
evan_base,nir,fft,0.0003,0.0001,85480714,20,1.0,0.05,0.99,1.0,False,True,True,Acc,77.54,77.26,77.31,checkpoints/evan_freematch_eurosat_nir_20260727_111806.pt,clstoken,True,False
evan_base,vre,fft,0.0003,0.0001,85677322,20,1.0,0.05,0.99,1.0,False,True,True,Acc,90.30,90.44,90.57,checkpoints/evan_freematch_eurosat_vre_20260727_111649.pt,clstoken,True,False
evan_base,swir,fft,0.0003,0.0001,85677322,20,1.0,0.05,0.99,1.0,False,True,True,Acc,87.61,87.22,87.28,checkpoints/evan_freematch_eurosat_swir_20260727_112816.pt,clstoken,True,False
evan_base,nir,fft,0.0004,0.0001,85480714,20,1.0,0.01,0.999,1.0,False,True,False,Acc,77.17,76.52,77.09,checkpoints/evan_freematch_eurosat_nir_20260727_114355.pt,clstoken,True,False
evan_base,swir,fft,0.0004,0.0001,85677322,20,1.0,0.01,0.999,1.0,False,True,False,Acc,87.61,86.78,87.61,checkpoints/evan_freematch_eurosat_swir_20260727_114821.pt,clstoken,True,False
evan_base,vre,fft,0.0004,0.0001,85677322,20,1.0,0.01,0.999,1.0,False,True,False,Acc,89.37,89.07,89.43,checkpoints/evan_freematch_eurosat_vre_20260727_114821.pt,clstoken,True,False
evan_base,nir,fft,0.0004,0.0001,85480714,20,1.0,0.01,0.999,1.0,False,True,True,Acc,77.24,77.59,77.24,checkpoints/evan_freematch_eurosat_nir_20260727_115226.pt,clstoken,True,False
evan_base,rgb,fft,0.0004,0.0001,85677322,20,1.0,0.01,0.999,1.0,False,True,False,Acc,94.19,95.56,95.78,checkpoints/evan_freematch_eurosat_rgb_20260727_115025.pt,clstoken,True,False
evan_base,rgb,fft,0.0004,0.0001,85677322,20,1.0,0.01,0.999,1.0,False,True,True,Acc,87.76,95.89,95.96,checkpoints/evan_freematch_eurosat_rgb_20260727_115213.pt,clstoken,True,False
evan_large,nir,fft,0.0004,0.0001,302902282,20,1.0,0.01,0.999,1.0,False,True,False,Acc,79.43,78.96,79.09,checkpoints/evan_freematch_eurosat_nir_20260727_104700.pt,clstoken,True,False
evan_base,vre,fft,0.0004,0.0001,85677322,20,1.0,0.01,0.999,1.0,False,True,True,Acc,88.80,88.52,88.80,checkpoints/evan_freematch_eurosat_vre_20260727_115335.pt,clstoken,True,False
evan_large,swir,fft,0.0004,0.0001,303164426,20,1.0,0.01,0.999,1.0,False,True,False,Acc,89.26,88.22,89.26,checkpoints/evan_freematch_eurosat_swir_20260727_105000.pt,clstoken,True,False
evan_large,vre,fft,0.0004,0.0001,303164426,20,1.0,0.01,0.999,1.0,False,True,False,Acc,95.81,95.41,95.69,checkpoints/evan_freematch_eurosat_vre_20260727_105200.pt,clstoken,True,False
evan_large,rgb,fft,0.0004,0.0001,303164426,20,1.0,0.05,0.999,1.0,False,True,False,Acc,98.15,97.78,97.98,checkpoints/evan_freematch_eurosat_rgb_20260727_105320.pt,clstoken,True,False
evan_base,swir,fft,0.0004,0.0001,85677322,20,1.0,0.01,0.999,1.0,False,True,True,Acc,87.43,86.44,87.43,checkpoints/evan_freematch_eurosat_swir_20260727_120423.pt,clstoken,True,False
evan_base,nir,fft,0.0004,0.0001,85480714,20,1.0,0.01,0.99,1.0,False,True,False,Acc,80.09,79.93,80.09,checkpoints/evan_freematch_eurosat_nir_20260727_121959.pt,clstoken,True,False
evan_base,swir,fft,0.0004,0.0001,85677322,20,1.0,0.01,0.99,1.0,False,True,False,Acc,89.85,88.81,89.85,checkpoints/evan_freematch_eurosat_swir_20260727_122443.pt,clstoken,True,False
evan_base,nir,fft,0.0004,0.0001,85480714,20,1.0,0.01,0.99,1.0,False,True,True,Acc,72.41,70.96,72.30,checkpoints/evan_freematch_eurosat_nir_20260727_122639.pt,clstoken,True,False
evan_base,vre,fft,0.0004,0.0001,85677322,20,1.0,0.01,0.99,1.0,False,True,False,Acc,89.76,88.96,89.67,checkpoints/evan_freematch_eurosat_vre_20260727_122452.pt,clstoken,True,False
evan_large,swir,fft,0.0004,0.0001,303164426,20,1.0,0.01,0.999,1.0,False,True,True,Acc,88.24,87.41,88.24,checkpoints/evan_freematch_eurosat_swir_20260727_111942.pt,clstoken,True,False
evan_base,rgb,fft,0.0004,0.0001,85677322,20,1.0,0.01,0.99,1.0,False,True,False,Acc,97.06,96.96,97.06,checkpoints/evan_freematch_eurosat_rgb_20260727_122755.pt,clstoken,True,False
evan_base,vre,fft,0.0004,0.0001,85677322,20,1.0,0.01,0.99,1.0,False,True,True,Acc,89.50,89.07,89.50,checkpoints/evan_freematch_eurosat_vre_20260727_123016.pt,clstoken,True,False
evan_base,rgb,fft,0.0004,0.0001,85677322,20,1.0,0.01,0.99,1.0,False,True,True,Acc,96.63,96.11,96.54,checkpoints/evan_freematch_eurosat_rgb_20260727_122925.pt,clstoken,True,False
evan_large,rgb,fft,0.0004,0.0001,303164426,20,1.0,0.01,0.999,1.0,False,True,True,Acc,98.09,97.93,98.09,checkpoints/evan_freematch_eurosat_rgb_20260727_112400.pt,clstoken,True,False
evan_large,vre,fft,0.0004,0.0001,303164426,20,1.0,0.01,0.999,1.0,False,True,True,Acc,96.15,95.26,95.98,checkpoints/evan_freematch_eurosat_vre_20260727_112450.pt,clstoken,True,False
evan_large,nir,fft,0.0004,0.0001,302902282,20,1.0,0.01,0.999,1.0,False,True,True,Acc,86.74,85.81,86.74,checkpoints/evan_freematch_eurosat_nir_20260727_112530.pt,clstoken,True,False
evan_base,swir,fft,0.0004,0.0001,85677322,20,1.0,0.01,0.99,1.0,False,True,True,Acc,87.46,86.89,87.35,checkpoints/evan_freematch_eurosat_swir_20260727_124053.pt,clstoken,True,False
evan_base,nir,fft,0.0004,0.0001,85480714,20,1.0,0.05,0.999,1.0,False,True,False,Acc,76.85,76.15,76.96,checkpoints/evan_freematch_eurosat_nir_20260727_125533.pt,clstoken,True,False
evan_base,nir,fft,0.0004,0.0001,85480714,20,1.0,0.05,0.999,1.0,False,True,True,Acc,75.20,74.19,75.20,checkpoints/evan_freematch_eurosat_nir_20260727_130046.pt,clstoken,True,False
evan_base,swir,fft,0.0004,0.0001,85677322,20,1.0,0.05,0.999,1.0,False,True,False,Acc,88.04,86.74,88.24,checkpoints/evan_freematch_eurosat_swir_20260727_130038.pt,clstoken,True,False
evan_base,vre,fft,0.0004,0.0001,85677322,20,1.0,0.05,0.999,1.0,False,True,False,Acc,89.98,88.89,89.98,checkpoints/evan_freematch_eurosat_vre_20260727_130200.pt,clstoken,True,False
evan_base,rgb,fft,0.0004,0.0001,85677322,20,1.0,0.05,0.999,1.0,False,True,False,Acc,89.44,96.04,96.19,checkpoints/evan_freematch_eurosat_rgb_20260727_130523.pt,clstoken,True,False
evan_base,vre,fft,0.0004,0.0001,85677322,20,1.0,0.05,0.999,1.0,False,True,True,Acc,88.11,88.26,88.30,checkpoints/evan_freematch_eurosat_vre_20260727_130621.pt,clstoken,True,False
evan_base,rgb,fft,0.0004,0.0001,85677322,20,1.0,0.05,0.999,1.0,False,True,True,Acc,87.13,93.78,95.04,checkpoints/evan_freematch_eurosat_rgb_20260727_130653.pt,clstoken,True,False
evan_base,swir,fft,0.0004,0.0001,85677322,20,1.0,0.05,0.999,1.0,False,True,True,Acc,87.76,86.85,86.65,checkpoints/evan_freematch_eurosat_swir_20260727_131706.pt,clstoken,True,False
evan_base,nir,fft,0.0004,0.0001,85480714,20,1.0,0.05,0.99,1.0,False,True,False,Acc,77.20,76.48,77.07,checkpoints/evan_freematch_eurosat_nir_20260727_133111.pt,clstoken,True,False
evan_base,nir,fft,0.0004,0.0001,85480714,20,1.0,0.05,0.99,1.0,False,True,True,Acc,72.76,75.41,72.76,checkpoints/evan_freematch_eurosat_nir_20260727_133449.pt,clstoken,True,False
evan_large,nir,fft,0.0004,0.0001,302902282,20,1.0,0.01,0.99,1.0,False,True,False,Acc,79.57,79.44,79.57,checkpoints/evan_freematch_eurosat_nir_20260727_122933.pt,clstoken,True,False
evan_base,swir,fft,0.0004,0.0001,85677322,20,1.0,0.05,0.99,1.0,False,True,False,Acc,89.44,88.22,89.44,checkpoints/evan_freematch_eurosat_swir_20260727_133710.pt,clstoken,True,False
evan_large,swir,fft,0.0004,0.0001,303164426,20,1.0,0.01,0.99,1.0,False,True,False,Acc,93.11,92.41,93.11,checkpoints/evan_freematch_eurosat_swir_20260727_123233.pt,clstoken,True,False
evan_base,vre,fft,0.0004,0.0001,85677322,20,1.0,0.05,0.99,1.0,False,True,False,Acc,90.41,89.19,90.41,checkpoints/evan_freematch_eurosat_vre_20260727_133838.pt,clstoken,True,False
evan_large,vre,fft,0.0004,0.0001,303164426,20,1.0,0.01,0.99,1.0,False,True,False,Acc,92.24,91.41,92.24,checkpoints/evan_freematch_eurosat_vre_20260727_123538.pt,clstoken,True,False
evan_base,vre,fft,0.0004,0.0001,85677322,20,1.0,0.05,0.99,1.0,False,True,True,Acc,90.78,89.96,90.78,checkpoints/evan_freematch_eurosat_vre_20260727_134339.pt,clstoken,True,False
evan_base,rgb,fft,0.0004,0.0001,85677322,20,1.0,0.05,0.99,1.0,False,True,True,Acc,89.91,90.07,90.89,checkpoints/evan_freematch_eurosat_rgb_20260727_134409.pt,clstoken,True,False
evan_base,rgb,fft,0.0004,0.0001,85677322,20,1.0,0.05,0.99,1.0,False,True,False,Acc,91.17,94.11,94.06,checkpoints/evan_freematch_eurosat_rgb_20260727_134339.pt,clstoken,True,False
evan_large,rgb,fft,0.0004,0.0001,303164426,20,1.0,0.05,0.99,1.0,False,True,False,Acc,98.09,97.59,98.04,checkpoints/evan_freematch_eurosat_rgb_20260727_123726.pt,clstoken,True,False
evan_base,swir,fft,0.0004,0.0001,85677322,20,1.0,0.05,0.99,1.0,False,True,True,Acc,88.74,88.93,88.98,checkpoints/evan_freematch_eurosat_swir_20260727_135337.pt,clstoken,True,False
evan_large,swir,fft,0.0004,0.0001,303164426,20,1.0,0.01,0.99,1.0,False,True,True,Acc,93.83,93.48,94.19,checkpoints/evan_freematch_eurosat_swir_20260727_130206.pt,clstoken,True,False
evan_large,rgb,fft,0.0004,0.0001,303164426,20,1.0,0.01,0.99,1.0,False,True,True,Acc,97.65,97.04,96.87,checkpoints/evan_freematch_eurosat_rgb_20260727_130707.pt,clstoken,True,False
evan_large,vre,fft,0.0004,0.0001,303164426,20,1.0,0.01,0.99,1.0,False,True,True,Acc,95.33,95.19,95.30,checkpoints/evan_freematch_eurosat_vre_20260727_130825.pt,clstoken,True,False
evan_large,nir,fft,0.0004,0.0001,302902282,20,1.0,0.01,0.99,1.0,False,True,True,Acc,90.26,90.00,89.54,checkpoints/evan_freematch_eurosat_nir_20260727_130909.pt,clstoken,True,False
evan_base,rgb,fft,0.0003,0.0001,85677322,20,1.0,0.01,0.999,1.0,False,True,False,Acc,91.98,96.70,96.94,checkpoints/evan_freematch_eurosat_rgb_20260727_142129.pt,clstoken,True,False
evan_base,rgb,fft,0.0003,0.0001,85677322,20,1.0,0.01,0.99,1.0,False,True,False,Acc,97.65,97.26,97.65,checkpoints/evan_freematch_eurosat_rgb_20260727_145859.pt,clstoken,True,False
evan_large,nir,fft,0.0004,0.0001,302902282,20,1.0,0.05,0.999,1.0,False,True,False,Acc,81.13,80.44,81.13,checkpoints/evan_freematch_eurosat_nir_20260727_141202.pt,clstoken,True,False
evan_large,swir,fft,0.0004,0.0001,303164426,20,1.0,0.05,0.999,1.0,False,True,True,Acc,92.50,91.81,92.37,checkpoints/evan_freematch_eurosat_swir_20260727_144438.pt,clstoken,True,False
