slug,run,teacher_test,val_addition,val_peeking,val_transfer,test_addition,test_peeking,test_transfer,test_ens,lr,weight_decay,lambda_latent,lambda_prefusion,lambda_distill,token_mask_ratio,labeled_frequency,modality_dropout_startmod,modality_dropout_newmod
s1_to_s2norgb,7grjktx5,49.04692813833418,89.14187665401559,47.077866771637304,82.96671900255927,49.80121171550017,48.09880381187526,49.413582685537136,50.4450693813108,2.0935827087890986e-05,0.0001542366251285835,0.26311158723619943,0.28020607166046374,0.6165620032836211,0.23836312757255465,0.45574923736136375,0.2518844877345392,0.18230421705818323
s1_to_s2norgb,mzhfi9ho,49.04692813833418,88.92243483970906,47.62831361819806,84.73260039973694,51.83020376444219,48.45182209146029,50.18897820437213,50.268257189236735,0.00018019413570356956,2.3512278667998166e-05,3.5982679673217737,0.4197040236899104,0.761052230452189,0.5592700880177054,0.26899191787276333,0.28162722034981585,0.2756465747135969
s1_to_s2norgb,epm2e6x5,49.04692813833418,85.08544055250063,46.585306752158054,65.91698141659008,46.96550864727533,46.03276546391116,43.00216080329983,46.70324062808698,3.674235556163392e-05,0.000203036242874838,2.181763416754496,0.9228843107532644,0.008172507369573867,0.6110195139295387,0.12503365066353275,0.21509745793548551,0.3434418136028252
s1_to_s2norgb,ksn76yqm,49.04692813833418,89.47487419081992,46.65239109462766,84.69786731031313,50.89894873771995,47.87401672716388,47.876288718726435,49.72549906338497,0.00016300095691955155,0.00041557587619523193,1.631753169879595,0.40282877189798927,0.8899616158274917,0.4876839094058888,0.3074359621436514,0.2366857437335033,0.39175984731469526
s1_to_s2norgb,0wo06mc3,49.04692813833418,90.11716088223407,48.087615857267785,83.96221416233519,50.958242862107085,49.56265229414647,49.4694371820321,50.87412393600231,0.00017773852542823265,3.147585171756942e-05,0.7438026753306193,0.6892804448395538,0.9975323815428816,0.34716291049300496,0.3249569884812143,0.18800391317828505,0.3669603295095626
s1_to_s2norgb,vzd137sz,49.04692813833418,87.29252070490777,48.52515294240057,82.57440408393288,50.874921225265155,48.79011785613401,46.60025637147862,49.630114920141345,6.89504061552903e-05,1.2014350883067316e-05,4.193976786035554,0.8402195225801019,0.9725616519075464,0.4446880770827314,0.3773167903196921,0.22071156454773755,0.4382779183997289
s1_to_s2norgb,j9zgio4o,49.04692813833418,86.43273901020538,47.54353385152077,84.13017226522882,49.63660778883878,48.15032022737629,48.22054967395443,50.57640151193916,6.105105991375754e-05,0.00014730626698512502,0.8938292016759203,0.9561001162146834,0.6140184526037535,0.7411702593736623,0.2329826497311875,0.27786415606726766,0.2394236937522204
s1_to_s2norgb,mxkb20ec,49.04692813833418,84.97024752789046,46.96330471200747,83.60606535936708,48.227007570971814,48.41132805547908,48.10225717747261,47.8101130965712,6.963619785839239e-05,0.0008811380452195161,2.0332893596296624,0.5290272849865121,0.4585463665322368,0.7024131355248348,0.327646487652279,0.25812622930051665,0.19756936454520033
s1_to_s2norgb,invf9yht,49.04692813833418,89.31745177108424,48.750178384325245,83.35441604830915,52.39374467949765,49.43558293176304,48.48253909419442,50.65540320308188,0.0003571391594173471,4.2436144077863706e-05,0.6373866941119477,0.3531407285076238,0.5800172652576316,0.6882262165386618,0.3160806325908698,0.19532802147651585,0.24106480568056424
s1_to_s2norgb,9ttb158p,49.04692813833418,86.70638821429704,48.06936569704324,83.19728456694504,50.684162630244934,48.62154033918555,47.9180848761751,49.91989651333093,0.0001309355533061429,0.000289313555888017,2.041443852371448,0.06041173785098686,0.3641180012279609,0.43649843051729664,0.39702236604897045,0.18424164953764768,0.18142272561595468
s1_to_s2norgb,9oq0jsox,49.04692813833418,89.42487921724455,48.56122433824055,74.78294759444726,50.783811767366736,49.36524712442797,44.849265964569824,49.20228609411008,1.8900072893540557e-05,0.0006831011257253686,4.974768899048447,0.18833162226700528,0.9709859290207248,0.15369317587121578,0.10187866807979908,0.10729976332190182,0.22361414999265256
s1_to_s2norgb,tom7z74w,49.04692813833418,88.29103048142748,48.26448277439794,84.15537867052802,52.4617590114072,49.04204984447994,48.289291251939346,50.58887103525893,0.00044206694688142306,0.0001683785537525175,1.4552196657514471,0.8447613571893029,0.5244787407114354,0.5215892147317026,0.19821942360313863,0.3424428133867044,0.2808229630861291
s1_to_s2norgb,0jb9z9h9,49.04692813833418,88.45918976510998,47.2288411318576,79.38772205406947,51.5368466753409,48.49318098797182,45.312164473346066,49.347739553800736,0.0004742974894101008,0.00024373072658677805,2.904863462510732,0.8566967537538513,0.652624240317456,0.27440053519835683,0.3650561837104601,0.31156742517902797,0.491993164071591
s1_to_s2norgb,6vp28sy6,49.04692813833418,88.36101973032613,47.675409841699285,82.58119780441811,49.289015107193336,48.31671935707048,47.7339710430504,47.976432161704025,7.183516486469417e-05,0.00033618853594290053,2.6864998663075443,0.6452416394053415,0.7532833161695072,0.35646211748066015,0.12367950090352953,0.19569564512843257,0.2942120394210457
s1_to_s2norgb,dh9r0nsl,49.04692813833418,86.21735485765562,45.87031855146088,80.83647134096095,47.02480607504581,45.61667014188034,44.64286215787501,46.749895993991906,0.0008852520026865689,6.863523632067718e-05,3.169953362822977,0.8410977564669007,0.28530208743241137,0.5894549576758156,0.1706222181647311,0.18373320191876652,0.2755483166472301
s1_to_s2norgb,hn2klnd9,49.04692813833418,87.74706238907201,48.56360870396571,82.08336510958101,51.561297282332674,48.786846649314505,49.00778669924535,49.76049782143341,6.326920197126082e-05,3.375618347418978e-05,3.276149955419019,0.7497144117228146,0.8088314416792937,0.6940276971397831,0.17064791208603863,0.1050349448588396,0.431312574679509
s2rgb_to_s2norgb,x8iw6427,59.00804060652239,93.4281416887202,60.289047360728034,90.19887742357854,59.84908003977185,60.35071792054022,54.80661454031826,58.53793159639375,3.1600313019163916e-05,0.00017337968184553366,4.8997457235088255,0.7097803005446879,0.3072381621520701,0.5340239903084207,0.46293472475563646,0.16807736714369503,0.4872093243789688
s2rgb_to_s2norgb,em14ormq,59.00804060652239,95.40885321750602,60.47069045591509,92.91022496097712,59.71136467284738,60.04731461830954,58.19563868202743,59.44492899976065,5.455134430546781e-05,0.00012629185460381832,4.4078689274687815,0.3421425929954226,0.6442493655939445,0.5332537146748104,0.1976072446099185,0.2592740964158349,0.38527016689381566
s2rgb_to_s2norgb,5ij965ja,59.00804060652239,92.6335580450526,60.306875900810475,92.10786645359248,59.48795881796522,60.42480985632193,57.76822738914056,59.61540519703416,4.22650675703423e-05,0.0002823880982259346,1.9231515977105584,0.060142507763001674,0.3616454492331598,0.5917875560328633,0.47964619933871366,0.4872592238243493,0.1016159552098232
s2rgb_to_s2norgb,a28ln1c8,59.00804060652239,93.24971599462792,60.54801729001712,92.78932459214154,60.31400153027631,60.254755828803795,58.122416381062536,59.49301765489928,0.00014649912393803631,2.3593966319509747e-05,1.5077807265110963,0.2989753275183554,0.36065632788509205,0.29432050654059233,0.24178577486420505,0.27936850341175623,0.3627407454608801
s2rgb_to_s2norgb,7owihi99,59.00804060652239,93.34936238689306,59.95849567268131,92.81816463199638,59.19900859605568,59.468830640354895,58.24059612349264,59.32354344595625,0.00033444698693224276,3.0014861329958865e-05,2.3531031405800293,0.6096504116891402,0.7822568873007277,0.4029472590285648,0.1168136609045026,0.3171808326451102,0.25210317569339036
s2rgb_to_s2norgb,jb28hhpm,59.00804060652239,94.91573124821724,60.594344004285695,90.47849086428752,59.84492465004947,60.494854041560366,56.12741706069819,59.170784435104615,1.2616732230016084e-05,1.5890803249893644e-05,2.657360476613906,0.43113363173799335,0.35302710427131534,0.6023180974182292,0.25109985332890356,0.33494702619934236,0.2388238716483928
s2rgb_to_s2norgb,wqikp315,59.00804060652239,94.47209975298712,60.252771637615,89.6888934090945,59.584499341598416,60.08533426808209,54.83565335304703,58.81389843181567,1.4054111282854167e-05,1.4683480518150933e-05,2.8727455316045054,0.7467650891428244,0.6659235693479494,0.31245653737867674,0.4293613028073966,0.19370999635446903,0.2719177372189049
s2rgb_to_s2norgb,hry7sl3u,,94.45404919359312,60.30363854095702,85.06879206845049,58.972292577454965,59.80731038341938,49.30261027321101,58.29128826062448,1.4891222431872571e-05,3.224917917604279e-05,0.8251359451547746,0.9720467421711456,0.3169328747049909,0.6263437612146435,0.27962844732709213,0.4133971644976847,0.3027626671752824
s2rgb_to_s2norgb,gjvbet4o,59.00804060652239,92.60657815372242,59.74994572024504,92.86555044549472,58.958219571582504,60.09711449458681,58.360897994361736,59.134751965472155,0.0003011772894046896,4.482038737900685e-05,4.733766461553392,0.5973197934030006,0.9353107071007976,0.4552692898345514,0.4457398835637546,0.1998371466493452,0.1449813509242699
s2rgb_to_s2norgb,2m05qrd7,59.00804060652239,95.60802838865207,60.58017794689777,92.6262443496054,59.48515212714922,60.27383666488067,58.49695798535011,59.54232174822515,3.4299074361398486e-05,8.700714854332501e-05,1.621085095641082,0.219511005358899,0.7264595772810889,0.5788387669687273,0.12828453891619562,0.2987565757014945,0.2207329043722689
s2rgb_to_s2norgb,eo1fw17a,59.00804060652239,91.84689473428784,59.344208461147886,91.9019285128518,58.60618408716891,60.07678792901413,57.32269122300375,58.927332174063274,0.00014466687679088466,4.782098064373448e-05,1.2891246081842374,0.900867892060112,0.1801498003718877,0.6523988568725188,0.48379738002366424,0.16204116610382396,0.12652275476971467
s2rgb_to_s2norgb,po8iq92y,59.00804060652239,92.02844956341912,56.879875565241825,91.73465442464028,58.279099182328096,57.25831588379744,57.85949297656337,57.88570478124379,0.0007976431390068781,8.57276228812748e-05,3.5385543323434323,0.4188404977957303,0.3947676045736115,0.6132918412466553,0.145023915187429,0.48849203919589024,0.22561077464724189
s2rgb_to_s2norgb,lmamc56a,59.00804060652239,94.04894536697356,60.42692656878096,92.7447243587966,59.15690187319257,60.23159432894099,58.02417187296183,59.47435295760361,8.991774074939903e-05,0.0009711586415500786,4.542062598230062,0.4609876330248829,0.8761325878775851,0.6549792495081832,0.33859356751608366,0.2394554941867756,0.3838830072785978
s2rgb_to_s2norgb,sozj66ey,59.00804060652239,92.49385810527066,60.00119676436398,92.44472666154284,59.40951480032548,60.03774459045881,57.93188043035148,59.10104069622628,0.00026618073211918285,1.5835565509465163e-05,3.3115731836173294,0.46463133595544703,0.3411385070758923,0.7346212390606968,0.3288260789241918,0.17296244843998015,0.3606446998602375
s2rgb_to_s2norgb,1l9yh41r,59.00804060652239,96.05019900184617,60.344148973633295,92.29537313898486,59.742094978055505,60.08727042843166,57.71938129353409,59.18942424708356,2.5419014208537445e-05,0.00017371353133027875,4.5347491476405235,0.8875579879006746,0.7186798110458267,0.18515623332160125,0.22101790360190995,0.3816447229633171,0.3039273277286104
s2rgb_to_s2norgb,4hu55je5,59.00804060652239,90.91512436315448,57.16473942258141,91.4458547596032,58.12051995131225,57.743255268144345,58.10396493531811,58.41598136576187,0.000678643647627273,0.0002510547142606741,0.48442028044446583,0.0787153313940746,0.16409786050391972,0.6999757719956144,0.2537012431437937,0.2658357226150077,0.2905751306519589
s2norgb_to_s2rgb,52d4duvm,63.58730478212191,94.08163879270728,64.1184636499332,87.86980124080883,63.08255122780586,64.36664857196472,54.15839060360656,61.61181036152779,0.00010642643875873056,2.5787505894374903e-05,3.4246110334329263,0.19749801559559843,0.4090979945627825,0.7617726698577291,0.15590746099546848,0.3009050270296515,0.26122193734392185
s2norgb_to_s2rgb,recrim14,63.58730478212191,95.36665477327112,64.93944029509973,88.94508160635617,64.13630750445719,64.55978881985367,56.431425570182945,62.186772086349926,0.00011865461122902828,1.3123768797441794e-05,0.06556485520166633,0.3971076195217239,0.6764120882681678,0.3874413083413146,0.1884349563651131,0.12205772647758996,0.33853856395978243
s2norgb_to_s2rgb,v5zri2qh,,89.88804691461714,59.93689596900008,78.54576497725976,55.0248402969849,59.80588286075693,42.36911408095148,56.058959807177814,1.0814304940295222e-05,1.983228389246403e-05,3.309851113307562,0.14827952626630136,0.587846532455465,0.7927694574143811,0.13921734587918205,0.12779224518767887,0.4160821532828707
s2norgb_to_s2rgb,fr1fwgcb,63.58730478212191,93.57186214919022,64.31108699871017,85.84940138501521,62.01758889129644,63.77881083255985,52.79160792936647,60.959195264947816,0.0008473897091693262,5.4735917960905894e-05,0.328444078032607,0.7086061695190233,0.2201892694466195,0.20771178862330608,0.44047066522632405,0.18913625479560833,0.4809038438144959
s2norgb_to_s2rgb,8m8easmi,63.58730478212191,95.77441728139262,65.26913652575269,89.4098216089709,64.69904494100736,64.91394415333438,56.08893496754589,62.24407239443016,0.0003295160045569599,0.0004133566647276542,4.256052868601797,0.7968449640927849,0.5250225143305021,0.11611625101753012,0.23525686516089037,0.3293552183211478,0.4267577587772947
s2norgb_to_s2rgb,pnp5fj8x,,86.20425644075652,59.67784982364726,76.48067203544942,52.8301733482459,58.9892668579066,41.7157388494858,52.49048131633971,1.947314650924244e-05,1.1705210939134189e-05,2.1229589592300133,0.9854592033326948,0.06227187910407572,0.33765797008654674,0.3627261551784551,0.3833646106131259,0.22980147853193655
s2norgb_to_s2rgb,qi9izwy8,63.58730478212191,94.43905967727878,65.41364298985904,86.99425625752725,63.9659646948705,65.45005153571162,53.91967968853536,61.8729057453822,3.4204457291971095e-05,2.21271191720807e-05,4.327937642140354,0.8536467252181426,0.5950079133139368,0.29019322583904217,0.32896763005783025,0.2637568890989318,0.40522609736103954
s2norgb_to_s2rgb,br342u9c,63.58730478212191,92.71826134733932,65.69101791707962,85.52401776729684,62.27945701517888,65.58362615905315,51.91951496967492,62.05810018277991,2.5527894858626037e-05,3.817768390969474e-05,3.934402052384564,0.21874904334317824,0.2553313505154877,0.1940746712404222,0.4783748110110878,0.3863238157845133,0.42448288163354386
s2norgb_to_s2rgb,7d6b6hyu,63.58730478212191,94.2941414173428,64.4750267182487,88.04578800472237,63.975755197321995,64.73542264389987,56.254197948156715,61.30706660361787,9.476749228819972e-05,0.0001437597167579986,1.1799699508083905,0.5137956455546849,0.941632145045262,0.7307598463958539,0.25700466101494734,0.2624063223284703,0.35915632549135446
s2norgb_to_s2rgb,x86k3j9e,63.58730478212191,95.82982556573276,64.68490303264977,89.71041356332404,64.32310597095872,64.50606614206882,57.86820988834281,62.50048808574009,0.00019151963485476736,3.6296517472324606e-05,2.1241673132276,0.4413957307462921,0.5973299641145693,0.3674226001263139,0.1555183156596356,0.2634256218997253,0.43831879310520494
s2norgb_to_s2rgb,akizv55h,63.58730478212191,93.53820924584812,64.45131393304348,87.41757777835002,61.89281853617309,64.17268366808739,55.173846561155734,62.3602172714653,0.0004083993923002715,1.974562542596321e-05,0.09768454670379234,0.43679763115982806,0.19915536913933385,0.5855944335151644,0.3383170906372318,0.3826916983882954,0.450842360983203
s2norgb_to_s2rgb,4jtrgkcq,63.58730478212191,94.97995125110928,65.21002939245764,87.3618878409055,64.7713968247729,65.04479288997439,54.72856720316454,62.21824798845118,7.313111367416653e-05,2.9171985272937164e-05,4.201683740563022,0.5244755521453404,0.9595653978249872,0.2607186741372114,0.3469928682816533,0.2761508582337078,0.4660226921757776
s2norgb_to_s2rgb,b5lpws7z,63.58730478212191,93.60489912980952,65.1889776619124,87.19273812872402,62.98997878911092,65.38158412457959,53.850535841200106,62.1843520331207,2.5888826478560062e-05,8.389917509141911e-05,1.265186314133829,0.5686283419402559,0.1732789146268442,0.5770886402916353,0.3730138315915632,0.398144299030902,0.16794544700216674
s2norgb_to_s2rgb,41j891ek,63.58730478212191,94.82797618811804,64.89829655805529,88.68066195783943,64.74486196457687,64.63866195219539,56.837737590434024,62.38043242704702,0.00029793058821904407,0.0009102064168250884,4.68727916745676,0.14024570828598215,0.6296208869010554,0.6324828811071912,0.33848843244455945,0.4669421651197674,0.20738034033216576
s2norgb_to_s2rgb,amfr453e,63.58730478212191,92.83814343187436,65.34038333039932,85.78014257713457,63.36914576055245,65.38938644400027,53.32787207331342,61.38846156209093,6.986861986168923e-05,1.1963850611869024e-05,3.649039474809536,0.600305370458808,0.16308009670503254,0.4618682598175605,0.3093703601956207,0.13562004683330087,0.41175363234938456
s2norgb_to_s2rgb,5peicb2i,63.58730478212191,94.96182021939973,65.0115358456507,89.33842718963932,64.14543417379497,64.80131822967951,56.123123402713226,62.39054968321256,0.0002298366788776417,6.172929741026284e-05,2.226012136365678,0.05264360092951781,0.2534598807479588,0.4403290626421974,0.2535906073056422,0.4015991576782485,0.19835345971606788
