wandb_run_id,wandb_project,dataset,starting_modality,new_modality,teacher_test_metric,lr,asym_lr,weight_decay,epochs,modality_dropout,modality_dropout_startmod,modality_dropout_newmod,labeled_frequency,labeled_start_fraction,protect_lrm,use_mask_token,latent_masked_only,unprotect_starting_mod,lambda_latent,lambda_prefusion,lambda_distill,mae_mask_ratio,trainable_params,active_losses,select_by,val_transfer,test_transfer,val_peeking,test_peeking,val_addition,test_addition,val_ens_addition,test_ens_addition,stage0_checkpoint
5qo96w5b,delulu-biomassters-delulu-s1s2,biomassters,s1,s2,47.68,2.131623246649186e-05,,1.251365911483847e-05,64,0.3,0.1689541723909073,0.4876181854111949,0.4903403759741123,0.0,0.0,False,True,True,0.25073254672530915,0.6322444107996855,0.20164250152655283,0.5932970302343888,223227906,latent+prefusion+distill+ce,,-52.55,-73.80,-75.28,-76.03,-53.69,-76.03,-53.55,-74.84,checkpoints/sft_evan_base_biomassters_s1_fft_lr0.0005_20260725_075947.pt
t4jkwm41,delulu-biomassters-delulu-s1s2,biomassters,s1,s2,47.68,5.5046829290646585e-05,,0.00014498208711185754,64,0.3,0.222494630881638,0.4372439583810921,0.4221373481666522,0.0,0.0,False,True,True,0.4639497821072384,0.881198893057298,0.6305423307751588,0.6255175742671971,223227906,latent+prefusion+distill+ce,,-29.40,-53.22,-53.66,-54.54,-23.37,-54.24,-26.38,-52.68,checkpoints/sft_evan_base_biomassters_s1_fft_lr0.0005_20260725_075947.pt
zusmyhsi,delulu-biomassters-delulu-s1s2,biomassters,s1,s2,47.68,0.00022096576881825596,,0.00023758933912662093,64,0.3,0.14958791322522283,0.45550402216610897,0.4967553820674752,0.0,0.0,False,True,True,0.3271541666795719,0.18277121898285495,0.16472747148683897,0.781620639624086,223227906,latent+prefusion+distill+ce,,-30.54,-52.40,-48.26,-49.27,-17.72,-50.28,-25.05,-49.06,checkpoints/sft_evan_base_biomassters_s1_fft_lr0.0005_20260725_075947.pt
2q6dzwsu,delulu-biomassters-delulu-s1s2,biomassters,s1,s2,47.68,0.0006218655767559832,,5.364612943024507e-05,64,0.3,0.14177690175019572,0.4101817946158658,0.452115651673908,0.0,0.0,False,True,True,0.40620108199002825,0.6834566985008429,0.3641608247497121,0.2580194361507374,223227906,latent+prefusion+distill+ce,,-28.92,-51.51,-48.60,-49.68,-18.12,-48.64,-23.57,-48.95,checkpoints/sft_evan_base_biomassters_s1_fft_lr0.0005_20260725_075947.pt
7xkd20he,delulu-biomassters-delulu-s1s2,biomassters,s1,s2,47.68,0.0001088068073814645,,5.7091433151029624e-05,64,0.3,0.27378353195652494,0.1882744560363536,0.49818672911380457,0.0,0.0,False,True,True,0.4297822310484282,0.5606109691969746,0.4315905232166594,0.7411896739492885,223227906,latent+prefusion+distill+ce,,-28.26,-49.12,-46.29,-47.43,-13.89,-48.27,-21.16,-46.25,checkpoints/sft_evan_base_biomassters_s1_fft_lr0.0005_20260725_075947.pt
oymi0nd7,delulu-biomassters-delulu-s1s2,biomassters,s1,s2,47.68,0.0008909046825577062,,3.846090329219423e-05,64,0.3,0.1712749854076061,0.10249900420235192,0.36560775695608394,0.0,0.0,False,True,True,0.25360879473172215,0.9502662793892462,0.23579208159860476,0.5533710602894317,223227906,latent+prefusion+distill+ce,,-29.79,-52.62,-49.41,-50.40,-20.17,-50.01,-27.98,-51.17,checkpoints/sft_evan_base_biomassters_s1_fft_lr0.0005_20260725_075947.pt
uxjqge4d,delulu-biomassters-delulu-s1s2,biomassters,s1,s2,47.68,0.00022775025234307664,,0.00024405235781812504,64,0.3,0.14236492168509268,0.35949429242760134,0.42360471135345035,0.0,0.0,False,True,True,0.3585507438823694,0.3059219967861845,0.34872214343194863,0.7570755196573122,223227906,latent+prefusion+distill+ce,,-29.45,-51.65,-47.19,-48.18,-15.51,-47.29,-24.21,-48.95,checkpoints/sft_evan_base_biomassters_s1_fft_lr0.0005_20260725_075947.pt
90qb1avb,delulu-biomassters-delulu-s1s2,biomassters,s1,s2,47.68,1.1220218001660516e-05,,0.0005970704740168503,64,0.3,0.3490900574770888,0.4340771543705254,0.477548072203544,0.0,0.0,False,True,True,0.3871246884683158,0.447847147709964,0.9813132039087122,0.5434692400616243,223227906,latent+prefusion+distill+ce,,-64.11,-84.13,-81.72,-82.45,-62.00,-83.14,-63.50,-83.82,checkpoints/sft_evan_base_biomassters_s1_fft_lr0.0005_20260725_075947.pt
eus9cl0p,delulu-biomassters-delulu-s1s2,biomassters,s1,s2,47.68,0.00018347941307451715,,2.400502062064219e-05,64,0.3,0.30153717616624776,0.33635488793889695,0.34971105166429306,0.0,0.0,False,True,True,0.4032712331941157,0.8734603274732292,0.6728799194377767,0.5947175628947852,223227906,latent+prefusion+distill+ce,,-26.41,-48.13,-46.65,-47.77,-13.13,-47.27,-19.77,-46.66,checkpoints/sft_evan_base_biomassters_s1_fft_lr0.0005_20260725_075947.pt
vhjfw4l7,delulu-biomassters-delulu-s1s2,biomassters,s1,s2,47.68,7.757288232748348e-05,,1.3525963615502813e-05,64,0.3,0.3138291804027369,0.45150661833717465,0.4911355427527443,0.0,0.0,False,True,True,0.08914351270629073,0.06091332081236411,0.6538495138037399,0.5095910595508867,223227906,latent+prefusion+distill+ce,,-26.84,-49.59,-46.94,-48.15,-15.15,-48.84,-21.00,-47.44,checkpoints/sft_evan_base_biomassters_s1_fft_lr0.0005_20260725_075947.pt
2fwsps9v,delulu-biomassters-delulu-s1s2,biomassters,s1,s2,47.68,2.281252005431055e-05,,0.00041895479801972753,64,0.3,0.3949003753806689,0.3490562133816121,0.37793492503108206,0.0,0.0,False,True,True,0.1531691139171294,0.6277326782639903,0.7785026529634043,0.3521075931338652,223227906,latent+prefusion+distill+ce,,-49.56,-70.53,-72.25,-73.03,-52.16,-75.00,-50.86,-71.46,checkpoints/sft_evan_base_biomassters_s1_fft_lr0.0005_20260725_075947.pt
wfi56tkd,delulu-biomassters-delulu-s1s2,biomassters,s1,s2,47.68,1.22109704499489e-05,,2.933456803720112e-05,64,0.3,0.27399388456341034,0.15722710588482958,0.3891962436080477,0.0,0.0,False,True,True,0.07111198280236669,0.10998732415905443,0.5329937074197748,0.5662871972829908,223227906,latent+prefusion+distill+ce,,-63.73,-83.20,-80.53,-81.56,-64.06,-84.74,-64.07,-82.48,checkpoints/sft_evan_base_biomassters_s1_fft_lr0.0005_20260725_075947.pt
3pj1cu7x,delulu-biomassters-delulu-s1s2,biomassters,s1,s2,47.68,7.444029420990253e-05,,2.608362575172416e-05,64,0.3,0.4758692354889139,0.46050743869585153,0.3265506602044035,0.0,0.0,False,True,True,0.16026657270235534,0.712259973948097,0.9239420014179652,0.542741622106793,223227906,latent+prefusion+distill+ce,,-25.01,-48.05,-47.47,-48.45,-12.51,-47.98,-18.92,-47.15,checkpoints/sft_evan_base_biomassters_s1_fft_lr0.0005_20260725_075947.pt
46jq99fv,delulu-biomassters-delulu-s1s2,biomassters,s1,s2,47.68,5.998366678959744e-05,,0.0002686906387236875,64,0.3,0.20464241072842845,0.1822084378501478,0.4819699629556992,0.0,0.0,False,True,True,0.4187093877937943,0.8822010186954565,0.009159693873441288,0.5048069138952231,223227906,latent+prefusion+distill+ce,,-29.52,-53.24,-51.10,-52.09,-20.48,-52.20,-25.13,-52.23,checkpoints/sft_evan_base_biomassters_s1_fft_lr0.0005_20260725_075947.pt
408kwnr1,delulu-biomassters-delulu-s1s2,biomassters,s1,s2,47.68,3.118579270235986e-05,,0.00011741695075349931,64,0.3,0.22975414075271097,0.15908458431463912,0.4701149828828657,0.0,0.0,False,True,True,0.4725584677506182,0.8922996048912939,0.4530553690332685,0.4949049005328481,223227906,latent+prefusion+distill+ce,,-49.66,-70.19,-65.47,-66.44,-43.10,-67.67,-46.42,-68.86,checkpoints/sft_evan_base_biomassters_s1_fft_lr0.0005_20260725_075947.pt
v4q9deev,delulu-biomassters-delulu-s1s2,biomassters,s1,s2,47.68,0.0004618228845263847,,7.043145983687672e-05,64,0.3,0.3213170632984619,0.4534617667703347,0.4477614738128173,0.0,0.0,False,True,True,0.116600691526553,0.22576459665350035,0.06268318771159365,0.2214506962869915,223227906,latent+prefusion+distill+ce,,-27.87,-50.70,-49.20,-50.24,-18.78,-48.71,-23.64,-48.49,checkpoints/sft_evan_base_biomassters_s1_fft_lr0.0005_20260725_075947.pt
bxqj1cps,delulu-biomassters-delulu-s1s2,biomassters,s1,s2,47.68,0.0001439155885844907,,8.831978557330693e-05,64,0.3,0.2050347535022996,0.25497852319351444,0.4647076351977709,0.0,0.0,False,True,True,0.3456797232973195,0.04416281044668158,0.5692710950846294,0.19544474719847132,223227906,latent+prefusion+distill+ce,,-30.13,-51.27,-45.96,-47.08,-12.16,-47.12,-21.36,-47.32,checkpoints/sft_evan_base_biomassters_s1_fft_lr0.0005_20260725_075947.pt
aiub4cx2,delulu-biomassters-delulu-s1s2,biomassters,s1,s2,47.68,1.4018725871207849e-05,,6.770850918497533e-05,64,0.3,0.3789210212538894,0.3001839344606614,0.30815997921439664,0.0,0.0,False,True,True,0.3128274069474244,0.1711724091013076,0.350289078355169,0.35772265916294566,223227906,latent+prefusion+distill+ce,,-61.47,-81.27,-78.11,-79.19,-58.85,-80.51,-60.37,-80.43,checkpoints/sft_evan_base_biomassters_s1_fft_lr0.0005_20260725_075947.pt
yxtkuk7d,delulu-biomassters-delulu-s1s2,biomassters,s1,s2,47.68,0.00013388238496232706,,3.328192842668966e-05,64,0.3,0.33265517698657093,0.19751795704817285,0.4570173850998841,0.0,0.0,False,True,True,0.18843765661405895,0.06627831299228093,0.5892547593348209,0.492457010406164,223227906,latent+prefusion+distill+ce,,-28.59,-49.50,-45.89,-47.04,-13.49,-47.29,-21.11,-46.51,checkpoints/sft_evan_base_biomassters_s1_fft_lr0.0005_20260725_075947.pt
tqgmkfxv,delulu-biomassters-delulu-s1s2,biomassters,s1,s2,47.68,0.0002835468279608801,,4.937121612612813e-05,64,0.3,0.2392401664480372,0.3685130678502745,0.394767536106165,0.0,0.0,False,True,True,0.1774494179925994,0.019244571797995217,0.6332141813469263,0.34075910578270663,223227906,latent+prefusion+distill+ce,,-27.45,-48.83,-48.11,-49.35,-17.03,-49.32,-22.28,-47.47,checkpoints/sft_evan_base_biomassters_s1_fft_lr0.0005_20260725_075947.pt
s2vgz64w,delulu-biomassters-delulu-s1s2,biomassters,s1,s2,47.68,0.0003649902656967872,,0.0002388747414638665,64,0.3,0.1085594950519838,0.12668445108419976,0.29196701035124983,0.0,0.0,False,True,True,0.3977038330695546,0.9326557212135816,0.2614039146170434,0.44587019815731377,223227906,latent+prefusion+distill+ce,,-26.18,-48.56,-46.89,-47.85,-12.95,-47.07,-19.74,-46.27,checkpoints/sft_evan_base_biomassters_s1_fft_lr0.0005_20260725_075947.pt
xpgfkf67,delulu-biomassters-delulu-s1s2,biomassters,s1,s2,47.68,0.0001568263475331729,,7.64369975710192e-05,64,0.3,0.40963022470342025,0.1474693850407392,0.29628367286556057,0.0,0.0,False,True,True,0.12407906788768196,0.23669092172018769,0.10044455029850764,0.259268493527557,223227906,latent+prefusion+distill+ce,,-25.68,-48.55,-46.18,-47.24,-10.66,-46.63,-19.18,-45.76,checkpoints/sft_evan_base_biomassters_s1_fft_lr0.0005_20260725_075947.pt
tjdijzgz,delulu-biomassters-delulu-s1s2,biomassters,s1,s2,47.68,0.0008412057816181894,,5.244854244921771e-05,64,0.3,0.23221392498885685,0.22843573055998329,0.4328778037547868,0.0,0.0,False,True,True,0.1484713986661323,0.65576712793119,0.2752932408175185,0.7453899623358614,223227906,latent+prefusion+distill+ce,,-30.25,-53.22,-52.77,-53.76,-22.51,-51.52,-26.56,-52.93,checkpoints/sft_evan_base_biomassters_s1_fft_lr0.0005_20260725_075947.pt
p392gago,delulu-biomassters-delulu-s1s2,biomassters,s1,s2,47.68,0.0003918096196741572,,0.000689764905882492,64,0.3,0.47545301645274585,0.27167789482742055,0.3580938828498187,0.0,0.0,False,True,True,0.3917986286805558,0.924233298484082,0.21304321653562464,0.7330203287320285,223227906,latent+prefusion+distill+ce,,-27.09,-51.04,-49.87,-50.93,-20.76,-51.68,-24.26,-49.64,checkpoints/sft_evan_base_biomassters_s1_fft_lr0.0005_20260725_075947.pt
qnqyl8ew,delulu-biomassters-delulu-s1s2,biomassters,s1,s2,47.68,8.133795975638989e-05,,1.468936187378778e-05,64,0.3,0.46882079380721486,0.3479329267913547,0.3122509369351535,0.0,0.0,False,True,True,0.15790641440717118,0.8278840071613774,0.4005912575204965,0.37419789604293574,223227906,latent+prefusion+distill+ce,,-25.98,-49.07,-46.90,-48.08,-14.26,-48.82,-20.18,-47.46,checkpoints/sft_evan_base_biomassters_s1_fft_lr0.0005_20260725_075947.pt
0zvtdsg1,delulu-biomassters-delulu-s1s2,biomassters,s1,s2,47.68,6.182054249525582e-05,,0.00034547489869096764,64,0.3,0.4857500158372693,0.11202777601550527,0.3235622870433055,0.0,0.0,False,True,True,0.07109346940187539,0.47009817225320216,0.5345250720063361,0.7325930206430916,223227906,latent+prefusion+distill+ce,,-24.79,-47.88,-49.81,-50.77,-19.62,-52.40,-22.85,-47.11,checkpoints/sft_evan_base_biomassters_s1_fft_lr0.0005_20260725_075947.pt
23m53k63,delulu-biomassters-delulu-s1s2,biomassters,s1,s2,47.68,2.1413826864744348e-05,,5.7006166041385423e-05,64,0.3,0.35901939936511573,0.10733503671678409,0.2415000725984051,0.0,0.0,False,True,True,0.15987279634892643,0.6868859767627555,0.9971341466143638,0.7707008766257979,223227906,latent+prefusion+distill+ce,,-48.71,-69.86,-73.77,-74.50,-52.13,-74.89,-50.42,-71.78,checkpoints/sft_evan_base_biomassters_s1_fft_lr0.0005_20260725_075947.pt
fndphpuq,delulu-biomassters-delulu-s1s2,biomassters,s1,s2,47.68,1.9405860894393836e-05,,1.325821880692086e-05,64,0.3,0.3810348861304489,0.4840307963419632,0.3874525588352504,0.0,0.0,False,True,True,0.16568476312120922,0.21098814418317305,0.8757916118671595,0.27965199443275757,223227906,latent+prefusion+distill+ce,,-55.39,-75.89,-76.58,-77.32,-56.55,-78.41,-55.97,-76.38,checkpoints/sft_evan_base_biomassters_s1_fft_lr0.0005_20260725_075947.pt
n05ifrum,delulu-biomassters-delulu-s1s2,biomassters,s1,s2,47.68,4.62544665026464e-05,,9.906743818709604e-05,64,0.3,0.11494288612930244,0.49441178506406247,0.3750599546239586,0.0,0.0,False,True,True,0.05467001108298303,0.09776001980478732,0.6480574606970269,0.7195094298339114,223227906,latent+prefusion+distill+ce,,-32.16,-55.69,-58.66,-59.48,-33.39,-60.41,-32.78,-56.24,checkpoints/sft_evan_base_biomassters_s1_fft_lr0.0005_20260725_075947.pt
81ay4pgd,delulu-biomassters-delulu-s1s2,biomassters,s1,s2,47.68,3.8655660776002174e-05,,2.258296593292772e-05,64,0.3,0.46505397764778433,0.375282846229131,0.3822728620274267,0.0,0.0,False,True,True,0.12257425055101556,0.027827126333324848,0.3816168882194943,0.7036496012848362,223227906,latent+prefusion+distill+ce,,-36.67,-59.78,-62.44,-63.33,-35.29,-62.03,-37.23,-61.24,checkpoints/sft_evan_base_biomassters_s1_fft_lr0.0005_20260725_075947.pt
qc0kb82l,delulu-biomassters-delulu-s1s2,biomassters,s1,s2,47.68,5.0187309477512274e-05,,0.000656114916345485,64,0.3,0.2760649116325402,0.14241862473771238,0.13439658712349856,0.0,0.0,False,True,True,0.2966540096057254,0.5023339340071944,0.6460737052017796,0.5015213223378004,223227906,latent+prefusion+distill+ce,,-27.68,-51.41,-54.88,-55.81,-24.82,-55.46,-26.35,-52.43,checkpoints/sft_evan_base_biomassters_s1_fft_lr0.0005_20260725_075947.pt
nkejdh8m,delulu-biomassters-delulu-s1s2,biomassters,s1,s2,47.68,0.000252670780031606,,1.6702671176974042e-05,64,0.3,0.17878088663675185,0.4831460028781116,0.3671753077520121,0.0,0.0,False,True,True,0.196870834689456,0.524745797829029,0.7867350488411454,0.12125469187478292,223227906,latent+prefusion+distill+ce,,-30.38,-52.14,-46.63,-47.73,-12.10,-47.41,-21.54,-48.45,checkpoints/sft_evan_base_biomassters_s1_fft_lr0.0005_20260725_075947.pt
8t538aow,delulu-biomassters-delulu-s1s2,biomassters,s1,s2,47.68,1.4191736291399258e-05,,0.00013177871323179324,64,0.3,0.42067222199743304,0.34020038954167287,0.4181348869219863,0.0,0.0,False,True,True,0.2402005912018071,0.4081849476356942,0.658980389994437,0.7732172079044796,223227906,latent+prefusion+distill+ce,,-59.97,-80.25,-80.41,-81.14,-60.62,-81.63,-60.45,-80.57,checkpoints/sft_evan_base_biomassters_s1_fft_lr0.0005_20260725_075947.pt
zo77b8z4,delulu-biomassters-delulu-s1s2,biomassters,s1,s2,47.68,0.00029868966867008484,,0.0006610409227415551,64,0.3,0.4631308280164942,0.10593376418859105,0.19038089509472284,0.0,0.0,False,True,True,0.2087524365656732,0.33967315943513965,0.032110548758812696,0.4076156297721704,223227906,latent+prefusion+distill+ce,,-23.42,-47.40,-46.80,-47.86,-12.55,-46.84,-18.24,-46.29,checkpoints/sft_evan_base_biomassters_s1_fft_lr0.0005_20260725_075947.pt
4xk48xd4,delulu-biomassters-delulu-s1s2,biomassters,s1,s2,47.68,0.0009746499098197966,,0.00012234674925089737,64,0.3,0.12260098587605284,0.3695265665610256,0.3255771376010475,0.0,0.0,False,True,True,0.22545043239035184,0.051319731572782024,0.05448697529055757,0.441366555517001,223227906,latent+prefusion+distill+ce,,-41.49,-64.19,-49.77,-50.87,-20.59,-50.15,-31.63,-53.68,checkpoints/sft_evan_base_biomassters_s1_fft_lr0.0005_20260725_075947.pt
vpxsta6w,delulu-biomassters-delulu-s1s2,biomassters,s1,s2,47.68,5.845755701254673e-05,,0.0008160756594419604,64,0.3,0.4894395316891126,0.359868593513309,0.21446926960968168,0.0,0.0,False,True,True,0.11975576035415895,0.7056723764376769,0.16936592961833774,0.1841066843054751,223227906,latent+prefusion+distill+ce,,-25.54,-49.81,-51.28,-52.36,-18.89,-52.07,-22.34,-50.29,checkpoints/sft_evan_base_biomassters_s1_fft_lr0.0005_20260725_075947.pt
8woy5x1y,delulu-biomassters-delulu-s1s2,biomassters,s1,s2,47.68,2.8876343483190725e-05,,0.0007800986526940314,64,0.3,0.45734577149848055,0.208414224299389,0.34049351685859763,0.0,0.0,False,True,True,0.3804420525591563,0.7319578955577383,0.7803905694738427,0.5787439533917969,223227906,latent+prefusion+distill+ce,,-49.27,-70.39,-67.45,-68.29,-43.61,-68.10,-46.57,-69.12,checkpoints/sft_evan_base_biomassters_s1_fft_lr0.0005_20260725_075947.pt
eg9mgrp5,delulu-biomassters-delulu-s1s2,biomassters,s1,s2,47.68,2.521311587017992e-05,,0.0005994867094799552,64,0.3,0.1754265928791739,0.2398209312924311,0.151370347747058,0.0,0.0,False,True,True,0.029529416491415272,0.004432772206438451,0.22297626802949344,0.5882578463833711,223227906,latent+prefusion+distill+ce,,-46.15,-67.55,-70.31,-71.24,-50.64,-73.89,-48.98,-69.96,checkpoints/sft_evan_base_biomassters_s1_fft_lr0.0005_20260725_075947.pt
2vla8duo,delulu-biomassters-delulu-s1s2,biomassters,s1,s2,47.68,3.5594801068428786e-05,,0.0006617171929138966,64,0.3,0.4772844808990502,0.1877722350732872,0.33171392386703613,0.0,0.0,False,True,True,0.06972007733479152,0.32208359464756875,0.25619206248290327,0.2568143471867948,223227906,latent+prefusion+distill+ce,,-41.90,-63.71,-62.89,-63.88,-38.90,-64.85,-40.76,-63.54,checkpoints/sft_evan_base_biomassters_s1_fft_lr0.0005_20260725_075947.pt
t4lh275n,delulu-biomassters-delulu-s1s2,biomassters,s1,s2,47.68,0.00020192232719322604,,2.9030684362047265e-05,64,0.3,0.465564096720543,0.2517749361765951,0.2029722272606705,0.0,0.0,False,True,True,0.37777300185221274,0.2817353006104072,0.4668810053435808,0.6445422988592578,223227906,latent+prefusion+distill+ce,,-25.00,-49.80,-47.47,-48.54,-13.57,-47.82,-19.78,-46.69,checkpoints/sft_evan_base_biomassters_s1_fft_lr0.0005_20260725_075947.pt
8d8o0hap,delulu-biomassters-delulu-s1s2,biomassters,s1,s2,47.68,5.8785933994591256e-05,,0.0003714540189279474,64,0.3,0.29676571334510904,0.44967559985892536,0.3245015856768171,0.0,0.0,False,True,True,0.40709160686274887,0.76069634064806,0.26971524635371524,0.6190837160859854,223227906,latent+prefusion+distill+ce,,-26.34,-48.72,-50.75,-51.67,-17.04,-50.73,-21.69,-48.47,checkpoints/sft_evan_base_biomassters_s1_fft_lr0.0005_20260725_075947.pt
ouzok8a1,delulu-biomassters-delulu-s1s2,biomassters,s1,s2,47.68,1.4502561492871908e-05,,5.201446305743797e-05,64,0.3,0.14366244491308044,0.3432557861417418,0.4024825323740563,0.0,0.0,False,True,True,0.29963621801086665,0.28003280843306033,0.19997778270795563,0.3612346300703134,223227906,latent+prefusion+distill+ce,,-62.72,-82.42,-79.56,-80.34,-60.06,-81.33,-61.89,-81.27,checkpoints/sft_evan_base_biomassters_s1_fft_lr0.0005_20260725_075947.pt
uua6guuh,delulu-biomassters-delulu-s1s2,biomassters,s1,s2,47.68,2.324297450231015e-05,,0.00030522597931428115,64,0.3,0.3471705071584302,0.29428791809379673,0.3319305326885869,0.0,0.0,False,True,True,0.08359177904586063,0.5317752004670192,0.5312794148743231,0.11423139813350268,223227906,latent+prefusion+distill+ce,,-50.10,-71.05,-72.69,-73.46,-50.31,-73.49,-50.20,-71.98,checkpoints/sft_evan_base_biomassters_s1_fft_lr0.0005_20260725_075947.pt
0jci2ujc,delulu-biomassters-delulu-s1s2,biomassters,s1,s2,47.68,0.0004645318916773329,,1.585417199860358e-05,64,0.3,0.4665109900444897,0.315589910204474,0.2363252295036654,0.0,0.0,False,True,True,0.3861409246791377,0.6930663697121585,0.26869712504467014,0.3530498603310239,223227906,latent+prefusion+distill+ce,,-25.49,-49.46,-49.45,-50.58,-18.70,-49.35,-22.24,-49.11,checkpoints/sft_evan_base_biomassters_s1_fft_lr0.0005_20260725_075947.pt
2miajgya,delulu-biomassters-delulu-s1s2,biomassters,s1,s2,47.68,0.0005711951054188135,,3.317718047528143e-05,64,0.3,0.13857761624230985,0.3290722820521184,0.308428048255325,0.0,0.0,False,True,True,0.13191754519264354,0.6765606998720476,0.07641148259936903,0.38711765861264,223227906,latent+prefusion+distill+ce,,-27.63,-49.45,-47.96,-48.95,-15.63,-47.88,-22.14,-48.10,checkpoints/sft_evan_base_biomassters_s1_fft_lr0.0005_20260725_075947.pt
3qwrrqr1,delulu-biomassters-delulu-s1s2,biomassters,s1,s2,47.68,6.14322628968297e-05,,0.0006462178409868565,64,0.3,0.4472590843491886,0.40318207640973047,0.37009039511195174,0.0,0.0,False,True,True,0.24035941927985632,0.3636153079109282,0.3032751286166966,0.39892514903664766,223227906,latent+prefusion+distill+ce,,-25.95,-49.01,-50.30,-51.36,-17.87,-51.14,-22.16,-48.72,checkpoints/sft_evan_base_biomassters_s1_fft_lr0.0005_20260725_075947.pt
jnn5c6tm,delulu-biomassters-delulu-s1s2,biomassters,s1,s2,47.68,3.102899496056455e-05,,4.9417597455604146e-05,64,0.3,0.3569046847412778,0.13679924811892707,0.14613436029626012,0.0,0.0,False,True,True,0.0006068264845294213,0.31043337557036854,0.3032399660961167,0.20284744746949623,223227906,latent+prefusion+distill+ce,,-43.48,-65.38,-67.69,-68.49,-43.68,-68.17,-43.58,-66.62,checkpoints/sft_evan_base_biomassters_s1_fft_lr0.0005_20260725_075947.pt
mf9mt2xo,delulu-biomassters-delulu-s1s2,biomassters,s1,s2,47.68,0.00014899359886138367,,3.239207387182739e-05,64,0.3,0.35534876876521204,0.23146991849979737,0.15714690371359286,0.0,0.0,False,True,True,0.33605549497492593,0.7982447210645078,0.3138212794860582,0.34486700748691346,223227906,latent+prefusion+distill+ce,,-25.07,-46.52,-46.46,-47.53,-11.04,-47.45,-18.05,-45.70,checkpoints/sft_evan_base_biomassters_s1_fft_lr0.0005_20260725_075947.pt
bw0lb9mt,delulu-biomassters-delulu-s1s2,biomassters,s1,s2,47.68,8.4646237739396e-05,,0.0009500922431506292,64,0.3,0.1341302373143373,0.1136698539061098,0.1633407793552507,0.0,0.0,False,True,True,0.2532382609475806,0.11322498861370368,0.11625553403347622,0.5215126674207662,223227906,latent+prefusion+distill+ce,,-25.78,-48.09,-46.55,-47.58,-10.37,-47.18,-19.26,-46.72,checkpoints/sft_evan_base_biomassters_s1_fft_lr0.0005_20260725_075947.pt
onrylfuf,delulu-biomassters-delulu-s1s2,biomassters,s1,s2,47.68,0.0009023965770196596,,1.5446042504506758e-05,64,0.3,0.3038032748014182,0.20899554309155857,0.21512749110735588,0.0,0.0,False,True,True,0.3137604471991042,0.26733758096383065,0.545234752753528,0.10834464308683256,223227906,latent+prefusion+distill+ce,,-27.20,-51.18,-48.94,-49.98,-17.78,-48.56,-22.56,-49.37,checkpoints/sft_evan_base_biomassters_s1_fft_lr0.0005_20260725_075947.pt
3bozs2ie,delulu-biomassters-delulu-s1s2,biomassters,s1,s2,47.68,0.00014318949266287773,,0.00010347330354415748,64,0.3,0.4309478031556685,0.4029313897772214,0.18383947220304153,0.0,0.0,False,True,True,0.26929262125731446,0.11719102135979642,0.5604147695017705,0.4005371636167455,223227906,latent+prefusion+distill+ce,,-25.80,-47.56,-45.89,-46.96,-11.07,-47.06,-18.52,-45.80,checkpoints/sft_evan_base_biomassters_s1_fft_lr0.0005_20260725_075947.pt
39kg79k9,delulu-biomassters-delulu-s1s2,biomassters,s1,s2,47.68,4.328752863460466e-05,,3.7473166530767385e-05,64,0.3,0.3968259137798409,0.20983006358393796,0.22874775413139625,0.0,0.0,False,True,True,0.04856179762008822,0.36650934351466735,0.9452858671808548,0.6883841861887938,223227906,latent+prefusion+distill+ce,,-28.41,-51.56,-56.44,-57.38,-31.39,-59.35,-29.90,-53.13,checkpoints/sft_evan_base_biomassters_s1_fft_lr0.0005_20260725_075947.pt
l3kn68qr,delulu-biomassters-delulu-s1s2,biomassters,s1,s2,47.68,0.00030114734312786936,,4.0594246068901195e-05,64,0.3,0.10922031509487376,0.16930144484627355,0.22841011743360795,0.0,0.0,False,True,True,0.05335343637712686,0.4246373818545648,0.11401823406440714,0.4768827526294387,223227906,latent+prefusion+distill+ce,,-28.54,-48.77,-46.62,-47.55,-12.65,-46.80,-21.37,-46.63,checkpoints/sft_evan_base_biomassters_s1_fft_lr0.0005_20260725_075947.pt
xy3x6usx,delulu-biomassters-delulu-s1s2,biomassters,s1,s2,47.68,7.483804015156448e-05,,8.564893120117356e-05,64,0.3,0.29018890769245187,0.2979712756332616,0.13487865806152116,0.0,0.0,False,True,True,0.26446995935148454,0.9534422046986516,0.2967306611900995,0.7552146417966846,223227906,latent+prefusion+distill+ce,,-24.88,-47.89,-47.20,-48.31,-12.37,-47.75,-19.44,-46.92,checkpoints/sft_evan_base_biomassters_s1_fft_lr0.0005_20260725_075947.pt
jk4kukqa,delulu-biomassters-delulu-s1s2,biomassters,s1,s2,47.68,3.605356534569518e-05,,1.1807045643599798e-05,64,0.3,0.2685043981505768,0.2588551944825561,0.20954147294917655,0.0,0.0,False,True,True,0.08427005133077525,0.15530839033041188,0.2659735108908381,0.2951615180965754,223227906,latent+prefusion+distill+ce,,-44.88,-66.39,-64.26,-65.02,-39.40,-65.15,-42.39,-65.16,checkpoints/sft_evan_base_biomassters_s1_fft_lr0.0005_20260725_075947.pt
lmhicktl,delulu-biomassters-delulu-s1s2,biomassters,s1,s2,47.68,0.0003936426004462277,,0.00011351636282963896,64,0.3,0.21280463834442012,0.14766333074381294,0.17117511661929757,0.0,0.0,False,True,True,0.17801802598200706,0.20335542569167075,0.3163581752461899,0.24656139671931016,223227906,latent+prefusion+distill+ce,,-26.36,-47.67,-47.50,-48.56,-12.55,-47.29,-20.42,-46.60,checkpoints/sft_evan_base_biomassters_s1_fft_lr0.0005_20260725_075947.pt
eylfovmt,delulu-biomassters-delulu-s1s2,biomassters,s1,s2,47.68,4.952244694211925e-05,,2.260144875808597e-05,64,0.3,0.30779029317528017,0.4464451717763721,0.1007770475277471,0.0,0.0,False,True,True,0.420661381070186,0.6076964623980421,0.8352359882630678,0.5197643526322644,223227906,latent+prefusion+distill+ce,,-32.17,-54.75,-54.53,-55.44,-24.64,-55.43,-28.47,-54.34,checkpoints/sft_evan_base_biomassters_s1_fft_lr0.0005_20260725_075947.pt
dlgwzs8q,delulu-biomassters-delulu-s1s2,biomassters,s1,s2,47.68,8.444509199989756e-05,,0.0007719466087619612,64,0.3,0.29911083910900393,0.39710495485917985,0.20611098926793825,0.0,0.0,False,True,True,0.08016042103192578,0.3969637493536019,0.6877877928568633,0.1076120440137785,223227906,latent+prefusion+distill+ce,,-29.11,-49.66,-47.01,-48.05,-10.31,-48.32,-20.59,-46.44,checkpoints/sft_evan_base_biomassters_s1_fft_lr0.0005_20260725_075947.pt
5c9dhnav,delulu-biomassters-delulu-s1s2,biomassters,s1,s2,47.68,3.088025099633928e-05,,0.0005453917759364707,64,0.3,0.44516431310525817,0.24188075648042193,0.13172234314001963,0.0,0.0,False,True,True,0.4573999506108658,0.9640941784058684,0.34432662115627244,0.1122841149608137,223227906,latent+prefusion+distill+ce,,-43.31,-65.43,-66.37,-67.12,-42.54,-67.60,-42.92,-66.10,checkpoints/sft_evan_base_biomassters_s1_fft_lr0.0005_20260725_075947.pt
nqvds4iv,delulu-biomassters-delulu-s1s2,biomassters,s1,s2,47.68,2.9136577622433168e-05,,1.8880153207301414e-05,64,0.3,0.23800759946296185,0.10767863802310806,0.23985814162417243,0.0,0.0,False,True,True,0.2948206827917399,0.5508523946400528,0.2098221544562716,0.34176706924496714,223227906,latent+prefusion+distill+ce,,-45.01,-66.30,-68.19,-68.92,-44.51,-68.81,-44.76,-67.14,checkpoints/sft_evan_base_biomassters_s1_fft_lr0.0005_20260725_075947.pt
2bkih45b,delulu-biomassters-delulu-s1s2,biomassters,s1,s2,47.68,0.0004329976557369074,,0.0001920894016617991,64,0.3,0.4742595574192556,0.1922082036429345,0.11032119733216876,0.0,0.0,False,True,True,0.33095800942462184,0.7178236440886471,0.4131378380440557,0.6073272042330575,223227906,latent+prefusion+distill+ce,,-24.62,-48.57,-49.00,-49.97,-17.72,-49.17,-21.64,-47.97,checkpoints/sft_evan_base_biomassters_s1_fft_lr0.0005_20260725_075947.pt
17albymd,delulu-biomassters-delulu-s1s2,biomassters,s1,s2,47.68,0.0001569391767106977,,3.351617951860976e-05,64,0.3,0.33189226742900324,0.17068517311514753,0.23002477810989655,0.0,0.0,False,True,True,0.3613664751387723,0.6430194633931678,0.15374988356364516,0.40414477259411485,223227906,latent+prefusion+distill+ce,,-24.73,-47.61,-45.81,-46.94,-10.62,-46.88,-18.43,-45.58,checkpoints/sft_evan_base_biomassters_s1_fft_lr0.0005_20260725_075947.pt
3g0axlj4,delulu-biomassters-delulu-s1s2,biomassters,s1,s2,47.68,0.0006564700643287713,,0.0003408068587436242,64,0.3,0.12481785832104796,0.220512129074604,0.1013839619886186,0.0,0.0,False,True,True,0.30888679703240934,0.1886130790588142,0.887436705304533,0.31838839465352986,223227906,latent+prefusion+distill+ce,,-25.65,-47.50,-46.82,-47.94,-12.63,-47.64,-19.21,-46.35,checkpoints/sft_evan_base_biomassters_s1_fft_lr0.0005_20260725_075947.pt
6ak5pems,delulu-biomassters-delulu-s1s2,biomassters,s1,s2,47.68,3.0204345662578097e-05,,0.0001008354217146515,64,0.3,0.267033058004026,0.14587287393066262,0.17848181213555586,0.0,0.0,False,True,True,0.002003414587073926,0.5453525335389542,0.8031949519680006,0.577614258099592,223227906,latent+prefusion+distill+ce,,-45.14,-66.96,-68.83,-69.67,-45.27,-69.33,-46.39,-68.51,checkpoints/sft_evan_base_biomassters_s1_fft_lr0.0005_20260725_075947.pt
jq325s05,delulu-biomassters-delulu-s1s2,biomassters,s1,s2,47.68,2.5028587928965415e-05,,0.0003708760803776172,64,0.3,0.3341143863948245,0.16798390711084227,0.41603575310453766,0.0,0.0,False,True,True,0.060148111984728136,0.4499358406783913,0.5984257390934478,0.6752253371707758,223227906,latent+prefusion+distill+ce,,-44.69,-66.98,-71.74,-72.49,-50.59,-73.69,-48.21,-69.49,checkpoints/sft_evan_base_biomassters_s1_fft_lr0.0005_20260725_075947.pt
jlagq6gm,delulu-biomassters-delulu-s1s2,biomassters,s1,s2,47.68,0.0005372356542713582,,0.0002084078746244917,64,0.3,0.21199268372943436,0.45399091226887833,0.23789880680069825,0.0,0.0,False,True,True,0.3832245855370891,0.04612763043334922,0.7779721008517407,0.5060884428137988,223227906,latent+prefusion+distill+ce,,-28.38,-51.18,-48.96,-49.99,-18.39,-49.09,-25.44,-48.43,checkpoints/sft_evan_base_biomassters_s1_fft_lr0.0005_20260725_075947.pt
1b8zcw0m,delulu-biomassters-delulu-s1s2,biomassters,s1,s2,47.68,8.3126854938141e-05,,0.0006675145698112533,64,0.3,0.33760314337182795,0.11280378830644676,0.14982900700393703,0.0,0.0,False,True,True,0.4433902581411772,0.8074560617350185,0.5725030612372857,0.5082785350045081,223227906,latent+prefusion+distill+ce,,-23.77,-47.65,-46.32,-47.39,-10.93,-47.35,-17.89,-46.68,checkpoints/sft_evan_base_biomassters_s1_fft_lr0.0005_20260725_075947.pt
mpecbqum,delulu-biomassters-delulu-s1s2,biomassters,s1,s2,47.68,3.6372207758413016e-05,,0.0008023822274320543,64,0.3,0.43551267330294,0.35180128296366364,0.4816580897277194,0.0,0.0,False,True,True,0.02034017996194326,0.1695318318142054,0.579013149995823,0.45679208952909667,223227906,latent+prefusion+distill+ce,,-41.19,-64.12,-61.87,-62.77,-35.47,-62.30,-39.40,-63.15,checkpoints/sft_evan_base_biomassters_s1_fft_lr0.0005_20260725_075947.pt
2w7zv2fg,delulu-biomassters-delulu-s1s2,biomassters,s1,s2,47.68,1.0783057233041064e-05,,5.225524760113752e-05,64,0.3,0.11972313999498364,0.3826074163198835,0.45529254416824094,0.0,0.0,False,True,True,0.3543668471530154,0.4134397936134381,0.628505324581302,0.24307035196127383,223227906,latent+prefusion+distill+ce,,-61.42,-81.57,-81.13,-81.96,-60.50,-81.73,-60.96,-81.61,checkpoints/sft_evan_base_biomassters_s1_fft_lr0.0005_20260725_075947.pt
qbvgzklo,delulu-biomassters-delulu-s1s2,biomassters,s1,s2,47.68,0.000977275919846988,,4.532611171052856e-05,64,0.3,0.41217820719556786,0.3944175047273415,0.3665614832355406,0.0,0.0,False,True,True,0.21638675665441895,0.10411970942945804,0.41103700647315666,0.7848700905465534,223227906,latent+prefusion+distill+ce,,-45.13,-61.82,-58.78,-60.15,-34.23,-60.77,-41.71,-56.80,checkpoints/sft_evan_base_biomassters_s1_fft_lr0.0005_20260725_075947.pt
zzrrm3ov,delulu-biomassters-delulu-s1s2,biomassters,s1,s2,47.68,0.0004130479708655864,,8.468533194039034e-05,64,0.3,0.32453371604757814,0.36665016928914274,0.4595325888994479,0.0,0.0,False,True,True,0.29263973648053493,0.1670514865853756,0.3524614431474433,0.24054649120391644,223227906,latent+prefusion+distill+ce,,-28.89,-49.26,-48.87,-49.99,-18.96,-49.15,-24.63,-50.28,checkpoints/sft_evan_base_biomassters_s1_fft_lr0.0005_20260725_075947.pt
g9jeqpdv,delulu-biomassters-delulu-s1s2,biomassters,s1,s2,47.68,0.0008177896969709744,,3.069669844324763e-05,64,0.3,0.2080409038037488,0.35035389448874965,0.44773356925062846,0.0,0.0,False,True,True,0.0006230136908391692,0.5875452940959842,0.15854840790664038,0.23811273645683537,223227906,latent+prefusion+distill+ce,,-31.84,-53.96,-50.03,-51.11,-22.29,-50.22,-28.01,-50.54,checkpoints/sft_evan_base_biomassters_s1_fft_lr0.0005_20260725_075947.pt
0cjs4vme,delulu-biomassters-delulu-s1s2,biomassters,s1,s2,47.68,0.0002828298241536471,,0.0007684093264319129,64,0.3,0.3594728647143116,0.2785107157416786,0.4876184824435358,0.0,0.0,False,True,True,0.4038137615149123,0.7232520273534748,0.4854770841033942,0.101331940434546,223227906,latent+prefusion+distill+ce,,-27.04,-49.77,-48.69,-49.80,-19.36,-48.87,-23.85,-48.33,checkpoints/sft_evan_base_biomassters_s1_fft_lr0.0005_20260725_075947.pt
4ifxhgj1,delulu-biomassters-delulu-s1s2,biomassters,s1,s2,47.68,0.0007864653953795944,,1.3709696255649508e-05,64,0.3,0.39317863248518503,0.10033726914722862,0.3757610094612792,0.0,0.0,False,True,True,0.1577387405171864,0.2932280084977349,0.9447324781638464,0.715590224207571,223227906,latent+prefusion+distill+ce,,-30.50,-54.47,-53.63,-54.68,-27.32,-51.85,-29.40,-55.06,checkpoints/sft_evan_base_biomassters_s1_fft_lr0.0005_20260725_075947.pt
jrzdkhr6,delulu-biomassters-delulu-s1s2,biomassters,s1,s2,47.68,0.000981651844817243,,2.4239091125806248e-05,64,0.3,0.3421567806006546,0.3280181125014244,0.48171957637326535,0.0,0.0,False,True,True,0.1635310358191216,0.1814884974795562,0.2016052503475233,0.19695291775945595,223227906,latent+prefusion+distill+ce,,-32.02,-53.77,-53.15,-54.18,-29.42,-53.66,-31.45,-52.60,checkpoints/sft_evan_base_biomassters_s1_fft_lr0.0005_20260725_075947.pt
87oo5htc,delulu-biomassters-delulu-s1s2,biomassters,s1,s2,47.68,2.364187147395068e-05,,0.00015163528698387238,64,0.3,0.36987734830026553,0.17216151657008885,0.3540653142613842,0.0,0.0,False,True,True,0.4798519113503055,0.4439594545369999,0.4978423645531184,0.557117379490956,223227906,latent+prefusion+distill+ce,,-51.13,-72.15,-72.16,-72.92,-48.96,-72.01,-50.04,-72.22,checkpoints/sft_evan_base_biomassters_s1_fft_lr0.0005_20260725_075947.pt
3oh67za0,delulu-biomassters-delulu-s1s2,biomassters,s1,s2,47.68,4.409445279264149e-05,,0.0006355061055858174,64,0.3,0.4365602531948539,0.1115166842029443,0.3528050274172029,0.0,0.0,False,True,True,0.02286228955425934,0.40656975815884944,0.35719520286572126,0.5442677819407759,223227906,latent+prefusion+distill+ce,,-31.05,-54.70,-58.65,-59.47,-31.25,-59.44,-31.15,-56.11,checkpoints/sft_evan_base_biomassters_s1_fft_lr0.0005_20260725_075947.pt
d228694o,delulu-biomassters-delulu-s1s2,biomassters,s1,s2,47.68,0.00029954555612765865,,0.0001352347453733447,64,0.3,0.4663963505682256,0.12209895933574924,0.3802367750012078,0.0,0.0,False,True,True,0.3155520447224854,0.8915099376527628,0.08650365333741361,0.6492064783022359,223227906,latent+prefusion+distill+ce,,-25.03,-48.59,-48.41,-49.65,-16.28,-48.03,-20.78,-47.75,checkpoints/sft_evan_base_biomassters_s1_fft_lr0.0005_20260725_075947.pt
c1yuecyj,delulu-biomassters-delulu-s1s2,biomassters,s1,s2,47.68,1.4986100931524632e-05,,0.00033109135446603285,64,0.3,0.13704417154595158,0.4399157595871884,0.32098390719973185,0.0,0.0,False,True,True,0.11698341932368722,0.206978342101525,0.02692916864801287,0.46512732119795064,223227906,latent+prefusion+distill+ce,,-61.95,-81.57,-78.30,-79.09,-57.27,-79.06,-59.70,-80.35,checkpoints/sft_evan_base_biomassters_s1_fft_lr0.0005_20260725_075947.pt
cji1pla2,delulu-biomassters-delulu-s1s2,biomassters,s1,s2,47.68,1.720020093251297e-05,,4.353211443164744e-05,64,0.3,0.45488338453747046,0.44961405539400423,0.3366746305752263,0.0,0.0,False,True,True,0.01886628396770912,0.008830541510647882,0.8830794791190201,0.6429425500289117,223227906,latent+prefusion+distill+ce,,-55.07,-75.61,-77.17,-77.93,-55.10,-77.40,-55.08,-76.59,checkpoints/sft_evan_base_biomassters_s1_fft_lr0.0005_20260725_075947.pt
hrjbgoyo,delulu-biomassters-delulu-s1s2,biomassters,s1,s2,47.68,0.00014154134223446382,,3.942240031382477e-05,64,0.3,0.3998890755687139,0.24124467097644095,0.33036219772172154,0.0,0.0,False,True,True,0.479710438543972,0.5344065839031134,0.6749165235948162,0.4035390292658465,223227906,latent+prefusion+distill+ce,,-27.11,-50.36,-46.01,-47.08,-12.92,-46.72,-20.32,-48.06,checkpoints/sft_evan_base_biomassters_s1_fft_lr0.0005_20260725_075947.pt
gp9qri5f,delulu-biomassters-delulu-s1s2,biomassters,s1,s2,47.68,0.0007512628551523724,,3.695361918177226e-05,64,0.3,0.212701395604127,0.46924874720470067,0.31915291151733294,0.0,0.0,False,True,True,0.3316465052827603,0.1282731608733071,0.8203240206639074,0.2995387179009455,223227906,latent+prefusion+distill+ce,,-28.91,-50.25,-49.85,-50.84,-20.75,-50.03,-24.83,-49.10,checkpoints/sft_evan_base_biomassters_s1_fft_lr0.0005_20260725_075947.pt
1boirgrx,delulu-biomassters-delulu-s1s2,biomassters,s1,s2,47.68,5.127828800350099e-05,,0.0001401568901747487,64,0.3,0.4113208288020471,0.2393719156037372,0.24830607842979255,0.0,0.0,False,True,True,0.07726031180754761,0.5433061004181764,0.7649262326836841,0.6909811263024584,223227906,latent+prefusion+distill+ce,,-26.70,-49.87,-53.70,-54.68,-23.78,-54.38,-25.92,-52.23,checkpoints/sft_evan_base_biomassters_s1_fft_lr0.0005_20260725_075947.pt
g5be7qj0,delulu-biomassters-delulu-s1s2,biomassters,s1,s2,47.68,1.1381603263305858e-05,,0.0009101088694914398,64,0.3,0.4236013217304315,0.12372765334565092,0.3096423390940106,0.0,0.0,False,True,True,0.06687598270790635,0.7605874272191044,0.4787622964426894,0.28284174260650885,223227906,latent+prefusion+distill+ce,,-60.54,-80.70,-82.39,-83.21,-61.25,-82.47,-61.13,-81.94,checkpoints/sft_evan_base_biomassters_s1_fft_lr0.0005_20260725_075947.pt
bz916d72,delulu-biomassters-delulu-s1s2,biomassters,s1,s2,47.68,2.779582015740288e-05,,1.2096905949023705e-05,64,0.3,0.26164418800400224,0.16437376352982117,0.30941396501970053,0.0,0.0,False,True,True,0.4524394328832396,0.8210377997141852,0.03241141510140799,0.42448060064162374,223227906,latent+prefusion+distill+ce,,-47.94,-69.24,-67.15,-67.89,-42.73,-67.50,-45.45,-68.25,checkpoints/sft_evan_base_biomassters_s1_fft_lr0.0005_20260725_075947.pt
213khfcp,delulu-biomassters-delulu-s1s2,biomassters,s1,s2,47.68,0.0006661508187354101,,2.3743364801166735e-05,64,0.3,0.33005284734468676,0.4718771749637516,0.29670200109433154,0.0,0.0,False,True,True,0.03195058854864463,0.7152205630608651,0.9647603517957224,0.41405837412169744,223227906,latent+prefusion+distill+ce,,-28.13,-52.08,-49.65,-50.67,-23.54,-50.23,-26.39,-50.45,checkpoints/sft_evan_base_biomassters_s1_fft_lr0.0005_20260725_075947.pt
mabiu4a6,delulu-biomassters-delulu-s1s2,biomassters,s1,s2,47.68,1.825718777613832e-05,,0.00015529765585816513,64,0.3,0.3789380997115356,0.37852127847238815,0.28775856473747885,0.0,0.0,False,True,True,0.3772839146150744,0.6537185938794251,0.7117658570595282,0.43305994876820686,223227906,latent+prefusion+distill+ce,,-57.85,-77.93,-76.10,-76.84,-57.70,-79.47,-57.77,-77.20,checkpoints/sft_evan_base_biomassters_s1_fft_lr0.0005_20260725_075947.pt
7naw35yl,delulu-biomassters-delulu-s1s2,biomassters,s1,s2,47.68,0.00014078952085536017,,1.5743787207690698e-05,64,0.3,0.361811834064391,0.43898498354881343,0.29831818379761144,0.0,0.0,False,True,True,0.08534752448266081,0.07875925761938452,0.3623009251746284,0.7703434193864741,223227906,latent+prefusion+distill+ce,,-26.39,-50.10,-46.58,-47.60,-13.47,-47.50,-21.02,-47.67,checkpoints/sft_evan_base_biomassters_s1_fft_lr0.0005_20260725_075947.pt
w9oiq77h,delulu-biomassters-delulu-s1s2,biomassters,s1,s2,47.68,0.00010590289769353484,,0.0005737534146863846,64,0.3,0.454990445334555,0.4719038294395319,0.37622688488542255,0.0,0.0,False,True,True,0.0804438678531249,0.6887670181997986,0.3497084325663474,0.6300334086673166,223227906,latent+prefusion+distill+ce,,-27.16,-48.91,-46.82,-47.97,-13.52,-47.68,-21.63,-48.59,checkpoints/sft_evan_base_biomassters_s1_fft_lr0.0005_20260725_075947.pt
ltdsvkkl,delulu-biomassters-delulu-s1s2,biomassters,s1,s2,47.68,0.00039068397338634496,,0.0005937862308575704,64,0.3,0.25646104339370246,0.23867639709503716,0.23335859092701128,0.0,0.0,False,True,True,0.4727085753548943,0.596656835107379,0.311541583960253,0.3741997047774503,223227906,latent+prefusion+distill+ce,,-26.60,-48.33,-47.72,-48.73,-15.29,-47.66,-21.06,-47.11,checkpoints/sft_evan_base_biomassters_s1_fft_lr0.0005_20260725_075947.pt
nlo1jgpb,delulu-biomassters-delulu-s1s2,biomassters,s1,s2,47.68,0.00011705493960925432,,2.280091871288078e-05,64,0.3,0.10338058044251348,0.4790512867878216,0.22987131442544337,0.0,0.0,False,True,True,0.3676346515811156,0.7790209743214118,0.6557454944639141,0.47666222900780586,223227906,latent+prefusion+distill+ce,,-28.37,-49.98,-45.89,-46.94,-10.59,-47.23,-19.76,-46.39,checkpoints/sft_evan_base_biomassters_s1_fft_lr0.0005_20260725_075947.pt
wc4rmbvr,delulu-biomassters-delulu-s1s2,biomassters,s1,s2,47.68,0.000916469333136707,,0.0002878741176066241,64,0.3,0.1266666595343192,0.43420999138329386,0.15544879614474524,0.0,0.0,False,True,True,0.064093913002014,0.4555013006888805,0.006950419430361787,0.39172790896896914,223227906,latent+prefusion+distill+ce,,-25.96,-48.56,-47.43,-48.47,-15.01,-47.90,-20.62,-47.05,checkpoints/sft_evan_base_biomassters_s1_fft_lr0.0005_20260725_075947.pt
7ln13nd6,delulu-biomassters-delulu-s1s2,biomassters,s1,s2,47.68,0.0005907509030405052,,0.00016666078410993877,64,0.3,0.2316403699483688,0.26565889094376427,0.15919034436971002,0.0,0.0,False,True,True,0.3727155958701761,0.3783832910072369,0.9496060489090832,0.2137712672982817,223227906,latent+prefusion+distill+ce,,-26.59,-48.32,-47.42,-48.43,-14.12,-47.85,-21.00,-47.31,checkpoints/sft_evan_base_biomassters_s1_fft_lr0.0005_20260725_075947.pt
k1tjv6g4,delulu-biomassters-delulu-s1s2,biomassters,s1,s2,47.68,1.33336279807103e-05,,4.7629916532574066e-05,64,0.3,0.17411040767998937,0.1343031135724615,0.26584892236956326,0.0,0.0,False,True,True,0.4070440759009468,0.36549672376454,0.4464299235986061,0.7905510629972625,223227906,latent+prefusion+distill+ce,,-62.69,-82.50,-79.61,-80.31,-61.64,-82.70,-62.16,-81.28,checkpoints/sft_evan_base_biomassters_s1_fft_lr0.0005_20260725_075947.pt
6jv0p2yp,delulu-biomassters-delulu-s1s2,biomassters,s1,s2,47.68,0.0007620873522197033,,0.00019347352437056015,64,0.3,0.38858815847812733,0.3588897317602543,0.10781429164348028,0.0,0.0,False,True,True,0.0937067748803001,0.019181320176412164,0.4236611198197273,0.7199732921852187,223227906,latent+prefusion+distill+ce,,-27.41,-50.24,-50.94,-51.93,-22.27,-51.71,-25.65,-50.05,checkpoints/sft_evan_base_biomassters_s1_fft_lr0.0005_20260725_075947.pt
ag6jqxxn,delulu-biomassters-delulu-s1s2,biomassters,s1,s2,47.68,0.0002529544636382484,,3.0286441797957716e-05,64,0.3,0.23864527202596905,0.11270423231348577,0.1707656015433477,0.0,0.0,False,True,True,0.1708130748210825,0.2940687912993548,0.38484097494489466,0.6632186811504182,223227906,latent+prefusion+distill+ce,,-24.64,-47.66,-46.66,-47.66,-12.70,-47.52,-19.08,-46.14,checkpoints/sft_evan_base_biomassters_s1_fft_lr0.0005_20260725_075947.pt
uvzl3lsx,delulu-biomassters-delulu-s1s2,biomassters,s1,s2,47.68,2.6349314951743235e-05,,2.0541197980802212e-05,64,0.3,0.2776019661998421,0.41601690239190503,0.1576639366970934,0.0,0.0,False,True,True,0.22471856759432177,0.5043756403300853,0.7128620665448381,0.44434801510662025,223227906,latent+prefusion+distill+ce,,-47.65,-69.10,-69.85,-70.63,-48.49,-71.98,-48.07,-69.59,checkpoints/sft_evan_base_biomassters_s1_fft_lr0.0005_20260725_075947.pt
ou2rxon4,delulu-biomassters-delulu-s1s2,biomassters,s1,s2,47.68,0.000873543730710246,,3.994386325899299e-05,64,0.3,0.1523036033084218,0.2969140905621859,0.11598687860546708,0.0,0.0,False,True,True,0.09186797391283597,0.3108638266613123,0.24094563391803217,0.7181995066434058,223227906,latent+prefusion+distill+ce,,-28.15,-52.44,-49.11,-50.10,-19.27,-49.86,-23.87,-49.90,checkpoints/sft_evan_base_biomassters_s1_fft_lr0.0005_20260725_075947.pt
umkxzrae,delulu-biomassters-delulu-s1s2,biomassters,s1,s2,47.68,5.3571033423481714e-05,,0.0001768868455444581,64,0.3,0.35079604354991223,0.3830503758755433,0.4893041941633317,0.0,0.0,False,True,True,0.20252171457618048,0.8419761149239553,0.14897955477132074,0.4634539195645587,223227906,latent+prefusion+distill+ce,,-38.93,-61.52,-56.17,-57.22,-29.13,-58.35,-34.64,-58.72,checkpoints/sft_evan_base_biomassters_s1_fft_lr0.0005_20260725_075947.pt
6s9didfc,delulu-biomassters-delulu-s1s2,biomassters,s1,s2,47.68,0.00036074569021893847,,1.327018287314562e-05,64,0.3,0.3776316289139231,0.47143742599944505,0.41302124017489905,0.0,0.0,False,True,True,0.4154934592668613,0.41313860997586327,0.7920678643917659,0.14052312752210971,223227906,latent+prefusion+distill+ce,,-24.15,-48.85,-48.32,-49.42,-15.81,-48.22,-20.04,-47.55,checkpoints/sft_evan_base_biomassters_s1_fft_lr0.0005_20260725_075947.pt
ry73ys2m,delulu-biomassters-delulu-s1s2,biomassters,s1,s2,47.68,6.464332457689685e-05,,4.258315098010099e-05,64,0.3,0.3485747074648523,0.31144513982639366,0.434709791185927,0.0,0.0,False,True,True,0.16576684527308522,0.7721521189063218,0.438542007523846,0.5889112379575283,223227906,latent+prefusion+distill+ce,,-28.50,-52.86,-52.21,-53.13,-20.40,-53.40,-24.45,-51.71,checkpoints/sft_evan_base_biomassters_s1_fft_lr0.0005_20260725_075947.pt
pe7ib4wi,delulu-biomassters-delulu-s1s2,biomassters,s1,s2,47.68,0.00042467132055317954,,3.523370539863831e-05,64,0.3,0.2250503503611325,0.2195326547056595,0.24622296852653663,0.0,0.0,False,True,True,0.3452203567956721,0.21533649591231196,0.16634863529942234,0.5092710293311007,223227906,latent+prefusion+distill+ce,,-23.39,-47.79,-46.77,-47.85,-12.65,-47.63,-18.02,-46.41,checkpoints/sft_evan_base_biomassters_s1_fft_lr0.0005_20260725_075947.pt
yj028tgm,delulu-biomassters-delulu-s1s2,biomassters,s1,s2,47.68,6.441459852462286e-05,,6.714903481123184e-05,64,0.3,0.11636576589124226,0.3275339473408928,0.3635717116098668,0.0,0.0,False,True,True,0.0028305686224978643,0.91090885466686,0.3991433267139659,0.34670150575064806,223227906,latent+prefusion+distill+ce,,-28.26,-50.83,-49.22,-50.24,-13.18,-49.45,-20.72,-48.68,checkpoints/sft_evan_base_biomassters_s1_fft_lr0.0005_20260725_075947.pt
p38l6pjz,delulu-biomassters-delulu-s1s2,biomassters,s1,s2,47.68,0.0006224599609353696,,0.00014922059556190872,64,0.3,0.3625506668534203,0.40970108844061226,0.30437058825366203,0.0,0.0,False,True,True,0.46374988548372065,0.5418462437893417,0.15104289046747377,0.7889032881635005,223227906,latent+prefusion+distill+ce,,-29.53,-51.08,-52.87,-53.95,-27.56,-51.43,-28.54,-51.03,checkpoints/sft_evan_base_biomassters_s1_fft_lr0.0005_20260725_075947.pt
sbk4kvjb,delulu-biomassters-delulu-s1s2,biomassters,s1,s2,47.68,0.00010223265381258834,,9.852156403546116e-05,64,0.3,0.4446450871128699,0.4401329539182188,0.2249344887849929,0.0,0.0,False,True,True,0.43679846447214304,0.33047612477460553,0.9680979667580428,0.5800358620492504,223227906,latent+prefusion+distill+ce,,-23.79,-48.30,-47.10,-48.15,-10.52,-47.90,-17.20,-46.55,checkpoints/sft_evan_base_biomassters_s1_fft_lr0.0005_20260725_075947.pt
cdwxf7zt,delulu-biomassters-delulu-s1s2,biomassters,s1,s2,47.68,0.0004711079705098923,,1.3350539019473456e-05,64,0.3,0.29940021697121455,0.12707054377181667,0.10380849323345905,0.0,0.0,False,True,True,0.17419800109915767,0.693587809720958,0.30360219590603876,0.5274501986702151,223227906,latent+prefusion+distill+ce,,-22.62,-47.83,-46.86,-47.94,-11.31,-47.53,-16.96,-46.68,checkpoints/sft_evan_base_biomassters_s1_fft_lr0.0005_20260725_075947.pt
2fdtpoe6,delulu-biomassters-delulu-s1s2,biomassters,s1,s2,47.68,3.317487288575426e-05,,1.6734755094628283e-05,64,0.3,0.39449034245278614,0.11052206977345463,0.1641996078458534,0.0,0.0,False,True,True,0.20762328745925507,0.9521759760815468,0.7340257550967233,0.7414408516532148,223227906,latent+prefusion+distill+ce,,-52.18,-72.95,-72.37,-73.29,-50.55,-73.83,-51.48,-73.07,checkpoints/sft_evan_base_biomassters_s1_fft_lr0.0005_20260725_075947.pt
pk9o531i,delulu-biomassters-delulu-s1s2,biomassters,s1,s2,47.68,6.27521887154975e-05,,0.00020435256720938508,64,0.3,0.4172318487388405,0.1636550625507885,0.11019533774448204,0.0,0.0,False,True,True,0.35838962835580634,0.02542098602108822,0.5563657521160547,0.17944790588750065,223227906,latent+prefusion+distill+ce,,-40.96,-63.58,-62.42,-63.17,-36.38,-63.27,-38.67,-62.90,checkpoints/sft_evan_base_biomassters_s1_fft_lr0.0005_20260725_075947.pt
suc7i1x7,delulu-biomassters-delulu-s1s2,biomassters,s1,s2,47.68,0.0008843408912352731,,0.00018894115241168855,64,0.3,0.333146156072326,0.10915614238291128,0.4473814808630618,0.0,0.0,False,True,True,0.3254931328393417,0.8306757243267615,0.9368190186714076,0.1825857780329641,223227906,latent+prefusion+distill+ce,,-24.98,-48.55,-50.74,-51.81,-18.94,-47.84,-22.01,-48.74,checkpoints/sft_evan_base_biomassters_s1_fft_lr0.0005_20260725_075947.pt
pfm08ajt,delulu-biomassters-delulu-s1s2,biomassters,s1,s2,47.68,2.8060696989123262e-05,,0.0007629238802262415,64,0.3,0.14456361333193657,0.3052951703948701,0.4989995086642177,0.0,0.0,False,True,True,0.1983636421836314,0.759736272754676,0.8424742638163446,0.6541567300655428,223227906,latent+prefusion+distill+ce,,-48.76,-69.89,-70.17,-71.04,-47.13,-71.05,-48.91,-70.72,checkpoints/sft_evan_base_biomassters_s1_fft_lr0.0005_20260725_075947.pt
jamplt2x,delulu-biomassters-delulu-s1s2,biomassters,s1,s2,47.68,0.0006428984183820323,,4.1394943867899966e-05,64,0.3,0.114233756662935,0.25969731301481885,0.3359679999478157,0.0,0.0,False,True,True,0.3976242575085667,0.8977439630177045,0.3890491558854673,0.797010914291374,223227906,latent+prefusion+distill+ce,,-27.51,-50.46,-51.86,-52.93,-23.37,-50.55,-25.45,-50.36,checkpoints/sft_evan_base_biomassters_s1_fft_lr0.0005_20260725_075947.pt
j55qm6jc,delulu-biomassters-delulu-s1s2,biomassters,s1,s2,47.68,1.464268392002252e-05,,2.4223919139828232e-05,64,0.3,0.3979986596223076,0.25154516246558034,0.38891303948436384,0.0,0.0,False,True,True,0.2918767146570563,0.672268789649968,0.24584481712864617,0.7228889720218293,223227906,latent+prefusion+distill+ce,,-62.61,-82.22,-83.23,-84.01,-62.70,-83.65,-63.28,-83.50,checkpoints/sft_evan_base_biomassters_s1_fft_lr0.0005_20260725_075947.pt
7u7q3vib,delulu-biomassters-delulu-s1s2,biomassters,s1,s2,47.68,1.402601411240054e-05,,0.0003493046863213715,64,0.3,0.38053830907895225,0.2779049236155918,0.40234943973227943,0.0,0.0,False,True,True,0.4915095780171206,0.4090207905970511,0.6775409712438653,0.4598084048420039,223227906,latent+prefusion+distill+ce,,-62.21,-82.15,-82.11,-82.98,-63.09,-83.91,-62.68,-82.57,checkpoints/sft_evan_base_biomassters_s1_fft_lr0.0005_20260725_075947.pt
gmf8n4lv,delulu-biomassters-delulu-s1s2,biomassters,s1,s2,47.68,0.00048018103805883185,,0.00029614147458850026,64,0.3,0.49200170838390533,0.4599731449948722,0.4480104192588109,0.0,0.0,False,True,True,0.09402073768240428,0.611288990958466,0.03162157832144097,0.7551496812127894,223227906,latent+prefusion+distill+ce,,-32.80,-53.49,-53.60,-54.65,-34.91,-59.74,-35.23,-52.29,checkpoints/sft_evan_base_biomassters_s1_fft_lr0.0005_20260725_075947.pt
1ntya2dw,delulu-biomassters-delulu-s1s2,biomassters,s1,s2,47.68,2.205888796876151e-05,,2.869136941230618e-05,64,0.3,0.49968210781231703,0.23902541147871165,0.4738439292127099,0.0,0.0,False,True,True,0.15191992639505564,0.8349130574937883,0.7892521514815918,0.6198496731674478,223227906,latent+prefusion+distill+ce,,-53.66,-74.70,-74.99,-75.78,-52.31,-75.12,-54.09,-75.47,checkpoints/sft_evan_base_biomassters_s1_fft_lr0.0005_20260725_075947.pt
49j1en8x,delulu-biomassters-delulu-s1s2,biomassters,s1,s2,47.68,1.1305745430633372e-05,,0.0005215617648396575,64,0.3,0.413655558399963,0.30754216836524195,0.39913038370972664,0.0,0.0,False,True,True,0.3339032728111645,0.7460599174186469,0.7853104276622418,0.3696514730167375,223227906,latent+prefusion+distill+ce,,-64.53,-84.19,-82.70,-83.52,-62.37,-83.39,-63.45,-84.26,checkpoints/sft_evan_base_biomassters_s1_fft_lr0.0005_20260725_075947.pt
ozbku8n6,delulu-biomassters-delulu-s1s2,biomassters,s1,s2,47.68,0.0008608648095693467,,2.320243233613414e-05,64,0.3,0.4518458944396741,0.4003884340723079,0.4024349637059118,0.0,0.0,False,True,True,0.29512815951084553,0.6019310566881577,0.43293992695475425,0.6687637336459541,223227906,latent+prefusion+distill+ce,,-27.22,-50.40,-53.49,-54.41,-25.47,-50.03,-26.35,-51.16,checkpoints/sft_evan_base_biomassters_s1_fft_lr0.0005_20260725_075947.pt
ysqav1ph,delulu-biomassters-delulu-s1s2,biomassters,s1,s2,47.68,3.3895312908081275e-05,,4.680009433802486e-05,64,0.3,0.4606788746405228,0.4972491384714197,0.3917058538174919,0.0,0.0,False,True,True,0.25753071084110485,0.5062515060291014,0.3745706923324845,0.6186647093206756,223227906,latent+prefusion+distill+ce,,-49.21,-70.36,-68.41,-69.39,-45.46,-69.91,-47.33,-69.52,checkpoints/sft_evan_base_biomassters_s1_fft_lr0.0005_20260725_075947.pt
yodfii5k,delulu-biomassters-delulu-s1s2,biomassters,s1,s2,47.68,0.0001361936908548552,,0.00013737477691626765,64,0.3,0.19096582322535605,0.17553721916837622,0.42606907810313543,0.0,0.0,False,True,True,0.30631068083728386,0.10566495154438238,0.14565560328237293,0.6022192504062527,223227906,latent+prefusion+distill+ce,,-26.13,-49.08,-46.10,-47.19,-12.05,-47.56,-19.32,-46.31,checkpoints/sft_evan_base_biomassters_s1_fft_lr0.0005_20260725_075947.pt
kw59s6a9,delulu-biomassters-delulu-s1s2,biomassters,s1,s2,47.68,2.734188724567085e-05,,0.000516160732290638,64,0.3,0.2936826674335019,0.316092011217045,0.45403112566887704,0.0,0.0,False,True,True,0.07410517024110252,0.1928934396254508,0.90569855242484,0.6787393928391339,223227906,latent+prefusion+distill+ce,,-49.75,-70.60,-69.70,-70.52,-46.96,-71.02,-48.36,-70.18,checkpoints/sft_evan_base_biomassters_s1_fft_lr0.0005_20260725_075947.pt
ykwu4omo,delulu-biomassters-delulu-s1s2,biomassters,s1,s2,47.68,2.2955060970782954e-05,,0.0005556955935577833,64,0.3,0.35738284004553833,0.12315408203897736,0.4532838404336534,0.0,0.0,False,True,True,0.4361819508949732,0.5567738041997374,0.9934236426933136,0.18864944944194728,223227906,latent+prefusion+distill+ce,,-56.88,-77.26,-76.78,-77.95,-55.40,-77.53,-56.14,-77.40,checkpoints/sft_evan_base_biomassters_s1_fft_lr0.0005_20260725_075947.pt
30hxfk67,delulu-biomassters-delulu-s1s2,biomassters,s1,s2,47.68,2.4606364026535062e-05,,1.3041560267938667e-05,64,0.3,0.23558893058128927,0.44351698511859194,0.28386142623665955,0.0,0.0,False,True,True,0.48854627324060623,0.1599221574287869,0.814795066653364,0.11048674811493346,223227906,latent+prefusion+distill+ce,,-56.87,-76.74,-74.64,-75.42,-53.35,-75.94,-55.11,-75.85,checkpoints/sft_evan_base_biomassters_s1_fft_lr0.0005_20260725_075947.pt
0pt1qk8h,delulu-biomassters-delulu-s1s2,biomassters,s1,s2,47.68,5.722232818466337e-05,,1.1334914187215392e-05,64,0.3,0.1377471272654603,0.3657655943630618,0.286284647916945,0.0,0.0,False,True,True,0.4717864814208159,0.8987565966690763,0.10887341018808194,0.31479790905386545,223227906,latent+prefusion+distill+ce,,-41.79,-63.76,-64.00,-64.92,-37.61,-63.99,-39.93,-63.80,checkpoints/sft_evan_base_biomassters_s1_fft_lr0.0005_20260725_075947.pt
wg9qyq8a,delulu-biomassters-delulu-s1s2,biomassters,s1,s2,47.68,0.00016733214833155216,,5.1981302696747566e-05,64,0.3,0.21209767683615308,0.2802356241730813,0.3170743603034304,0.0,0.0,False,True,True,0.27965309409036904,0.7838036072843969,0.6817484405302751,0.748521866748494,223227906,latent+prefusion+distill+ce,,-24.10,-48.91,-46.74,-47.84,-11.47,-48.05,-17.79,-47.07,checkpoints/sft_evan_base_biomassters_s1_fft_lr0.0005_20260725_075947.pt
75rwuwz1,delulu-biomassters-delulu-s1s2,biomassters,s1,s2,47.68,0.00013980692476212766,,0.0004466414374682359,64,0.3,0.40330866866678305,0.3007167000139187,0.2400059004787877,0.0,0.0,False,True,True,0.297871647069561,0.2356803028192751,0.3608433876017512,0.4758964687043564,223227906,latent+prefusion+distill+ce,,-23.20,-47.96,-46.38,-47.45,-10.92,-47.31,-17.06,-46.35,checkpoints/sft_evan_base_biomassters_s1_fft_lr0.0005_20260725_075947.pt
1dfsf9bm,delulu-biomassters-delulu-s1s2,biomassters,s1,s2,47.68,1.7256062607635573e-05,,0.0003598888114749021,64,0.3,0.44155841092137627,0.3755591117640442,0.30421349437650447,0.0,0.0,False,True,True,0.08974950257104802,0.758167355623117,0.70014436021792,0.6945226212738748,223227906,latent+prefusion+distill+ce,,-57.37,-77.51,-78.76,-79.50,-59.21,-80.78,-58.50,-78.55,checkpoints/sft_evan_base_biomassters_s1_fft_lr0.0005_20260725_075947.pt
b02kqmos,delulu-biomassters-delulu-s1s2,biomassters,s1,s2,47.68,0.00020169112489186203,,3.774131536297361e-05,64,0.3,0.11361215632792449,0.4425958071291756,0.30896332821696215,0.0,0.0,False,True,True,0.31310157783635906,0.4939685259785784,0.6738975907539896,0.288324719371505,223227906,latent+prefusion+distill+ce,,-26.44,-49.73,-46.23,-47.30,-9.52,-47.53,-18.11,-46.82,checkpoints/sft_evan_base_biomassters_s1_fft_lr0.0005_20260725_075947.pt
el2wkn2h,delulu-biomassters-delulu-s1s2,biomassters,s1,s2,47.68,6.450158048507742e-05,,6.929624501572629e-05,64,0.3,0.4382045629819139,0.16294169095161087,0.3229211957913096,0.0,0.0,False,True,True,0.4460730885963092,0.17766947327155114,0.9972148017709144,0.3011926647021298,223227906,latent+prefusion+distill+ce,,-32.18,-56.15,-55.23,-56.20,-25.19,-56.09,-28.68,-55.38,checkpoints/sft_evan_base_biomassters_s1_fft_lr0.0005_20260725_075947.pt
6rfor9e2,delulu-biomassters-delulu-s1s2,biomassters,s1,s2,47.68,0.0007409970668179158,,1.7727926617144964e-05,64,0.3,0.15365674751168634,0.3759586741018706,0.3140495728527004,0.0,0.0,False,True,True,0.3977940051052532,0.0874346028194617,0.09511101176759906,0.1418303058990744,223227906,latent+prefusion+distill+ce,,-27.46,-50.30,-52.36,-53.34,-22.36,-49.55,-24.91,-50.39,checkpoints/sft_evan_base_biomassters_s1_fft_lr0.0005_20260725_075947.pt
re2juctb,delulu-biomassters-delulu-s1s2,biomassters,s1,s2,47.68,0.00027482643899981424,,0.00010029957919343866,64,0.3,0.14237515320620153,0.11201007349705608,0.3084772617533683,0.0,0.0,False,True,True,0.02287628463290181,0.4540278953718859,0.7408507373474575,0.7070044547930335,223227906,latent+prefusion+distill+ce,,-23.36,-47.97,-46.78,-47.83,-11.85,-47.22,-17.68,-46.56,checkpoints/sft_evan_base_biomassters_s1_fft_lr0.0005_20260725_075947.pt
wislvaoc,delulu-biomassters-delulu-s1s2,biomassters,s1,s2,47.68,7.996958228933446e-05,,1.4417639932520858e-05,64,0.3,0.21099552393974996,0.12617068036454857,0.23540824155916917,0.0,0.0,False,True,True,0.25559508393628383,0.7441565654027944,0.826414082176559,0.4210198641486097,223227906,latent+prefusion+distill+ce,,-27.44,-51.88,-49.75,-50.73,-14.28,-50.55,-20.86,-50.02,checkpoints/sft_evan_base_biomassters_s1_fft_lr0.0005_20260725_075947.pt
zfor230k,delulu-biomassters-delulu-s1s2,biomassters,s1,s2,47.68,1.0020117836339836e-05,,0.00011692813360794634,64,0.3,0.4191591144161003,0.4359450403143851,0.21187739503111153,0.0,0.0,False,True,True,0.061980941924995536,0.8218143776209065,0.5232619630406601,0.561476890995545,223227906,latent+prefusion+distill+ce,,-64.87,-84.63,-82.90,-83.75,-61.99,-82.99,-63.54,-84.27,checkpoints/sft_evan_base_biomassters_s1_fft_lr0.0005_20260725_075947.pt
xht3k10m,delulu-biomassters-delulu-s1s2,biomassters,s1,s2,47.68,1.200252124834219e-05,,0.00025687971584691484,64,0.3,0.15324063725735462,0.2328349274052588,0.2899724803637767,0.0,0.0,False,True,True,0.47502653240497816,0.5604982661481686,0.49638713555261615,0.16717272677614392,223227906,latent+prefusion+distill+ce,,-66.64,-86.18,-83.95,-84.93,-64.04,-84.72,-65.34,-85.48,checkpoints/sft_evan_base_biomassters_s1_fft_lr0.0005_20260725_075947.pt
xcvpxmej,delulu-biomassters-delulu-s1s2,biomassters,s1,s2,47.68,0.0002499949711803234,,0.0002005309992048268,64,0.3,0.10144488091175444,0.3587466335288475,0.17748986784931997,0.0,0.0,False,True,True,0.12555901060221936,0.6462538401023493,0.9627269233629132,0.7061290113736695,223227906,latent+prefusion+distill+ce,,-23.71,-48.53,-46.98,-48.03,-10.52,-48.04,-17.11,-46.96,checkpoints/sft_evan_base_biomassters_s1_fft_lr0.0005_20260725_075947.pt
eqngz4fl,delulu-biomassters-delulu-s1s2,biomassters,s1,s2,47.68,0.00029482993306124907,,0.0007575085928844036,64,0.3,0.48272768561529433,0.17438514296713709,0.12799345101149684,0.0,0.0,False,True,True,0.09498528926872708,0.7954809536384518,0.4481527039321982,0.4003654520558379,223227906,latent+prefusion+distill+ce,,-21.90,-47.45,-47.85,-48.90,-12.15,-47.40,-17.03,-47.00,checkpoints/sft_evan_base_biomassters_s1_fft_lr0.0005_20260725_075947.pt
kaqtmax3,delulu-biomassters-delulu-s1s2,biomassters,s1,s2,47.68,0.0009374287084820226,,0.00024211744897923384,64,0.3,0.4106795371800306,0.2598511897180369,0.13514142197495396,0.0,0.0,False,True,True,0.35017427341209634,0.2920793214342807,0.7256494394432604,0.5493280860449865,223227906,latent+prefusion+distill+ce,,-23.14,-48.56,-49.85,-50.93,-16.68,-48.04,-19.91,-48.48,checkpoints/sft_evan_base_biomassters_s1_fft_lr0.0005_20260725_075947.pt
bfkgvsd1,delulu-biomassters-delulu-s1s2,biomassters,s1,s2,47.68,0.0004691757765674466,,3.372099394941004e-05,64,0.3,0.3394322682613612,0.35812478420925076,0.12146534806187288,0.0,0.0,False,True,True,0.3601732003874466,0.5305050580989948,0.9324931306921148,0.7021433245120497,223227906,latent+prefusion+distill+ce,,-23.14,-48.53,-48.67,-49.73,-15.75,-49.68,-19.45,-47.98,checkpoints/sft_evan_base_biomassters_s1_fft_lr0.0005_20260725_075947.pt
simq9m52,delulu-biomassters-delulu-s1s2,biomassters,s1,s2,47.68,0.00015479658158218317,,0.00023223834942785127,64,0.3,0.40982186188760017,0.4449326008308637,0.10615919159058476,0.0,0.0,False,True,True,0.1490080012920443,0.472308886361536,0.8181859124769976,0.2328741674279684,223227906,latent+prefusion+distill+ce,,-22.61,-48.11,-47.02,-48.22,-9.79,-47.70,-16.20,-46.90,checkpoints/sft_evan_base_biomassters_s1_fft_lr0.0005_20260725_075947.pt
lzjf0qig,delulu-biomassters-delulu-s1s2,biomassters,s1,s2,47.68,0.0006584952172201682,,0.0002291465328225637,64,0.3,0.40973724219915153,0.2893897824654559,0.10552303603947172,0.0,0.0,False,True,True,0.2624921542530899,0.17462521403903153,0.30179902251737467,0.7495281218411598,223227906,latent+prefusion+distill+ce,,-23.17,-48.27,-51.17,-52.17,-18.78,-49.41,-20.98,-48.96,checkpoints/sft_evan_base_biomassters_s1_fft_lr0.0005_20260725_075947.pt
a8m5flm8,delulu-biomassters-delulu-s1s2,biomassters,s1,s2,47.68,1.4716330079508517e-05,,1.0680268517671315e-05,64,0.3,0.2105106665453148,0.1540955313875065,0.10145132669026312,0.0,0.0,False,True,True,0.15280965945892885,0.45047489803411367,0.9666984523557473,0.3967060952161712,223227906,latent+prefusion+distill+ce,,-63.79,-83.34,-82.65,-83.37,-62.77,-83.66,-63.44,-83.53,checkpoints/sft_evan_base_biomassters_s1_fft_lr0.0005_20260725_075947.pt
