dataset,model_type,modality,train_mode,tz_lora_rank,tz_modality_specific_layer_augmenter,learning_rate,weight_decay,trainable_params,epoch,test_metric,val_metric,metric_name,saved_checkpoint,global_rep,dino_init,num_time_steps,decoder,train_aug,train_split
dfc2020,evan_base,s2_rgb,fft,32,fft,0.0005,0.01,85677322,24,30.90,33.67,mIoU,checkpoints/sft_evan_base_dfc2020_s2_rgb_fft_lr0.0005_20260819_170825.pt,clstoken,True,12,linear,none,split1
dfc2020,evan_base,s2_rgb,fft,32,fft,0.0005,0.0,85677322,24,33.00,34.62,mIoU,checkpoints/sft_evan_base_dfc2020_s2_rgb_fft_lr0.0005_20260819_170822.pt,clstoken,True,12,linear,none,split1
dfc2020,evan_base,s2_rgb,fft,32,fft,0.0001,0.0,85677322,24,30.38,28.71,mIoU,checkpoints/sft_evan_base_dfc2020_s2_rgb_fft_lr0.0001_20260819_171009.pt,clstoken,True,12,linear,none,split1
dfc2020,evan_base,s2_rgb,fft,32,fft,0.0001,0.01,85677322,24,31.09,29.03,mIoU,checkpoints/sft_evan_base_dfc2020_s2_rgb_fft_lr0.0001_20260819_170958.pt,clstoken,True,12,linear,none,split1
dfc2020,evan_base,s2_norgb,fft,32,fft,0.0005,0.01,87053578,24,33.86,27.76,mIoU,checkpoints/sft_evan_base_dfc2020_s2_norgb_fft_lr0.0005_20260819_171051.pt,clstoken,True,12,linear,none,split1
dfc2020,evan_base,s2_norgb,fft,32,fft,0.0001,0.01,87053578,24,26.27,21.15,mIoU,checkpoints/sft_evan_base_dfc2020_s2_norgb_fft_lr0.0001_20260819_171127.pt,clstoken,True,12,linear,none,split1
dfc2020,evan_base,s2_norgb,fft,32,fft,0.0001,0.0,87053578,24,28.40,25.58,mIoU,checkpoints/sft_evan_base_dfc2020_s2_norgb_fft_lr0.0001_20260819_171202.pt,clstoken,True,12,linear,none,split1
dfc2020,evan_base,s2_norgb,fft,32,fft,0.0005,0.0,87053578,24,35.06,27.50,mIoU,checkpoints/sft_evan_base_dfc2020_s2_norgb_fft_lr0.0005_20260819_171126.pt,clstoken,True,12,linear,none,split1
dfc2020,evan_base,s1,fft,32,fft,0.0005,0.01,85480714,24,25.09,25.09,mIoU,checkpoints/sft_evan_base_dfc2020_s1_fft_lr0.0005_20260819_171253.pt,clstoken,True,12,linear,none,split1
dfc2020,evan_base,s1,fft,32,fft,0.0005,0.0,85480714,24,22.97,26.47,mIoU,checkpoints/sft_evan_base_dfc2020_s1_fft_lr0.0005_20260819_171315.pt,clstoken,True,12,linear,none,split1
dfc2020,evan_base,s1,fft,32,fft,0.0001,0.01,85480714,24,20.54,25.16,mIoU,checkpoints/sft_evan_base_dfc2020_s1_fft_lr0.0001_20260819_171424.pt,clstoken,True,12,linear,none,split1
dfc2020,evan_base,s2_rgb,fft,32,fft,0.0005,0.0,85677322,24,30.67,33.03,mIoU,checkpoints/sft_evan_base_dfc2020_s2_rgb_fft_lr0.0005_20260819_170916.pt,clstoken,True,12,linear,none,full
dfc2020,evan_base,s2_rgb,fft,32,fft,0.0005,0.01,85677322,24,36.51,33.90,mIoU,checkpoints/sft_evan_base_dfc2020_s2_rgb_fft_lr0.0005_20260819_170822.pt,clstoken,True,12,linear,none,full
dfc2020,evan_base,s1,fft,32,fft,0.0001,0.0,85480714,24,24.73,26.76,mIoU,checkpoints/sft_evan_base_dfc2020_s1_fft_lr0.0001_20260819_171541.pt,clstoken,True,12,linear,none,split1
dfc2020,evan_base,s2_rgb+s1,fft,32,fft,0.0005,0.0,107344138,24,35.71,28.68,mIoU,checkpoints/sft_evan_base_dfc2020_s2_rgb+s1_fft_lr0.0005_20260819_171729.pt,clstoken,True,12,linear,none,split1
dfc2020,evan_base,s2_rgb+s1,fft,32,fft,0.0001,0.01,107344138,24,31.92,23.83,mIoU,checkpoints/sft_evan_base_dfc2020_s2_rgb+s1_fft_lr0.0001_20260819_171754.pt,clstoken,True,12,linear,none,split1
dfc2020,evan_base,s2_rgb+s1,fft,32,fft,0.0005,0.01,107344138,24,28.36,32.66,mIoU,checkpoints/sft_evan_base_dfc2020_s2_rgb+s1_fft_lr0.0005_20260819_171635.pt,clstoken,True,12,linear,none,split1
dfc2020,evan_base,s2_rgb,fft,32,fft,0.0001,0.0,85677322,24,35.01,27.05,mIoU,checkpoints/sft_evan_base_dfc2020_s2_rgb_fft_lr0.0001_20260819_171018.pt,clstoken,True,12,linear,none,full
dfc2020,evan_base,s2_norgb,fft,32,fft,0.0005,0.0,87053578,24,31.21,30.23,mIoU,checkpoints/sft_evan_base_dfc2020_s2_norgb_fft_lr0.0005_20260819_171130.pt,clstoken,True,12,linear,none,full
dfc2020,evan_base,s2_rgb+s1,fft,32,fft,0.0001,0.0,107344138,24,33.60,28.40,mIoU,checkpoints/sft_evan_base_dfc2020_s2_rgb+s1_fft_lr0.0001_20260819_171847.pt,clstoken,True,12,linear,none,split1
dfc2020,evan_base,s2_rgb,fft,32,fft,0.0001,0.01,85677322,24,33.36,25.97,mIoU,checkpoints/sft_evan_base_dfc2020_s2_rgb_fft_lr0.0001_20260819_170956.pt,clstoken,True,12,linear,none,full
dfc2020,evan_base,s2_norgb,fft,32,fft,0.0001,0.01,87053578,24,32.76,18.91,mIoU,checkpoints/sft_evan_base_dfc2020_s2_norgb_fft_lr0.0001_20260819_171134.pt,clstoken,True,12,linear,none,full
dfc2020,evan_base,s1,fft,32,fft,0.0005,0.01,85480714,24,26.25,27.35,mIoU,checkpoints/sft_evan_base_dfc2020_s1_fft_lr0.0005_20260819_171309.pt,clstoken,True,12,linear,none,full
dfc2020,evan_base,s2_norgb+s1,fft,32,fft,0.0005,0.01,108720394,24,27.08,30.09,mIoU,checkpoints/sft_evan_base_dfc2020_s2_norgb+s1_fft_lr0.0005_20260819_171950.pt,clstoken,True,12,linear,none,split1
dfc2020,evan_base,s2_norgb,fft,32,fft,0.0005,0.01,87053578,24,32.37,29.39,mIoU,checkpoints/sft_evan_base_dfc2020_s2_norgb_fft_lr0.0005_20260819_171059.pt,clstoken,True,12,linear,none,full
dfc2020,evan_base,s1,fft,32,fft,0.0005,0.0,85480714,24,26.79,28.24,mIoU,checkpoints/sft_evan_base_dfc2020_s1_fft_lr0.0005_20260819_171313.pt,clstoken,True,12,linear,none,full
dfc2020,evan_base,s2_norgb+s1,fft,32,fft,0.0005,0.0,108720394,24,28.24,28.33,mIoU,checkpoints/sft_evan_base_dfc2020_s2_norgb+s1_fft_lr0.0005_20260819_172112.pt,clstoken,True,12,linear,none,split1
dfc2020,evan_base,s2_norgb+s1,fft,32,fft,0.0001,0.01,108720394,24,27.04,26.53,mIoU,checkpoints/sft_evan_base_dfc2020_s2_norgb+s1_fft_lr0.0001_20260819_172139.pt,clstoken,True,12,linear,none,split1
dfc2020,evan_base,s2_rgb+s2_norgb,fft,32,fft,0.0005,0.01,108917002,24,35.85,37.44,mIoU,checkpoints/sft_evan_base_dfc2020_s2_rgb+s2_norgb_fft_lr0.0005_20260819_172231.pt,clstoken,True,12,linear,none,split1
dfc2020,evan_base,s2_norgb,fft,32,fft,0.0001,0.0,87053578,24,28.45,28.62,mIoU,checkpoints/sft_evan_base_dfc2020_s2_norgb_fft_lr0.0001_20260819_171223.pt,clstoken,True,12,linear,none,full
dfc2020,evan_base,s1,fft,32,fft,0.0001,0.0,85480714,24,24.88,26.56,mIoU,checkpoints/sft_evan_base_dfc2020_s1_fft_lr0.0001_20260819_171607.pt,clstoken,True,12,linear,none,full
dfc2020,evan_base,s2_norgb+s1,fft,32,fft,0.0001,0.0,108720394,24,25.24,25.39,mIoU,checkpoints/sft_evan_base_dfc2020_s2_norgb+s1_fft_lr0.0001_20260819_172207.pt,clstoken,True,12,linear,none,split1
dfc2020,evan_base,s2_rgb+s2_norgb,fft,32,fft,0.0001,0.0,108917002,24,32.53,30.74,mIoU,checkpoints/sft_evan_base_dfc2020_s2_rgb+s2_norgb_fft_lr0.0001_20260819_172335.pt,clstoken,True,12,linear,none,split1
dfc2020,evan_base,s1,fft,32,fft,0.0001,0.01,85480714,24,22.55,26.00,mIoU,checkpoints/sft_evan_base_dfc2020_s1_fft_lr0.0001_20260819_171433.pt,clstoken,True,12,linear,none,full
dfc2020,evan_base,s2_rgb,fft,32,fft,0.0005,0.01,85677322,24,32.18,13.77,mIoU,checkpoints/sft_evan_base_dfc2020_s2_rgb_fft_lr0.0005_20260819_172405.pt,clstoken,False,12,linear,none,split1
dfc2020,evan_base,s2_rgb,fft,32,fft,0.0005,0.0,85677322,24,31.19,13.54,mIoU,checkpoints/sft_evan_base_dfc2020_s2_rgb_fft_lr0.0005_20260819_172428.pt,clstoken,False,12,linear,none,split1
dfc2020,evan_base,s2_rgb+s2_norgb,fft,32,fft,0.0001,0.01,108917002,24,25.98,20.89,mIoU,checkpoints/sft_evan_base_dfc2020_s2_rgb+s2_norgb_fft_lr0.0001_20260819_172311.pt,clstoken,True,12,linear,none,split1
dfc2020,evan_base,s2_rgb+s1,fft,32,fft,0.0005,0.01,107344138,24,35.55,34.46,mIoU,checkpoints/sft_evan_base_dfc2020_s2_rgb+s1_fft_lr0.0005_20260819_171647.pt,clstoken,True,12,linear,none,full
dfc2020,evan_base,s2_rgb+s1,fft,32,fft,0.0001,0.01,107344138,24,33.86,30.76,mIoU,checkpoints/sft_evan_base_dfc2020_s2_rgb+s1_fft_lr0.0001_20260819_171806.pt,clstoken,True,12,linear,none,full
dfc2020,evan_base,s2_rgb,fft,32,fft,0.0001,0.0,85677322,24,17.98,9.75,mIoU,checkpoints/sft_evan_base_dfc2020_s2_rgb_fft_lr0.0001_20260819_172551.pt,clstoken,False,12,linear,none,split1
dfc2020,evan_base,s2_rgb+s2_norgb,fft,32,fft,0.0005,0.0,108917002,24,35.82,36.51,mIoU,checkpoints/sft_evan_base_dfc2020_s2_rgb+s2_norgb_fft_lr0.0005_20260819_172226.pt,clstoken,True,12,linear,none,split1
dfc2020,evan_base,s2_rgb,fft,32,fft,0.0001,0.01,85677322,24,17.58,9.42,mIoU,checkpoints/sft_evan_base_dfc2020_s2_rgb_fft_lr0.0001_20260819_172650.pt,clstoken,False,12,linear,none,split1
dfc2020,evan_base,s2_norgb,fft,32,fft,0.0005,0.01,87053578,24,27.08,26.37,mIoU,checkpoints/sft_evan_base_dfc2020_s2_norgb_fft_lr0.0005_20260819_172720.pt,clstoken,False,12,linear,none,split1
dfc2020,evan_base,s2_norgb,fft,32,fft,0.0001,0.01,87053578,24,16.99,18.94,mIoU,checkpoints/sft_evan_base_dfc2020_s2_norgb_fft_lr0.0001_20260819_172734.pt,clstoken,False,12,linear,none,split1
dfc2020,evan_base,s2_norgb,fft,32,fft,0.0001,0.0,87053578,24,16.60,19.87,mIoU,checkpoints/sft_evan_base_dfc2020_s2_norgb_fft_lr0.0001_20260819_172804.pt,clstoken,False,12,linear,none,split1
dfc2020,evan_base,s2_norgb+s1,fft,32,fft,0.0005,0.0,108720394,24,31.07,29.92,mIoU,checkpoints/sft_evan_base_dfc2020_s2_norgb+s1_fft_lr0.0005_20260819_172128.pt,clstoken,True,12,linear,none,full
dfc2020,evan_base,s2_rgb+s1,fft,32,fft,0.0005,0.0,107344138,24,35.73,35.32,mIoU,checkpoints/sft_evan_base_dfc2020_s2_rgb+s1_fft_lr0.0005_20260819_171745.pt,clstoken,True,12,linear,none,full
dfc2020,evan_base,s2_rgb+s1,fft,32,fft,0.0001,0.0,107344138,24,30.56,21.87,mIoU,checkpoints/sft_evan_base_dfc2020_s2_rgb+s1_fft_lr0.0001_20260819_171853.pt,clstoken,True,12,linear,none,full
dfc2020,evan_base,s1,fft,32,fft,0.0001,0.01,85480714,24,16.78,16.69,mIoU,checkpoints/sft_evan_base_dfc2020_s1_fft_lr0.0001_20260819_172958.pt,clstoken,False,12,linear,none,split1
dfc2020,evan_base,s2_norgb,fft,32,fft,0.0005,0.0,87053578,24,26.15,26.80,mIoU,checkpoints/sft_evan_base_dfc2020_s2_norgb_fft_lr0.0005_20260819_172832.pt,clstoken,False,12,linear,none,split1
dfc2020,evan_base,s1,fft,32,fft,0.0005,0.0,85480714,24,20.19,25.13,mIoU,checkpoints/sft_evan_base_dfc2020_s1_fft_lr0.0005_20260819_172944.pt,clstoken,False,12,linear,none,split1
dfc2020,evan_base,s2_rgb+s2_norgb,fft,32,fft,0.0005,0.01,108917002,24,31.68,33.14,mIoU,checkpoints/sft_evan_base_dfc2020_s2_rgb+s2_norgb_fft_lr0.0005_20260819_172237.pt,clstoken,True,12,linear,none,full
dfc2020,evan_base,s2_rgb+s2_norgb,fft,32,fft,0.0001,0.01,108917002,24,33.23,29.04,mIoU,checkpoints/sft_evan_base_dfc2020_s2_rgb+s2_norgb_fft_lr0.0001_20260819_172319.pt,clstoken,True,12,linear,none,full
dfc2020,evan_base,s1,fft,32,fft,0.0005,0.01,85480714,24,20.71,26.21,mIoU,checkpoints/sft_evan_base_dfc2020_s1_fft_lr0.0005_20260819_172942.pt,clstoken,False,12,linear,none,split1
dfc2020,evan_base,s2_norgb+s1,fft,32,fft,0.0001,0.0,108720394,24,27.56,24.95,mIoU,checkpoints/sft_evan_base_dfc2020_s2_norgb+s1_fft_lr0.0001_20260819_172225.pt,clstoken,True,12,linear,none,full
dfc2020,evan_base,s2_norgb+s1,fft,32,fft,0.0001,0.01,108720394,24,22.92,23.52,mIoU,checkpoints/sft_evan_base_dfc2020_s2_norgb+s1_fft_lr0.0001_20260819_172207.pt,clstoken,True,12,linear,none,full
dfc2020,evan_base,s2_rgb+s2_norgb,fft,32,fft,0.0005,0.0,108917002,24,25.75,32.00,mIoU,checkpoints/sft_evan_base_dfc2020_s2_rgb+s2_norgb_fft_lr0.0005_20260819_172233.pt,clstoken,True,12,linear,none,full
dfc2020,evan_base,s2_norgb+s1,fft,32,fft,0.0005,0.01,108720394,24,31.67,29.92,mIoU,checkpoints/sft_evan_base_dfc2020_s2_norgb+s1_fft_lr0.0005_20260819_172040.pt,clstoken,True,12,linear,none,full
dfc2020,evan_base,s2_rgb+s1,fft,32,fft,0.0001,0.01,107344138,24,10.37,11.43,mIoU,checkpoints/sft_evan_base_dfc2020_s2_rgb+s1_fft_lr0.0001_20260819_173322.pt,clstoken,False,12,linear,none,split1
dfc2020,evan_base,s2_rgb+s2_norgb,fft,32,fft,0.0001,0.0,108917002,24,36.81,30.98,mIoU,checkpoints/sft_evan_base_dfc2020_s2_rgb+s2_norgb_fft_lr0.0001_20260819_172344.pt,clstoken,True,12,linear,none,full
dfc2020,evan_base,s2_rgb+s1,fft,32,fft,0.0005,0.0,107344138,24,30.14,15.35,mIoU,checkpoints/sft_evan_base_dfc2020_s2_rgb+s1_fft_lr0.0005_20260819_173319.pt,clstoken,False,12,linear,none,split1
dfc2020,evan_base,s1,fft,32,fft,0.0001,0.0,85480714,24,16.90,16.45,mIoU,checkpoints/sft_evan_base_dfc2020_s1_fft_lr0.0001_20260819_173244.pt,clstoken,False,12,linear,none,split1
dfc2020,evan_base,s2_rgb+s1,fft,32,fft,0.0001,0.0,107344138,24,14.29,9.84,mIoU,checkpoints/sft_evan_base_dfc2020_s2_rgb+s1_fft_lr0.0001_20260819_173448.pt,clstoken,False,12,linear,none,split1
dfc2020,evan_base,s2_rgb+s1,fft,32,fft,0.0005,0.01,107344138,24,30.75,15.48,mIoU,checkpoints/sft_evan_base_dfc2020_s2_rgb+s1_fft_lr0.0005_20260819_173329.pt,clstoken,False,12,linear,none,split1
dfc2020,evan_base,s2_norgb+s1,fft,32,fft,0.0005,0.01,108720394,24,27.51,29.49,mIoU,checkpoints/sft_evan_base_dfc2020_s2_norgb+s1_fft_lr0.0005_20260819_173627.pt,clstoken,False,12,linear,none,split1
dfc2020,evan_base,s2_rgb+s2_norgb,fft,32,fft,0.0005,0.01,108917002,24,31.32,13.92,mIoU,checkpoints/sft_evan_base_dfc2020_s2_rgb+s2_norgb_fft_lr0.0005_20260819_173826.pt,clstoken,False,12,linear,none,split1
dfc2020,evan_base,s2_norgb+s1,fft,32,fft,0.0005,0.0,108720394,24,27.12,24.98,mIoU,checkpoints/sft_evan_base_dfc2020_s2_norgb+s1_fft_lr0.0005_20260819_173807.pt,clstoken,False,12,linear,none,split1
dfc2020,evan_base,s2_rgb+s2_norgb,fft,32,fft,0.0001,0.0,108917002,24,14.81,9.59,mIoU,checkpoints/sft_evan_base_dfc2020_s2_rgb+s2_norgb_fft_lr0.0001_20260819_173921.pt,clstoken,False,12,linear,none,split1
dfc2020,evan_base,s2_norgb+s1,fft,32,fft,0.0001,0.01,108720394,24,22.57,19.16,mIoU,checkpoints/sft_evan_base_dfc2020_s2_norgb+s1_fft_lr0.0001_20260819_173825.pt,clstoken,False,12,linear,none,split1
dfc2020,evan_base,s2_norgb+s1,fft,32,fft,0.0001,0.0,108720394,24,22.32,20.49,mIoU,checkpoints/sft_evan_base_dfc2020_s2_norgb+s1_fft_lr0.0001_20260819_173905.pt,clstoken,False,12,linear,none,split1
dfc2020,evan_base,s2_rgb,fft,32,fft,0.0005,0.0,85677322,24,30.63,17.10,mIoU,checkpoints/sft_evan_base_dfc2020_s2_rgb_fft_lr0.0005_20260819_173237.pt,clstoken,False,12,linear,none,full
dfc2020,evan_base,s2_rgb,fft,32,fft,0.0005,0.01,85677322,24,29.73,17.52,mIoU,checkpoints/sft_evan_base_dfc2020_s2_rgb_fft_lr0.0005_20260819_173238.pt,clstoken,False,12,linear,none,full
dfc2020,evan_base,s2_norgb,fft,32,fft,0.0005,0.0,87053578,24,26.96,27.26,mIoU,checkpoints/sft_evan_base_dfc2020_s2_norgb_fft_lr0.0005_20260819_173436.pt,clstoken,False,12,linear,none,full
dfc2020,evan_base,s2_rgb+s2_norgb,fft,32,fft,0.0001,0.01,108917002,24,14.91,9.65,mIoU,checkpoints/sft_evan_base_dfc2020_s2_rgb+s2_norgb_fft_lr0.0001_20260819_174105.pt,clstoken,False,12,linear,none,split1
dfc2020,evan_base,s2_rgb,fft,32,fft,0.0001,0.01,85677322,24,24.56,10.80,mIoU,checkpoints/sft_evan_base_dfc2020_s2_rgb_fft_lr0.0001_20260819_173456.pt,clstoken,False,12,linear,none,full
dfc2020,evan_base,s1,fft,32,fft,0.0005,0.01,85480714,24,21.17,24.99,mIoU,checkpoints/sft_evan_base_dfc2020_s1_fft_lr0.0005_20260819_173631.pt,clstoken,False,12,linear,none,full
dfc2020,evan_base,s2_norgb,fft,32,fft,0.0001,0.01,87053578,24,26.33,22.83,mIoU,checkpoints/sft_evan_base_dfc2020_s2_norgb_fft_lr0.0001_20260819_173519.pt,clstoken,False,12,linear,none,full
dfc2020,evan_base,s2_rgb,fft,32,fft,0.0001,0.0,85677322,24,24.66,12.04,mIoU,checkpoints/sft_evan_base_dfc2020_s2_rgb_fft_lr0.0001_20260819_173359.pt,clstoken,False,12,linear,none,full
dfc2020,evan_base,s1,fft,32,fft,0.0001,0.0,85480714,24,18.99,24.70,mIoU,checkpoints/sft_evan_base_dfc2020_s1_fft_lr0.0001_20260819_173854.pt,clstoken,False,12,linear,none,full
dfc2020,evan_base,s2_rgb+s2_norgb,fft,32,fft,0.0005,0.0,108917002,24,31.63,13.27,mIoU,checkpoints/sft_evan_base_dfc2020_s2_rgb+s2_norgb_fft_lr0.0005_20260819_174233.pt,clstoken,False,12,linear,none,split1
dfc2020,evan_base,s1,fft,32,fft,0.0005,0.0,85480714,24,26.40,26.01,mIoU,checkpoints/sft_evan_base_dfc2020_s1_fft_lr0.0005_20260819_173744.pt,clstoken,False,12,linear,none,full
dfc2020,evan_base,s2_norgb,fft,32,fft,0.0005,0.01,87053578,24,26.62,26.54,mIoU,checkpoints/sft_evan_base_dfc2020_s2_norgb_fft_lr0.0005_20260819_173640.pt,clstoken,False,12,linear,none,full
dfc2020,evan_base,s2_rgb+s1,fft,32,fft,0.0001,0.01,107344138,24,27.00,12.16,mIoU,checkpoints/sft_evan_base_dfc2020_s2_rgb+s1_fft_lr0.0001_20260819_174116.pt,clstoken,False,12,linear,none,full
dfc2020,evan_base,s1,fft,32,fft,0.0001,0.01,85480714,24,19.33,23.54,mIoU,checkpoints/sft_evan_base_dfc2020_s1_fft_lr0.0001_20260819_173923.pt,clstoken,False,12,linear,none,full
dfc2020,evan_base,s2_norgb,fft,32,fft,0.0001,0.0,87053578,24,26.33,23.23,mIoU,checkpoints/sft_evan_base_dfc2020_s2_norgb_fft_lr0.0001_20260819_173828.pt,clstoken,False,12,linear,none,full
dfc2020,evan_base,s2_rgb+s1,fft,32,fft,0.0005,0.01,107344138,24,31.70,17.20,mIoU,checkpoints/sft_evan_base_dfc2020_s2_rgb+s1_fft_lr0.0005_20260819_174110.pt,clstoken,False,12,linear,none,full
dfc2020,evan_base,s2_norgb+s1,fft,32,fft,0.0005,0.0,108720394,24,26.47,28.53,mIoU,checkpoints/sft_evan_base_dfc2020_s2_norgb+s1_fft_lr0.0005_20260819_174404.pt,clstoken,False,12,linear,none,full
dfc2020,evan_base,s2_rgb+s2_norgb,fft,32,fft,0.0001,0.01,108917002,24,21.52,11.58,mIoU,checkpoints/sft_evan_base_dfc2020_s2_rgb+s2_norgb_fft_lr0.0001_20260819_174628.pt,clstoken,False,12,linear,none,full
dfc2020,evan_base,s2_rgb+s1,fft,32,fft,0.0005,0.0,107344138,24,30.98,16.03,mIoU,checkpoints/sft_evan_base_dfc2020_s2_rgb+s1_fft_lr0.0005_20260819_174425.pt,clstoken,False,12,linear,none,full
dfc2020,evan_base,s2_rgb+s1,fft,32,fft,0.0001,0.0,107344138,24,24.28,12.85,mIoU,checkpoints/sft_evan_base_dfc2020_s2_rgb+s1_fft_lr0.0001_20260819_174435.pt,clstoken,False,12,linear,none,full
dfc2020,evan_base,s2_rgb+s2_norgb,fft,32,fft,0.0005,0.01,108917002,24,32.78,16.63,mIoU,checkpoints/sft_evan_base_dfc2020_s2_rgb+s2_norgb_fft_lr0.0005_20260819_174623.pt,clstoken,False,12,linear,none,full
dfc2020,evan_base,s2_norgb+s1,fft,32,fft,0.0001,0.0,108720394,24,27.41,23.43,mIoU,checkpoints/sft_evan_base_dfc2020_s2_norgb+s1_fft_lr0.0001_20260819_174657.pt,clstoken,False,12,linear,none,full
dfc2020,evan_base,s2_norgb+s1,fft,32,fft,0.0001,0.01,108720394,24,34.47,22.34,mIoU,checkpoints/sft_evan_base_dfc2020_s2_norgb+s1_fft_lr0.0001_20260819_174736.pt,clstoken,False,12,linear,none,full
dfc2020,evan_base,s2_rgb+s2_norgb,fft,32,fft,0.0005,0.0,108917002,24,31.69,15.39,mIoU,checkpoints/sft_evan_base_dfc2020_s2_rgb+s2_norgb_fft_lr0.0005_20260819_174746.pt,clstoken,False,12,linear,none,full
dfc2020,evan_base,s2_rgb+s2_norgb,fft,32,fft,0.0001,0.0,108917002,24,22.41,11.61,mIoU,checkpoints/sft_evan_base_dfc2020_s2_rgb+s2_norgb_fft_lr0.0001_20260819_174850.pt,clstoken,False,12,linear,none,full
dfc2020,evan_base,s2_norgb+s1,fft,32,fft,0.0005,0.01,108720394,24,27.08,27.60,mIoU,checkpoints/sft_evan_base_dfc2020_s2_norgb+s1_fft_lr0.0005_20260819_174806.pt,clstoken,False,12,linear,none,full
