dataset,model_type,modality,train_mode,tz_lora_rank,tz_modality_specific_layer_augmenter,learning_rate,weight_decay,trainable_params,epoch,test_metric,val_metric,metric_name,saved_checkpoint,global_rep,dino_init,num_time_steps,decoder,train_aug,train_split
dfc2020,evan_base,s2_rgb+s1,fft,32,fft,0.0005,0.01,107342600,24,55.87,56.24,mIoU,checkpoints/sft_evan_base_dfc2020_s2_rgb+s1_fft_lr0.0005_20260820_155950.pt,clstoken,True,12,linear,none,split1
dfc2020,evan_base,s2_rgb+s1,fft,32,fft,0.0005,0.0,107342600,24,56.16,56.81,mIoU,checkpoints/sft_evan_base_dfc2020_s2_rgb+s1_fft_lr0.0005_20260820_160108.pt,clstoken,True,12,linear,none,split1
dfc2020,evan_base,s2_rgb+s1,fft,32,fft,0.0001,0.0,107342600,24,54.52,54.75,mIoU,checkpoints/sft_evan_base_dfc2020_s2_rgb+s1_fft_lr0.0001_20260820_160131.pt,clstoken,True,12,linear,none,split1
dfc2020,evan_base,s2_rgb+s1,fft,32,fft,0.0001,0.01,107342600,24,54.46,54.18,mIoU,checkpoints/sft_evan_base_dfc2020_s2_rgb+s1_fft_lr0.0001_20260820_160123.pt,clstoken,True,12,linear,none,split1
dfc2020,evan_base,s2_norgb+s1,fft,32,fft,0.0005,0.01,108718856,24,56.39,56.88,mIoU,checkpoints/sft_evan_base_dfc2020_s2_norgb+s1_fft_lr0.0005_20260820_160235.pt,clstoken,True,12,linear,none,split1
dfc2020,evan_base,s2_norgb+s1,fft,32,fft,0.0005,0.0,108718856,24,56.45,57.38,mIoU,checkpoints/sft_evan_base_dfc2020_s2_norgb+s1_fft_lr0.0005_20260820_160232.pt,clstoken,True,12,linear,none,split1
dfc2020,evan_base,s2_norgb+s1,fft,32,fft,0.0001,0.01,108718856,24,53.40,52.61,mIoU,checkpoints/sft_evan_base_dfc2020_s2_norgb+s1_fft_lr0.0001_20260820_160401.pt,clstoken,True,12,linear,none,split1
dfc2020,evan_base,s2_norgb+s1,fft,32,fft,0.0001,0.0,108718856,24,53.06,53.01,mIoU,checkpoints/sft_evan_base_dfc2020_s2_norgb+s1_fft_lr0.0001_20260820_160547.pt,clstoken,True,12,linear,none,split1
dfc2020,evan_base,s2_rgb+s2_norgb,fft,32,fft,0.0005,0.0,108915464,24,56.13,56.56,mIoU,checkpoints/sft_evan_base_dfc2020_s2_rgb+s2_norgb_fft_lr0.0005_20260820_160627.pt,clstoken,True,12,linear,none,split1
dfc2020,evan_base,s2_rgb+s2_norgb,fft,32,fft,0.0005,0.01,108915464,24,55.54,56.67,mIoU,checkpoints/sft_evan_base_dfc2020_s2_rgb+s2_norgb_fft_lr0.0005_20260820_160607.pt,clstoken,True,12,linear,none,split1
dfc2020,evan_base,s2_rgb+s1,fft,32,fft,0.0005,0.01,107342600,24,57.44,58.40,mIoU,checkpoints/sft_evan_base_dfc2020_s2_rgb+s1_fft_lr0.0005_20260820_160046.pt,clstoken,True,12,linear,none,full
dfc2020,evan_base,s2_rgb+s1,fft,32,fft,0.0001,0.01,107342600,24,56.04,56.84,mIoU,checkpoints/sft_evan_base_dfc2020_s2_rgb+s1_fft_lr0.0001_20260820_160131.pt,clstoken,True,12,linear,none,full
dfc2020,evan_base,s2_rgb+s2_norgb,fft,32,fft,0.0001,0.01,108915464,24,54.30,54.42,mIoU,checkpoints/sft_evan_base_dfc2020_s2_rgb+s2_norgb_fft_lr0.0001_20260820_160801.pt,clstoken,True,12,linear,none,split1
dfc2020,evan_base,s2_rgb+s1,fft,32,fft,0.0001,0.0,107342600,24,56.52,57.30,mIoU,checkpoints/sft_evan_base_dfc2020_s2_rgb+s1_fft_lr0.0001_20260820_160127.pt,clstoken,True,12,linear,none,full
dfc2020,evan_base,s2_rgb+s1,fft,32,fft,0.0005,0.0,107342600,24,57.47,58.33,mIoU,checkpoints/sft_evan_base_dfc2020_s2_rgb+s1_fft_lr0.0005_20260820_160115.pt,clstoken,True,12,linear,none,full
dfc2020,evan_base,s2_norgb+s1,fft,32,fft,0.0005,0.0,108718856,24,58.47,58.80,mIoU,checkpoints/sft_evan_base_dfc2020_s2_norgb+s1_fft_lr0.0005_20260820_160328.pt,clstoken,True,12,linear,none,full
dfc2020,evan_base,s2_rgb+s2_norgb,fft,32,fft,0.0001,0.0,108915464,24,54.29,54.96,mIoU,checkpoints/sft_evan_base_dfc2020_s2_rgb+s2_norgb_fft_lr0.0001_20260820_160847.pt,clstoken,True,12,linear,none,split1
dfc2020,evan_base,s2_norgb+s1,fft,32,fft,0.0005,0.01,108718856,24,58.43,58.51,mIoU,checkpoints/sft_evan_base_dfc2020_s2_norgb+s1_fft_lr0.0005_20260820_160222.pt,clstoken,True,12,linear,none,full
dfc2020,evan_base,s2_rgb+s2_norgb,fft,32,fft,0.0005,0.01,108915464,24,57.70,58.43,mIoU,checkpoints/sft_evan_base_dfc2020_s2_rgb+s2_norgb_fft_lr0.0005_20260820_160619.pt,clstoken,True,12,linear,none,full
dfc2020,evan_base,s2_rgb+s1,fft,32,fft,0.0001,0.0,107342600,24,39.67,39.49,mIoU,checkpoints/sft_evan_base_dfc2020_s2_rgb+s1_fft_lr0.0001_20260820_161331.pt,clstoken,False,12,linear,none,split1
dfc2020,evan_base,s2_rgb+s1,fft,32,fft,0.0005,0.0,107342600,24,47.01,46.57,mIoU,checkpoints/sft_evan_base_dfc2020_s2_rgb+s1_fft_lr0.0005_20260820_161326.pt,clstoken,False,12,linear,none,split1
dfc2020,evan_base,s2_norgb+s1,fft,32,fft,0.0001,0.01,108718856,24,56.70,56.75,mIoU,checkpoints/sft_evan_base_dfc2020_s2_norgb+s1_fft_lr0.0001_20260820_160453.pt,clstoken,True,12,linear,none,full
dfc2020,evan_base,s2_rgb+s2_norgb,fft,32,fft,0.0005,0.0,108915464,24,57.68,58.47,mIoU,checkpoints/sft_evan_base_dfc2020_s2_rgb+s2_norgb_fft_lr0.0005_20260820_160704.pt,clstoken,True,12,linear,none,full
dfc2020,evan_base,s2_rgb+s1,fft,32,fft,0.0005,0.01,107342600,24,47.54,46.71,mIoU,checkpoints/sft_evan_base_dfc2020_s2_rgb+s1_fft_lr0.0005_20260820_161312.pt,clstoken,False,12,linear,none,split1
dfc2020,evan_base,s2_norgb+s1,fft,32,fft,0.0001,0.0,108718856,24,56.39,56.73,mIoU,checkpoints/sft_evan_base_dfc2020_s2_norgb+s1_fft_lr0.0001_20260820_160549.pt,clstoken,True,12,linear,none,full
dfc2020,evan_base,s2_rgb+s1,fft,32,fft,0.0001,0.01,107342600,24,39.12,39.05,mIoU,checkpoints/sft_evan_base_dfc2020_s2_rgb+s1_fft_lr0.0001_20260820_161415.pt,clstoken,False,12,linear,none,split1
dfc2020,evan_base,s2_norgb+s1,fft,32,fft,0.0005,0.01,108718856,24,53.04,52.86,mIoU,checkpoints/sft_evan_base_dfc2020_s2_norgb+s1_fft_lr0.0005_20260820_161514.pt,clstoken,False,12,linear,none,split1
dfc2020,evan_base,s2_rgb+s2_norgb,fft,32,fft,0.0001,0.0,108915464,24,55.98,57.03,mIoU,checkpoints/sft_evan_base_dfc2020_s2_rgb+s2_norgb_fft_lr0.0001_20260820_160850.pt,clstoken,True,12,linear,none,full
dfc2020,evan_base,s2_rgb+s2_norgb,fft,32,fft,0.0001,0.01,108915464,24,56.25,56.65,mIoU,checkpoints/sft_evan_base_dfc2020_s2_rgb+s2_norgb_fft_lr0.0001_20260820_160839.pt,clstoken,True,12,linear,none,full
dfc2020,evan_base,s2_norgb+s1,fft,32,fft,0.0005,0.0,108718856,24,52.49,52.33,mIoU,checkpoints/sft_evan_base_dfc2020_s2_norgb+s1_fft_lr0.0005_20260820_161556.pt,clstoken,False,12,linear,none,split1
dfc2020,evan_base,s2_rgb+s2_norgb,fft,32,fft,0.0005,0.0,108915464,24,47.19,46.32,mIoU,checkpoints/sft_evan_base_dfc2020_s2_rgb+s2_norgb_fft_lr0.0005_20260820_161814.pt,clstoken,False,12,linear,none,split1
dfc2020,evan_base,s2_norgb+s1,fft,32,fft,0.0001,0.01,108718856,24,47.58,46.22,mIoU,checkpoints/sft_evan_base_dfc2020_s2_norgb+s1_fft_lr0.0001_20260820_161710.pt,clstoken,False,12,linear,none,split1
dfc2020,evan_base,s2_norgb+s1,fft,32,fft,0.0001,0.0,108718856,24,47.92,46.76,mIoU,checkpoints/sft_evan_base_dfc2020_s2_norgb+s1_fft_lr0.0001_20260820_161804.pt,clstoken,False,12,linear,none,split1
dfc2020,evan_base,s2_rgb+s2_norgb,fft,32,fft,0.0005,0.01,108915464,24,47.70,46.55,mIoU,checkpoints/sft_evan_base_dfc2020_s2_rgb+s2_norgb_fft_lr0.0005_20260820_161906.pt,clstoken,False,12,linear,none,split1
dfc2020,evan_base,s2_rgb+s2_norgb,fft,32,fft,0.0001,0.01,108915464,24,39.64,39.43,mIoU,checkpoints/sft_evan_base_dfc2020_s2_rgb+s2_norgb_fft_lr0.0001_20260820_162058.pt,clstoken,False,12,linear,none,split1
dfc2020,evan_base,s2_rgb+s2_norgb,fft,32,fft,0.0001,0.0,108915464,24,39.14,38.78,mIoU,checkpoints/sft_evan_base_dfc2020_s2_rgb+s2_norgb_fft_lr0.0001_20260820_162220.pt,clstoken,False,12,linear,none,split1
dfc2020,evan_base,s2_rgb+s1,fft,32,fft,0.0005,0.01,107342600,24,50.60,50.56,mIoU,checkpoints/sft_evan_base_dfc2020_s2_rgb+s1_fft_lr0.0005_20260820_161924.pt,clstoken,False,12,linear,none,full
dfc2020,evan_base,s2_rgb+s1,fft,32,fft,0.0001,0.01,107342600,24,44.13,44.00,mIoU,checkpoints/sft_evan_base_dfc2020_s2_rgb+s1_fft_lr0.0001_20260820_162020.pt,clstoken,False,12,linear,none,full
dfc2020,evan_base,s2_norgb+s1,fft,32,fft,0.0005,0.0,108718856,24,56.10,56.38,mIoU,checkpoints/sft_evan_base_dfc2020_s2_norgb+s1_fft_lr0.0005_20260820_162145.pt,clstoken,False,12,linear,none,full
dfc2020,evan_base,s2_rgb+s1,fft,32,fft,0.0001,0.0,107342600,24,42.90,42.87,mIoU,checkpoints/sft_evan_base_dfc2020_s2_rgb+s1_fft_lr0.0001_20260820_162119.pt,clstoken,False,12,linear,none,full
dfc2020,evan_base,s2_norgb+s1,fft,32,fft,0.0005,0.01,108718856,24,55.78,56.42,mIoU,checkpoints/sft_evan_base_dfc2020_s2_norgb+s1_fft_lr0.0005_20260820_162226.pt,clstoken,False,12,linear,none,full
dfc2020,evan_base,s2_rgb+s2_norgb,fft,32,fft,0.0005,0.01,108915464,24,50.40,50.59,mIoU,checkpoints/sft_evan_base_dfc2020_s2_rgb+s2_norgb_fft_lr0.0005_20260820_162419.pt,clstoken,False,12,linear,none,full
dfc2020,evan_base,s2_rgb+s1,fft,32,fft,0.0005,0.0,107342600,24,50.75,50.52,mIoU,checkpoints/sft_evan_base_dfc2020_s2_rgb+s1_fft_lr0.0005_20260820_162143.pt,clstoken,False,12,linear,none,full
dfc2020,evan_base,s2_rgb+s2_norgb,fft,32,fft,0.0005,0.0,108915464,24,49.99,50.37,mIoU,checkpoints/sft_evan_base_dfc2020_s2_rgb+s2_norgb_fft_lr0.0005_20260820_162558.pt,clstoken,False,12,linear,none,full
dfc2020,evan_base,s2_norgb+s1,fft,32,fft,0.0001,0.01,108718856,24,50.57,49.58,mIoU,checkpoints/sft_evan_base_dfc2020_s2_norgb+s1_fft_lr0.0001_20260820_162540.pt,clstoken,False,12,linear,none,full
dfc2020,evan_base,s2_norgb+s1,fft,32,fft,0.0001,0.0,108718856,24,50.45,49.45,mIoU,checkpoints/sft_evan_base_dfc2020_s2_norgb+s1_fft_lr0.0001_20260820_162628.pt,clstoken,False,12,linear,none,full
dfc2020,evan_base,s2_rgb+s2_norgb,fft,32,fft,0.0001,0.0,108915464,24,43.16,43.02,mIoU,checkpoints/sft_evan_base_dfc2020_s2_rgb+s2_norgb_fft_lr0.0001_20260820_162859.pt,clstoken,False,12,linear,none,full
dfc2020,evan_base,s2_rgb+s2_norgb,fft,32,fft,0.0001,0.01,108915464,24,43.33,43.17,mIoU,checkpoints/sft_evan_base_dfc2020_s2_rgb+s2_norgb_fft_lr0.0001_20260820_162905.pt,clstoken,False,12,linear,none,full
dfc2020,evan_base,s2_rgb+s1,fft,32,fft,0.0005,0.01,146678280,24,61.56,62.73,mIoU,checkpoints/sft_evan_base_dfc2020_s2_rgb+s1_fft_lr0.0005_20260820_174358.pt,clstoken,True,12,upernet,none,full
dfc2020,evan_base,s2_rgb+s1,fft,32,fft,0.0005,0.0,146678280,24,62.04,62.89,mIoU,checkpoints/sft_evan_base_dfc2020_s2_rgb+s1_fft_lr0.0005_20260820_174407.pt,clstoken,True,12,upernet,none,full
dfc2020,evan_base,s2_norgb+s1,fft,32,fft,0.0005,0.01,148054536,24,61.70,62.72,mIoU,checkpoints/sft_evan_base_dfc2020_s2_norgb+s1_fft_lr0.0005_20260820_174420.pt,clstoken,True,12,upernet,none,full
dfc2020,evan_base,s2_norgb+s1,fft,32,fft,0.0005,0.0,148054536,24,62.47,63.43,mIoU,checkpoints/sft_evan_base_dfc2020_s2_norgb+s1_fft_lr0.0005_20260820_174442.pt,clstoken,True,12,upernet,none,full
dfc2020,evan_base,s2_rgb+s2_norgb,fft,32,fft,0.0005,0.0,148251144,24,61.81,63.03,mIoU,checkpoints/sft_evan_base_dfc2020_s2_rgb+s2_norgb_fft_lr0.0005_20260820_174451.pt,clstoken,True,12,upernet,none,full
dfc2020,evan_base,s2_rgb+s2_norgb,fft,32,fft,0.0005,0.01,148251144,24,61.55,62.94,mIoU,checkpoints/sft_evan_base_dfc2020_s2_rgb+s2_norgb_fft_lr0.0005_20260820_174446.pt,clstoken,True,12,upernet,none,full
dfc2020,evan_base,s2_rgb+s1,fft,32,fft,0.0005,0.01,146678280,24,60.17,59.88,mIoU,checkpoints/sft_evan_base_dfc2020_s2_rgb+s1_fft_lr0.0005_20260820_180820.pt,clstoken,False,12,upernet,none,full
dfc2020,evan_base,s2_rgb+s1,fft,32,fft,0.0005,0.0,146678280,24,60.56,60.17,mIoU,checkpoints/sft_evan_base_dfc2020_s2_rgb+s1_fft_lr0.0005_20260820_180925.pt,clstoken,False,12,upernet,none,full
dfc2020,evan_base,s2_norgb+s1,fft,32,fft,0.0005,0.01,148054536,24,66.64,67.49,mIoU,checkpoints/sft_evan_base_dfc2020_s2_norgb+s1_fft_lr0.0005_20260820_180956.pt,clstoken,False,12,upernet,none,full
dfc2020,evan_base,s2_norgb+s1,fft,32,fft,0.0005,0.0,148054536,24,66.71,67.46,mIoU,checkpoints/sft_evan_base_dfc2020_s2_norgb+s1_fft_lr0.0005_20260820_181023.pt,clstoken,False,12,upernet,none,full
dfc2020,evan_base,s2_rgb+s2_norgb,fft,32,fft,0.0005,0.0,148251144,24,60.18,59.55,mIoU,checkpoints/sft_evan_base_dfc2020_s2_rgb+s2_norgb_fft_lr0.0005_20260820_181042.pt,clstoken,False,12,upernet,none,full
dfc2020,evan_base,s2_rgb+s2_norgb,fft,32,fft,0.0005,0.01,148251144,24,60.19,60.13,mIoU,checkpoints/sft_evan_base_dfc2020_s2_rgb+s2_norgb_fft_lr0.0005_20260820_181153.pt,clstoken,False,12,upernet,none,full
