wandb_run_id,wandb_project,dataset,starting_modality,new_modality,teacher_test_metric,lr,asym_lr,weight_decay,epochs,modality_dropout,modality_dropout_startmod,modality_dropout_newmod,labeled_frequency,labeled_start_fraction,protect_lrm,use_mask_token,latent_masked_only,unprotect_starting_mod,lambda_latent,lambda_prefusion,lambda_distill,mae_mask_ratio,trainable_params,active_losses,select_by,val_transfer,test_transfer,val_peeking,test_peeking,val_addition,test_addition,val_ens_addition,test_ens_addition,stage0_checkpoint
swg5maak,delulu-benv2-s2_rgb-s2_norgb,benv2,s2_rgb,s2_norgb,63.36,0.0004919525946897,,0.0002987654348049,64,0.3,0.4943255892768998,0.3739336769398811,0.1141659173783924,0.0,0.5,False,True,True,0.1003649288975272,0.9867093196115908,0.5724958342782179,0.6071421425812242,144187430,latent+prefusion+distill+ce,transfer,69.6,61.2,68.5,61.91,71.65,63.27,70.62,63.0,checkpoints/sft_evan_base_benv2_s2_rgb_fft_lr0.0005_20260418_071437.pt
ffl38eg5,delulu-benv2-s2_rgb-s2_norgb,benv2,s2_rgb,s2_norgb,63.36,0.0004919525946897,,0.0002987654348049,64,0.3,0.4943255892768998,0.3739336769398811,0.1141659173783924,0.0,0.5,False,True,True,0.1003649288975272,0.9867093196115908,0.5724958342782179,0.6071421425812242,144187430,latent+prefusion+distill+ce,transfer,68.1,61.9,69.23,62.41,70.65,64.96,69.3,63.21,checkpoints/sft_evan_base_benv2_s2_rgb_fft_lr0.0005_20260418_071437.pt
hiukozgx,delulu-benv2-s2_rgb-s2_norgb,benv2,s2_rgb,s2_norgb,63.36,0.0004919525946897,,0.0002987654348049,64,0.3,0.4943255892768998,0.3739336769398811,0.1141659173783924,0.0,0.5,False,True,True,0.1003649288975272,0.9867093196115908,0.5724958342782179,0.6071421425812242,144187430,latent+prefusion+distill+ce,transfer,69.5,62.68,69.16,63.1,70.2,63.87,69.6,64.17,checkpoints/sft_evan_base_benv2_s2_rgb_fft_lr0.0005_20260418_071437.pt
9m4suw2m,delulu-benv2-s2_rgb-s2_norgb,benv2,s2_rgb,s2_norgb,63.36,0.0004774231555564,,2.097367228673949e-05,64,0.3,0.1179198901802484,0.217880054935906,0.1528037178698822,0.0,0.0,False,True,True,0.2696171530477876,0.6047276485413138,0.8583708932965115,0.5995580822364286,144187430,latent+prefusion+distill+ce,peeking,69.25,63.49,70.8,64.68,71.1,64.7,69.65,66.06,checkpoints/sft_evan_base_benv2_s2_rgb_fft_lr0.0005_20260418_071437.pt
vdcet9sk,delulu-benv2-s2_rgb-s2_norgb,benv2,s2_rgb,s2_norgb,63.36,0.0004919525946897,,0.0002987654348049,64,0.3,0.4943255892768998,0.3739336769398811,0.1141659173783924,0.0,0.5,False,True,True,0.1003649288975272,0.9867093196115908,0.5724958342782179,0.6071421425812242,144187430,latent+prefusion+distill+ce,transfer,69.05,63.35,69.0,62.67,70.8,64.49,69.72,63.65,checkpoints/sft_evan_base_benv2_s2_rgb_fft_lr0.0005_20260418_071437.pt
6ary9pft,delulu-benv2-s2_rgb-s2_norgb,benv2,s2_rgb,s2_norgb,63.36,0.0004774231555564,,2.097367228673949e-05,64,0.3,0.1179198901802484,0.217880054935906,0.1528037178698822,0.0,0.0,False,True,True,0.2696171530477876,0.6047276485413138,0.8583708932965115,0.5995580822364286,144187430,latent+prefusion+distill+ce,peeking,67.8,63.15,70.83,62.88,72.15,63.76,68.7,65.63,checkpoints/sft_evan_base_benv2_s2_rgb_fft_lr0.0005_20260418_071437.pt
l6zij6za,delulu-benv2-s2_rgb-s2_norgb,benv2,s2_rgb,s2_norgb,63.36,0.0004774231555564,,2.097367228673949e-05,64,0.3,0.1179198901802484,0.217880054935906,0.1528037178698822,0.0,0.0,False,True,True,0.2696171530477876,0.6047276485413138,0.8583708932965115,0.5995580822364286,144187430,latent+prefusion+distill+ce,peeking,67.75,62.09,69.63,63.69,71.85,63.49,69.05,64.42,checkpoints/sft_evan_base_benv2_s2_rgb_fft_lr0.0005_20260418_071437.pt
8q8opc79,delulu-benv2-s2_rgb-s2_norgb,benv2,s2_rgb,s2_norgb,63.36,0.0004774231555564,,2.097367228673949e-05,64,0.3,0.1179198901802484,0.217880054935906,0.1528037178698822,0.0,0.0,False,True,True,0.2696171530477876,0.6047276485413138,0.8583708932965115,0.5995580822364286,144187430,latent+prefusion+distill+ce,peeking,67.4,62.63,70.37,64.73,70.85,65.23,68.58,65.8,checkpoints/sft_evan_base_benv2_s2_rgb_fft_lr0.0005_20260418_071437.pt
pv1n5sm0,delulu-benv2-s2_rgb-s2_norgb,benv2,s2_rgb,s2_norgb,63.36,0.0004774231555564,,2.097367228673949e-05,64,0.3,0.1179198901802484,0.217880054935906,0.1528037178698822,0.0,0.0,False,True,True,0.2696171530477876,0.6047276485413138,0.8583708932965115,0.5995580822364286,144187430,latent+prefusion+distill+ce,peeking,68.5,62.55,71.06,63.79,71.35,63.59,69.45,65.27,checkpoints/sft_evan_base_benv2_s2_rgb_fft_lr0.0005_20260418_071437.pt
g4amw22f,delulu-benv2-s2_rgb-s2_norgb,benv2,s2_rgb,s2_norgb,63.36,0.0004774231555564,,2.097367228673949e-05,64,0.3,0.1179198901802484,0.217880054935906,0.1528037178698822,0.0,0.0,False,True,True,0.2696171530477876,0.6047276485413138,0.8583708932965115,0.5995580822364286,144187430,latent+prefusion+distill+ce,addition,68.0,62.52,70.04,64.9,70.1,63.45,68.5,64.83,checkpoints/sft_evan_base_benv2_s2_rgb_fft_lr0.0005_20260418_071437.pt
tp3b2pei,delulu-benv2-s2_rgb-s2_norgb,benv2,s2_rgb,s2_norgb,63.36,0.0004774231555564,,2.097367228673949e-05,64,0.3,0.1179198901802484,0.217880054935906,0.1528037178698822,0.0,0.0,False,True,True,0.2696171530477876,0.6047276485413138,0.8583708932965115,0.5995580822364286,144187430,latent+prefusion+distill+ce,addition,68.55,62.09,70.32,64.28,71.25,63.78,69.2,65.08,checkpoints/sft_evan_base_benv2_s2_rgb_fft_lr0.0005_20260418_071437.pt
7roxxxf1,delulu-benv2-s2_rgb-s2_norgb,benv2,s2_rgb,s2_norgb,63.36,0.0004774231555564,,2.097367228673949e-05,64,0.3,0.1179198901802484,0.217880054935906,0.1528037178698822,0.0,0.0,False,True,True,0.2696171530477876,0.6047276485413138,0.8583708932965115,0.5995580822364286,144187430,latent+prefusion+distill+ce,addition,68.75,62.85,70.58,63.95,71.4,64.26,69.62,64.94,checkpoints/sft_evan_base_benv2_s2_rgb_fft_lr0.0005_20260418_071437.pt
yp7vvf6y,delulu-benv2-s2_rgb-s2_norgb,benv2,s2_rgb,s2_norgb,63.36,0.0004774231555564,,2.097367228673949e-05,64,0.3,0.1179198901802484,0.217880054935906,0.1528037178698822,0.0,0.0,False,True,True,0.2696171530477876,0.6047276485413138,0.8583708932965115,0.5995580822364286,144187430,latent+prefusion+distill+ce,addition,68.2,62.44,70.85,64.26,71.2,63.7,69.3,65.5,checkpoints/sft_evan_base_benv2_s2_rgb_fft_lr0.0005_20260418_071437.pt
b86ltdm8,delulu-benv2-s2_rgb-s1,benv2,s2_rgb,s1,63.36,0.0004919525946897,,0.0002987654348049,64,0.3,0.4943255892768998,0.3739336769398811,0.1141659173783924,0.0,0.5,False,True,True,0.1003649288975272,0.9867093196115908,0.5724958342782179,0.6071421425812242,142811174,latent+prefusion+distill+ce,transfer,55.85,50.53,70.13,62.95,70.5,64.91,63.17,63.16,checkpoints/sft_evan_base_benv2_s2_rgb_fft_lr0.0005_20260418_071437.pt
wormp4z8,delulu-benv2-s2_rgb-s2_norgb,benv2,s2_rgb,s2_norgb,63.36,0.0004774231555564,,2.097367228673949e-05,64,0.3,0.1179198901802484,0.217880054935906,0.1528037178698822,0.0,0.0,False,True,True,0.2696171530477876,0.6047276485413138,0.8583708932965115,0.5995580822364286,144187430,latent+prefusion+distill+ce,addition,65.3,60.31,70.42,63.54,71.55,63.36,67.72,65.0,checkpoints/sft_evan_base_benv2_s2_rgb_fft_lr0.0005_20260418_071437.pt
h4k4otuv,delulu-benv2-s2_rgb-s1,benv2,s2_rgb,s1,63.36,0.0004919525946897,,0.0002987654348049,64,0.3,0.4943255892768998,0.3739336769398811,0.1141659173783924,0.0,0.5,False,True,True,0.1003649288975272,0.9867093196115908,0.5724958342782179,0.6071421425812242,142811174,latent+prefusion+distill+ce,transfer,52.55,49.26,69.22,63.19,71.05,63.97,61.08,63.75,checkpoints/sft_evan_base_benv2_s2_rgb_fft_lr0.0005_20260418_071437.pt
z8oeeatf,delulu-benv2-s2_rgb-s1,benv2,s2_rgb,s1,63.36,0.0004919525946897,,0.0002987654348049,64,0.3,0.4943255892768998,0.3739336769398811,0.1141659173783924,0.0,0.5,False,True,True,0.1003649288975272,0.9867093196115908,0.5724958342782179,0.6071421425812242,142811174,latent+prefusion+distill+ce,transfer,55.0,51.07,69.44,63.49,70.9,63.28,62.83,63.57,checkpoints/sft_evan_base_benv2_s2_rgb_fft_lr0.0005_20260418_071437.pt
6ychgewm,delulu-benv2-s2_rgb-s1,benv2,s2_rgb,s1,63.36,0.0004919525946897,,0.0002987654348049,64,0.3,0.4943255892768998,0.3739336769398811,0.1141659173783924,0.0,0.5,False,True,True,0.1003649288975272,0.9867093196115908,0.5724958342782179,0.6071421425812242,142811174,latent+prefusion+distill+ce,transfer,52.65,51.19,68.26,63.92,70.25,66.8,61.25,65.13,checkpoints/sft_evan_base_benv2_s2_rgb_fft_lr0.0005_20260418_071437.pt
j1guok9f,delulu-benv2-s2_rgb-s1,benv2,s2_rgb,s1,63.36,0.0004774231555564,,2.097367228673949e-05,64,0.3,0.1179198901802484,0.217880054935906,0.1528037178698822,0.0,0.0,False,True,True,0.2696171530477876,0.6047276485413138,0.8583708932965115,0.5995580822364286,142811174,latent+prefusion+distill+ce,peeking,40.3,46.54,69.98,63.21,70.75,63.5,55.2,64.12,checkpoints/sft_evan_base_benv2_s2_rgb_fft_lr0.0005_20260418_071437.pt
1528kql3,delulu-benv2-s2_rgb-s1,benv2,s2_rgb,s1,63.36,0.0004774231555564,,2.097367228673949e-05,64,0.3,0.1179198901802484,0.217880054935906,0.1528037178698822,0.0,0.0,False,True,True,0.2696171530477876,0.6047276485413138,0.8583708932965115,0.5995580822364286,142811174,latent+prefusion+distill+ce,peeking,54.6,49.55,70.07,64.03,71.25,65.28,62.0,64.97,checkpoints/sft_evan_base_benv2_s2_rgb_fft_lr0.0005_20260418_071437.pt
yyp2h3sz,delulu-benv2-s2_rgb-s1,benv2,s2_rgb,s1,63.36,0.0004774231555564,,2.097367228673949e-05,64,0.3,0.1179198901802484,0.217880054935906,0.1528037178698822,0.0,0.0,False,True,True,0.2696171530477876,0.6047276485413138,0.8583708932965115,0.5995580822364286,142811174,latent+prefusion+distill+ce,peeking,39.0,48.43,70.09,63.51,71.25,64.72,54.38,63.77,checkpoints/sft_evan_base_benv2_s2_rgb_fft_lr0.0005_20260418_071437.pt
j3yt5ie2,delulu-benv2-s2_rgb-s1,benv2,s2_rgb,s1,63.36,0.0004774231555564,,2.097367228673949e-05,64,0.3,0.1179198901802484,0.217880054935906,0.1528037178698822,0.0,0.0,False,True,True,0.2696171530477876,0.6047276485413138,0.8583708932965115,0.5995580822364286,142811174,latent+prefusion+distill+ce,peeking,52.4,50.2,70.75,63.83,71.9,64.53,61.28,65.5,checkpoints/sft_evan_base_benv2_s2_rgb_fft_lr0.0005_20260418_071437.pt
qs3bkqg4,delulu-benv2-s2_rgb-s1,benv2,s2_rgb,s1,63.36,0.0004774231555564,,2.097367228673949e-05,64,0.3,0.1179198901802484,0.217880054935906,0.1528037178698822,0.0,0.0,False,True,True,0.2696171530477876,0.6047276485413138,0.8583708932965115,0.5995580822364286,142811174,latent+prefusion+distill+ce,addition,53.85,49.93,70.17,64.29,71.3,64.25,62.25,65.54,checkpoints/sft_evan_base_benv2_s2_rgb_fft_lr0.0005_20260418_071437.pt
yp1j93yf,delulu-benv2-s2_rgb-s1,benv2,s2_rgb,s1,63.36,0.0004919525946897,,0.0002987654348049,64,0.3,0.4943255892768998,0.3739336769398811,0.1141659173783924,0.0,0.5,False,True,True,0.1003649288975272,0.9867093196115908,0.5724958342782179,0.6071421425812242,142811174,latent+prefusion+distill+ce,transfer,56.0,50.72,69.39,62.64,70.45,64.18,62.77,62.89,checkpoints/sft_evan_base_benv2_s2_rgb_fft_lr0.0005_20260418_071437.pt
y48dmx3u,delulu-benv2-s2_rgb-s1,benv2,s2_rgb,s1,63.36,0.0004774231555564,,2.097367228673949e-05,64,0.3,0.1179198901802484,0.217880054935906,0.1528037178698822,0.0,0.0,False,True,True,0.2696171530477876,0.6047276485413138,0.8583708932965115,0.5995580822364286,142811174,latent+prefusion+distill+ce,addition,52.15,47.84,70.24,62.97,70.5,62.8,60.53,64.29,checkpoints/sft_evan_base_benv2_s2_rgb_fft_lr0.0005_20260418_071437.pt
54d51pme,delulu-benv2-s2_rgb-s1,benv2,s2_rgb,s1,63.36,0.0004774231555564,,2.097367228673949e-05,64,0.3,0.1179198901802484,0.217880054935906,0.1528037178698822,0.0,0.0,False,True,True,0.2696171530477876,0.6047276485413138,0.8583708932965115,0.5995580822364286,142811174,latent+prefusion+distill+ce,addition,53.25,49.73,70.75,63.7,71.2,64.86,61.12,64.65,checkpoints/sft_evan_base_benv2_s2_rgb_fft_lr0.0005_20260418_071437.pt
tvtz55su,delulu-benv2-s2_rgb-s1,benv2,s2_rgb,s1,63.36,0.0004774231555564,,2.097367228673949e-05,64,0.3,0.1179198901802484,0.217880054935906,0.1528037178698822,0.0,0.0,False,True,True,0.2696171530477876,0.6047276485413138,0.8583708932965115,0.5995580822364286,142811174,latent+prefusion+distill+ce,addition,54.2,49.37,70.76,65.84,70.2,62.38,61.7,65.73,checkpoints/sft_evan_base_benv2_s2_rgb_fft_lr0.0005_20260418_071437.pt
qeqwljhp,delulu-benv2-s1-s2,benv2,s1,s2,49.23,0.0004919525946897,,0.0002987654348049,64,0.3,0.4943255892768998,0.3739336769398811,0.1141659173783924,0.0,0.5,False,True,True,0.1003649288975272,0.9867093196115908,0.5724958342782179,0.6071421425812242,144580646,latent+prefusion+distill+ce,transfer,67.7,51.85,53.41,48.57,76.25,51.64,71.88,52.57,checkpoints/sft_evan_base_benv2_s1_fft_lr0.0005_20260418_064233.pt
7gu1wcoo,delulu-benv2-s1-s2,benv2,s1,s2,49.23,0.0004919525946897,,0.0002987654348049,64,0.3,0.4943255892768998,0.3739336769398811,0.1141659173783924,0.0,0.5,False,True,True,0.1003649288975272,0.9867093196115908,0.5724958342782179,0.6071421425812242,144580646,latent+prefusion+distill+ce,transfer,66.5,52.14,53.36,49.55,77.8,52.04,71.92,53.13,checkpoints/sft_evan_base_benv2_s1_fft_lr0.0005_20260418_064233.pt
rq8ukigr,delulu-benv2-s1-s2,benv2,s1,s2,49.23,0.0004919525946897,,0.0002987654348049,64,0.3,0.4943255892768998,0.3739336769398811,0.1141659173783924,0.0,0.5,False,True,True,0.1003649288975272,0.9867093196115908,0.5724958342782179,0.6071421425812242,144580646,latent+prefusion+distill+ce,transfer,67.2,52.32,52.46,48.85,76.8,47.78,68.85,52.88,checkpoints/sft_evan_base_benv2_s1_fft_lr0.0005_20260418_064233.pt
gfrmepsa,delulu-benv2-s1-s2,benv2,s1,s2,49.23,0.0004774231555564,,2.097367228673949e-05,64,0.3,0.1179198901802484,0.217880054935906,0.1528037178698822,0.0,0.0,False,True,True,0.2696171530477876,0.6047276485413138,0.8583708932965115,0.5995580822364286,144580646,latent+prefusion+distill+ce,peeking,48.55,37.38,52.95,50.74,80.85,49.81,64.0,50.2,checkpoints/sft_evan_base_benv2_s1_fft_lr0.0005_20260418_064233.pt
o4vptv1f,delulu-benv2-s1-s2,benv2,s1,s2,49.23,0.0004919525946897,,0.0002987654348049,64,0.3,0.4943255892768998,0.3739336769398811,0.1141659173783924,0.0,0.5,False,True,True,0.1003649288975272,0.9867093196115908,0.5724958342782179,0.6071421425812242,144580646,latent+prefusion+distill+ce,transfer,66.6,52.13,53.42,48.8,76.3,47.77,70.38,52.9,checkpoints/sft_evan_base_benv2_s1_fft_lr0.0005_20260418_064233.pt
mn7bsr6l,delulu-benv2-s1-s2,benv2,s1,s2,49.23,0.0004774231555564,,2.097367228673949e-05,64,0.3,0.1179198901802484,0.217880054935906,0.1528037178698822,0.0,0.0,False,True,True,0.2696171530477876,0.6047276485413138,0.8583708932965115,0.5995580822364286,144580646,latent+prefusion+distill+ce,peeking,63.95,50.36,53.88,49.14,80.55,49.42,71.47,52.38,checkpoints/sft_evan_base_benv2_s1_fft_lr0.0005_20260418_064233.pt
jr1k1cuk,delulu-benv2-s1-s2,benv2,s1,s2,49.23,0.0004774231555564,,2.097367228673949e-05,64,0.3,0.1179198901802484,0.217880054935906,0.1528037178698822,0.0,0.0,False,True,True,0.2696171530477876,0.6047276485413138,0.8583708932965115,0.5995580822364286,144580646,latent+prefusion+distill+ce,addition,52.3,38.5,53.77,50.33,80.95,50.12,64.9,49.06,checkpoints/sft_evan_base_benv2_s1_fft_lr0.0005_20260418_064233.pt
j34hielt,delulu-benv2-s1-s2,benv2,s1,s2,49.23,0.0004774231555564,,2.097367228673949e-05,64,0.3,0.1179198901802484,0.217880054935906,0.1528037178698822,0.0,0.0,False,True,True,0.2696171530477876,0.6047276485413138,0.8583708932965115,0.5995580822364286,144580646,latent+prefusion+distill+ce,addition,64.1,50.6,53.65,49.51,79.5,50.02,71.07,52.71,checkpoints/sft_evan_base_benv2_s1_fft_lr0.0005_20260418_064233.pt
0wpnl0tg,delulu-benv2-s1-s2,benv2,s1,s2,49.23,0.0004774231555564,,2.097367228673949e-05,64,0.3,0.1179198901802484,0.217880054935906,0.1528037178698822,0.0,0.0,False,True,True,0.2696171530477876,0.6047276485413138,0.8583708932965115,0.5995580822364286,144580646,latent+prefusion+distill+ce,peeking,64.15,50.33,54.03,49.55,80.15,49.92,70.95,51.99,checkpoints/sft_evan_base_benv2_s1_fft_lr0.0005_20260418_064233.pt
i3etktoh,delulu-benv2-s1-s2,benv2,s1,s2,49.23,0.0004774231555564,,2.097367228673949e-05,64,0.3,0.1179198901802484,0.217880054935906,0.1528037178698822,0.0,0.0,False,True,True,0.2696171530477876,0.6047276485413138,0.8583708932965115,0.5995580822364286,144580646,latent+prefusion+distill+ce,peeking,62.95,50.02,53.28,50.43,80.7,49.92,70.33,52.52,checkpoints/sft_evan_base_benv2_s1_fft_lr0.0005_20260418_064233.pt
anvehi87,delulu-benv2-s1-s2,benv2,s1,s2,49.23,0.0004774231555564,,2.097367228673949e-05,64,0.3,0.1179198901802484,0.217880054935906,0.1528037178698822,0.0,0.0,False,True,True,0.2696171530477876,0.6047276485413138,0.8583708932965115,0.5995580822364286,144580646,latent+prefusion+distill+ce,addition,62.65,49.37,53.9,49.63,80.75,49.41,70.0,52.32,checkpoints/sft_evan_base_benv2_s1_fft_lr0.0005_20260418_064233.pt
ydk5hd6s,delulu-benv2-s2-s1,benv2,s2,s1,61.27,0.0004919525946897,,0.0002987654348049,64,0.3,0.4943255892768998,0.3739336769398811,0.1141659173783924,0.0,0.5,False,True,True,0.1003649288975272,0.9867093196115908,0.5724958342782179,0.6071421425812242,144580646,latent+prefusion+distill+ce,transfer,55.4,51.53,67.35,63.21,74.1,63.5,64.32,64.66,checkpoints/sft_evan_base_benv2_s2_fft_lr0.001_20260418_112953.pt
mzl6tuzv,delulu-benv2-s2-s1,benv2,s2,s1,61.27,0.0004919525946897,,0.0002987654348049,64,0.3,0.4943255892768998,0.3739336769398811,0.1141659173783924,0.0,0.5,False,True,True,0.1003649288975272,0.9867093196115908,0.5724958342782179,0.6071421425812242,144580646,latent+prefusion+distill+ce,transfer,56.8,49.62,67.63,62.03,74.2,63.23,65.25,63.19,checkpoints/sft_evan_base_benv2_s2_fft_lr0.001_20260418_112953.pt
8t73bny2,delulu-benv2-s2-s1,benv2,s2,s1,61.27,0.0004919525946897,,0.0002987654348049,64,0.3,0.4943255892768998,0.3739336769398811,0.1141659173783924,0.0,0.5,False,True,True,0.1003649288975272,0.9867093196115908,0.5724958342782179,0.6071421425812242,144580646,latent+prefusion+distill+ce,transfer,56.85,50.3,66.7,62.74,73.6,61.81,64.85,64.14,checkpoints/sft_evan_base_benv2_s2_fft_lr0.001_20260418_112953.pt
g0yhl96k,delulu-benv2-s2-s1,benv2,s2,s1,61.27,0.0004919525946897,,0.0002987654348049,64,0.3,0.4943255892768998,0.3739336769398811,0.1141659173783924,0.0,0.5,False,True,True,0.1003649288975272,0.9867093196115908,0.5724958342782179,0.6071421425812242,144580646,latent+prefusion+distill+ce,transfer,55.85,51.06,67.67,62.24,74.2,62.36,64.92,64.29,checkpoints/sft_evan_base_benv2_s2_fft_lr0.001_20260418_112953.pt
9q8a0p1c,delulu-benv2-s1-s2,benv2,s1,s2,49.23,0.0004774231555564,,2.097367228673949e-05,64,0.3,0.1179198901802484,0.217880054935906,0.1528037178698822,0.0,0.0,False,True,True,0.2696171530477876,0.6047276485413138,0.8583708932965115,0.5995580822364286,144580646,latent+prefusion+distill+ce,addition,62.4,49.9,53.21,49.95,80.3,49.42,69.65,52.5,checkpoints/sft_evan_base_benv2_s1_fft_lr0.0005_20260418_064233.pt
sa10xfgw,delulu-benv2-s2-s1,benv2,s2,s1,61.27,0.0004774231555564,,2.097367228673949e-05,64,0.3,0.1179198901802484,0.217880054935906,0.1528037178698822,0.0,0.0,False,True,True,0.2696171530477876,0.6047276485413138,0.8583708932965115,0.5995580822364286,144580646,latent+prefusion+distill+ce,peeking,57.1,49.87,65.62,62.08,75.5,61.26,65.33,63.74,checkpoints/sft_evan_base_benv2_s2_fft_lr0.001_20260418_112953.pt
uzcvsqjj,delulu-benv2-s2-s1,benv2,s2,s1,61.27,0.0004774231555564,,2.097367228673949e-05,64,0.3,0.1179198901802484,0.217880054935906,0.1528037178698822,0.0,0.0,False,True,True,0.2696171530477876,0.6047276485413138,0.8583708932965115,0.5995580822364286,144580646,latent+prefusion+distill+ce,peeking,56.4,49.83,66.35,62.6,75.2,60.87,65.62,63.22,checkpoints/sft_evan_base_benv2_s2_fft_lr0.001_20260418_112953.pt
6v1uh5yj,delulu-benv2-s2-s1,benv2,s2,s1,61.27,0.0004774231555564,,2.097367228673949e-05,64,0.3,0.1179198901802484,0.217880054935906,0.1528037178698822,0.0,0.0,False,True,True,0.2696171530477876,0.6047276485413138,0.8583708932965115,0.5995580822364286,144580646,latent+prefusion+distill+ce,peeking,56.3,49.38,65.97,62.72,74.9,61.83,65.25,63.27,checkpoints/sft_evan_base_benv2_s2_fft_lr0.001_20260418_112953.pt
enm9q65f,delulu-benv2-s2-s1,benv2,s2,s1,61.27,0.0004774231555564,,2.097367228673949e-05,64,0.3,0.1179198901802484,0.217880054935906,0.1528037178698822,0.0,0.0,False,True,True,0.2696171530477876,0.6047276485413138,0.8583708932965115,0.5995580822364286,144580646,latent+prefusion+distill+ce,addition,54.85,49.03,66.24,62.66,75.1,61.41,64.92,62.79,checkpoints/sft_evan_base_benv2_s2_fft_lr0.001_20260418_112953.pt
w10yojm4,delulu-benv2-s2-s1,benv2,s2,s1,61.27,0.0004774231555564,,2.097367228673949e-05,64,0.3,0.1179198901802484,0.217880054935906,0.1528037178698822,0.0,0.0,False,True,True,0.2696171530477876,0.6047276485413138,0.8583708932965115,0.5995580822364286,144580646,latent+prefusion+distill+ce,addition,55.45,48.99,66.52,64.07,75.65,62.09,65.15,63.48,checkpoints/sft_evan_base_benv2_s2_fft_lr0.001_20260418_112953.pt
2u0f0fha,delulu-benv2-s2-s1,benv2,s2,s1,61.27,0.0004774231555564,,2.097367228673949e-05,64,0.3,0.1179198901802484,0.217880054935906,0.1528037178698822,0.0,0.0,False,True,True,0.2696171530477876,0.6047276485413138,0.8583708932965115,0.5995580822364286,144580646,latent+prefusion+distill+ce,addition,55.6,48.3,66.28,62.04,74.75,61.17,64.25,63.09,checkpoints/sft_evan_base_benv2_s2_fft_lr0.001_20260418_112953.pt
zibr8svv,delulu-benv2-s2-s1,benv2,s2,s1,61.27,0.0004774231555564,,2.097367228673949e-05,64,0.3,0.1179198901802484,0.217880054935906,0.1528037178698822,0.0,0.0,False,True,True,0.2696171530477876,0.6047276485413138,0.8583708932965115,0.5995580822364286,144580646,latent+prefusion+distill+ce,addition,54.5,47.39,66.66,61.37,76.2,60.82,64.25,62.28,checkpoints/sft_evan_base_benv2_s2_fft_lr0.001_20260418_112953.pt
kjyxymxk,delulu-eurosat-rgb-vre,eurosat,rgb,vre,98.63,0.0004919525946897,,0.0002987654348049,64,0.3,0.4943255892768998,0.3739336769398811,0.1141659173783924,0.0,0.5,False,True,True,0.1003649288975272,0.9867093196115908,0.5724958342782179,0.6071421425812242,142993940,latent+prefusion+distill+ce,transfer,91.93,92.63,89.44,89.85,93.37,93.39,92.65,92.56,checkpoints/sft_evan_base_eurosat_rgb_fft_lr0.0005_20260418_002329.pt
duj2x8ss,delulu-eurosat-rgb-vre,eurosat,rgb,vre,98.63,0.0004919525946897,,0.0002987654348049,64,0.3,0.4943255892768998,0.3739336769398811,0.1141659173783924,0.0,0.5,False,True,True,0.1003649288975272,0.9867093196115908,0.5724958342782179,0.6071421425812242,142993940,latent+prefusion+distill+ce,transfer,93.41,93.52,95.81,96.19,96.44,96.0,94.91,96.76,checkpoints/sft_evan_base_eurosat_rgb_fft_lr0.0005_20260418_002329.pt
vyzcvnwq,delulu-eurosat-rgb-vre,eurosat,rgb,vre,98.63,0.0004919525946897,,0.0002987654348049,64,0.3,0.4943255892768998,0.3739336769398811,0.1141659173783924,0.0,0.5,False,True,True,0.1003649288975272,0.9867093196115908,0.5724958342782179,0.6071421425812242,142993940,latent+prefusion+distill+ce,transfer,93.41,92.81,90.11,90.93,93.52,92.94,93.46,92.98,checkpoints/sft_evan_base_eurosat_rgb_fft_lr0.0005_20260418_002329.pt
zs5p1pwo,delulu-eurosat-rgb-vre,eurosat,rgb,vre,98.63,0.0004919525946897,,0.0002987654348049,64,0.3,0.4943255892768998,0.3739336769398811,0.1141659173783924,0.0,0.5,False,True,True,0.1003649288975272,0.9867093196115908,0.5724958342782179,0.6071421425812242,142993940,latent+prefusion+distill+ce,transfer,94.52,93.85,96.0,96.26,96.74,96.3,95.63,96.76,checkpoints/sft_evan_base_eurosat_rgb_fft_lr0.0005_20260418_002329.pt
ehlc3sqm,delulu-eurosat-rgb-vre,eurosat,rgb,vre,98.63,0.0004919525946897,,0.0002987654348049,64,0.3,0.4943255892768998,0.3739336769398811,0.1141659173783924,0.0,0.5,False,True,True,0.1003649288975272,0.9867093196115908,0.5724958342782179,0.6071421425812242,142993940,latent+prefusion+distill+ce,transfer,95.44,95.2,96.63,96.78,97.33,96.85,96.35,97.06,checkpoints/sft_evan_base_eurosat_rgb_fft_lr0.0005_20260418_002329.pt
vxom1lzo,delulu-eurosat-rgb-vre,eurosat,rgb,vre,98.63,0.0004774231555564,,2.097367228673949e-05,64,0.3,0.1179198901802484,0.217880054935906,0.1528037178698822,0.0,0.0,False,True,True,0.2696171530477876,0.6047276485413138,0.8583708932965115,0.5995580822364286,142993940,latent+prefusion+distill+ce,peeking,96.07,95.89,98.63,98.52,98.78,98.63,97.41,98.48,checkpoints/sft_evan_base_eurosat_rgb_fft_lr0.0005_20260418_002329.pt
bhx2zw38,delulu-eurosat-rgb-vre,eurosat,rgb,vre,98.63,0.0004774231555564,,2.097367228673949e-05,64,0.3,0.1179198901802484,0.217880054935906,0.1528037178698822,0.0,0.0,False,True,True,0.2696171530477876,0.6047276485413138,0.8583708932965115,0.5995580822364286,142993940,latent+prefusion+distill+ce,peeking,95.96,95.59,98.41,98.63,98.67,98.8,97.31,98.39,checkpoints/sft_evan_base_eurosat_rgb_fft_lr0.0005_20260418_002329.pt
3qlh3mt7,delulu-eurosat-rgb-vre,eurosat,rgb,vre,98.63,0.0004774231555564,,2.097367228673949e-05,64,0.3,0.1179198901802484,0.217880054935906,0.1528037178698822,0.0,0.0,False,True,True,0.2696171530477876,0.6047276485413138,0.8583708932965115,0.5995580822364286,142993940,latent+prefusion+distill+ce,addition,95.93,95.67,98.48,98.5,98.78,98.67,97.31,98.61,checkpoints/sft_evan_base_eurosat_rgb_fft_lr0.0005_20260418_002329.pt
zseqlxzb,delulu-eurosat-rgb-vre,eurosat,rgb,vre,98.63,0.0004774231555564,,2.097367228673949e-05,64,0.3,0.1179198901802484,0.217880054935906,0.1528037178698822,0.0,0.0,False,True,True,0.2696171530477876,0.6047276485413138,0.8583708932965115,0.5995580822364286,142993940,latent+prefusion+distill+ce,peeking,95.22,95.37,98.44,98.69,98.74,98.78,96.96,98.2,checkpoints/sft_evan_base_eurosat_rgb_fft_lr0.0005_20260418_002329.pt
rlsyw4mc,delulu-eurosat-rgb-vre,eurosat,rgb,vre,98.63,0.0004774231555564,,2.097367228673949e-05,64,0.3,0.1179198901802484,0.217880054935906,0.1528037178698822,0.0,0.0,False,True,True,0.2696171530477876,0.6047276485413138,0.8583708932965115,0.5995580822364286,142993940,latent+prefusion+distill+ce,peeking,96.81,96.63,98.63,98.48,98.78,98.43,97.76,98.37,checkpoints/sft_evan_base_eurosat_rgb_fft_lr0.0005_20260418_002329.pt
rz963b8o,delulu-eurosat-rgb-vre,eurosat,rgb,vre,98.63,0.0004774231555564,,2.097367228673949e-05,64,0.3,0.1179198901802484,0.217880054935906,0.1528037178698822,0.0,0.0,False,True,True,0.2696171530477876,0.6047276485413138,0.8583708932965115,0.5995580822364286,142993940,latent+prefusion+distill+ce,peeking,96.48,96.15,98.48,98.59,98.74,98.78,97.59,98.41,checkpoints/sft_evan_base_eurosat_rgb_fft_lr0.0005_20260418_002329.pt
1ifxfyyi,delulu-eurosat-rgb-vre,eurosat,rgb,vre,98.63,0.0004774231555564,,2.097367228673949e-05,64,0.3,0.1179198901802484,0.217880054935906,0.1528037178698822,0.0,0.0,False,True,True,0.2696171530477876,0.6047276485413138,0.8583708932965115,0.5995580822364286,142993940,latent+prefusion+distill+ce,addition,95.93,96.02,98.52,98.61,98.81,98.7,97.35,98.37,checkpoints/sft_evan_base_eurosat_rgb_fft_lr0.0005_20260418_002329.pt
tw1hv5c3,delulu-eurosat-rgb-vre,eurosat,rgb,vre,98.63,0.0004774231555564,,2.097367228673949e-05,64,0.3,0.1179198901802484,0.217880054935906,0.1528037178698822,0.0,0.0,False,True,True,0.2696171530477876,0.6047276485413138,0.8583708932965115,0.5995580822364286,142993940,latent+prefusion+distill+ce,addition,95.67,95.5,98.3,98.54,98.78,98.65,97.19,98.35,checkpoints/sft_evan_base_eurosat_rgb_fft_lr0.0005_20260418_002329.pt
g0emqezx,delulu-eurosat-rgb-vre,eurosat,rgb,vre,98.63,0.0004774231555564,,2.097367228673949e-05,64,0.3,0.1179198901802484,0.217880054935906,0.1528037178698822,0.0,0.0,False,True,True,0.2696171530477876,0.6047276485413138,0.8583708932965115,0.5995580822364286,142993940,latent+prefusion+distill+ce,addition,96.48,96.5,98.7,98.61,98.85,98.65,97.61,98.41,checkpoints/sft_evan_base_eurosat_rgb_fft_lr0.0005_20260418_002329.pt
k17b4aeu,delulu-eurosat-rgb-vre,eurosat,rgb,vre,98.63,0.0004774231555564,,2.097367228673949e-05,64,0.3,0.1179198901802484,0.217880054935906,0.1528037178698822,0.0,0.0,False,True,True,0.2696171530477876,0.6047276485413138,0.8583708932965115,0.5995580822364286,142993940,latent+prefusion+distill+ce,addition,95.59,95.06,98.41,98.63,98.81,98.83,97.17,98.48,checkpoints/sft_evan_base_eurosat_rgb_fft_lr0.0005_20260418_002329.pt
649rb0p9,delulu-eurosat-rgb-nir,eurosat,rgb,nir,98.63,0.0004774231555564,,2.097367228673949e-05,64,0.3,0.1179198901802484,0.217880054935906,0.1528037178698822,0.0,0.0,False,True,True,0.2696171530477876,0.6047276485413138,0.8583708932965115,0.5995580822364286,142797332,latent+prefusion+distill+ce,peeking,87.7,88.31,98.59,98.61,98.85,98.7,93.24,98.46,checkpoints/sft_evan_base_eurosat_rgb_fft_lr0.0005_20260418_002329.pt
panhabhc,delulu-eurosat-vre-rgb,eurosat,vre,rgb,90.67,0.0004919525946897,,0.0002987654348049,64,0.3,0.4943255892768998,0.3739336769398811,0.1141659173783924,0.0,0.5,False,True,True,0.1003649288975272,0.9867093196115908,0.5724958342782179,0.6071421425812242,142993940,latent+prefusion+distill+ce,transfer,89.3,89.3,90.81,90.89,93.74,91.24,91.46,91.83,checkpoints/sft_evan_base_eurosat_vre_fft_lr0.0005_20260418_051940.pt
db64oirc,delulu-eurosat-rgb-nir,eurosat,rgb,nir,98.63,0.0004919525946897,,0.0002987654348049,64,0.3,0.4943255892768998,0.3739336769398811,0.1141659173783924,0.0,0.5,False,True,True,0.1003649288975272,0.9867093196115908,0.5724958342782179,0.6071421425812242,142797332,latent+prefusion+distill+ce,transfer,80.85,80.76,95.67,95.33,95.89,95.15,88.28,95.72,checkpoints/sft_evan_base_eurosat_rgb_fft_lr0.0005_20260418_002329.pt
hdgsd1bj,delulu-eurosat-rgb-nir,eurosat,rgb,nir,98.63,0.0004919525946897,,0.0002987654348049,64,0.3,0.4943255892768998,0.3739336769398811,0.1141659173783924,0.0,0.5,False,True,True,0.1003649288975272,0.9867093196115908,0.5724958342782179,0.6071421425812242,142797332,latent+prefusion+distill+ce,transfer,82.07,81.83,95.41,95.72,95.74,95.76,88.72,95.5,checkpoints/sft_evan_base_eurosat_rgb_fft_lr0.0005_20260418_002329.pt
9zzno88z,delulu-eurosat-vre-rgb,eurosat,vre,rgb,90.67,0.0004774231555564,,2.097367228673949e-05,64,0.3,0.1179198901802484,0.217880054935906,0.1528037178698822,0.0,0.0,False,True,True,0.2696171530477876,0.6047276485413138,0.8583708932965115,0.5995580822364286,142993940,latent+prefusion+distill+ce,peeking,88.89,88.87,90.93,91.52,96.41,91.54,92.65,92.28,checkpoints/sft_evan_base_eurosat_vre_fft_lr0.0005_20260418_051940.pt
qz0k3mkr,delulu-eurosat-vre-rgb,eurosat,vre,rgb,90.67,0.0004919525946897,,0.0002987654348049,64,0.3,0.4943255892768998,0.3739336769398811,0.1141659173783924,0.0,0.5,False,True,True,0.1003649288975272,0.9867093196115908,0.5724958342782179,0.6071421425812242,142993940,latent+prefusion+distill+ce,transfer,89.19,89.13,91.15,91.87,94.52,91.96,91.85,92.04,checkpoints/sft_evan_base_eurosat_vre_fft_lr0.0005_20260418_051940.pt
mjyzip2t,delulu-eurosat-vre-rgb,eurosat,vre,rgb,90.67,0.0004774231555564,,2.097367228673949e-05,64,0.3,0.1179198901802484,0.217880054935906,0.1528037178698822,0.0,0.0,False,True,True,0.2696171530477876,0.6047276485413138,0.8583708932965115,0.5995580822364286,142993940,latent+prefusion+distill+ce,addition,89.04,88.43,91.11,91.33,96.48,91.48,92.76,91.91,checkpoints/sft_evan_base_eurosat_vre_fft_lr0.0005_20260418_051940.pt
iukd6klu,delulu-eurosat-rgb-nir,eurosat,rgb,nir,98.63,0.0004919525946897,,0.0002987654348049,64,0.3,0.4943255892768998,0.3739336769398811,0.1141659173783924,0.0,0.5,False,True,True,0.1003649288975272,0.9867093196115908,0.5724958342782179,0.6071421425812242,142797332,latent+prefusion+distill+ce,transfer,81.15,80.72,95.78,95.85,96.26,96.07,88.61,96.09,checkpoints/sft_evan_base_eurosat_rgb_fft_lr0.0005_20260418_002329.pt
k0i3inwe,delulu-eurosat-vre-rgb,eurosat,vre,rgb,90.67,0.0004774231555564,,2.097367228673949e-05,64,0.3,0.1179198901802484,0.217880054935906,0.1528037178698822,0.0,0.0,False,True,True,0.2696171530477876,0.6047276485413138,0.8583708932965115,0.5995580822364286,142993940,latent+prefusion+distill+ce,addition,88.78,88.46,90.78,91.67,96.41,91.39,92.54,91.85,checkpoints/sft_evan_base_eurosat_vre_fft_lr0.0005_20260418_051940.pt
z3xnr2od,delulu-eurosat-rgb-nir,eurosat,rgb,nir,98.63,0.0004774231555564,,2.097367228673949e-05,64,0.3,0.1179198901802484,0.217880054935906,0.1528037178698822,0.0,0.0,False,True,True,0.2696171530477876,0.6047276485413138,0.8583708932965115,0.5995580822364286,142797332,latent+prefusion+distill+ce,peeking,79.33,81.5,98.59,98.44,98.85,98.61,89.0,98.46,checkpoints/sft_evan_base_eurosat_rgb_fft_lr0.0005_20260418_002329.pt
lahfzntz,delulu-eurosat-rgb-nir,eurosat,rgb,nir,98.63,0.0004774231555564,,2.097367228673949e-05,64,0.3,0.1179198901802484,0.217880054935906,0.1528037178698822,0.0,0.0,False,True,True,0.2696171530477876,0.6047276485413138,0.8583708932965115,0.5995580822364286,142797332,latent+prefusion+distill+ce,peeking,89.3,88.98,98.67,98.44,98.78,98.76,94.04,98.46,checkpoints/sft_evan_base_eurosat_rgb_fft_lr0.0005_20260418_002329.pt
duo413s9,delulu-eurosat-vre-rgb,eurosat,vre,rgb,90.67,0.0004919525946897,,0.0002987654348049,64,0.3,0.4943255892768998,0.3739336769398811,0.1141659173783924,0.0,0.5,False,True,True,0.1003649288975272,0.9867093196115908,0.5724958342782179,0.6071421425812242,142993940,latent+prefusion+distill+ce,transfer,88.78,89.39,91.11,92.15,93.89,91.04,91.26,92.43,checkpoints/sft_evan_base_eurosat_vre_fft_lr0.0005_20260418_051940.pt
arrr623z,delulu-eurosat-rgb-nir,eurosat,rgb,nir,98.63,0.0004774231555564,,2.097367228673949e-05,64,0.3,0.1179198901802484,0.217880054935906,0.1528037178698822,0.0,0.0,False,True,True,0.2696171530477876,0.6047276485413138,0.8583708932965115,0.5995580822364286,142797332,latent+prefusion+distill+ce,addition,79.74,80.26,98.7,98.44,98.81,98.65,89.26,98.28,checkpoints/sft_evan_base_eurosat_rgb_fft_lr0.0005_20260418_002329.pt
0xxft5mm,delulu-eurosat-vre-rgb,eurosat,vre,rgb,90.67,0.0004774231555564,,2.097367228673949e-05,64,0.3,0.1179198901802484,0.217880054935906,0.1528037178698822,0.0,0.0,False,True,True,0.2696171530477876,0.6047276485413138,0.8583708932965115,0.5995580822364286,142993940,latent+prefusion+distill+ce,addition,87.74,87.87,91.07,91.56,96.59,91.56,92.06,92.11,checkpoints/sft_evan_base_eurosat_vre_fft_lr0.0005_20260418_051940.pt
sc9lqzr5,delulu-eurosat-rgb-nir,eurosat,rgb,nir,98.63,0.0004919525946897,,0.0002987654348049,64,0.3,0.4943255892768998,0.3739336769398811,0.1141659173783924,0.0,0.5,False,True,True,0.1003649288975272,0.9867093196115908,0.5724958342782179,0.6071421425812242,142797332,latent+prefusion+distill+ce,transfer,75.41,77.7,94.0,93.59,94.04,93.0,84.61,94.22,checkpoints/sft_evan_base_eurosat_rgb_fft_lr0.0005_20260418_002329.pt
tap5uvza,delulu-eurosat-rgb-nir,eurosat,rgb,nir,98.63,0.0004774231555564,,2.097367228673949e-05,64,0.3,0.1179198901802484,0.217880054935906,0.1528037178698822,0.0,0.0,False,True,True,0.2696171530477876,0.6047276485413138,0.8583708932965115,0.5995580822364286,142797332,latent+prefusion+distill+ce,peeking,82.48,83.3,98.56,98.57,98.74,98.7,90.57,98.65,checkpoints/sft_evan_base_eurosat_rgb_fft_lr0.0005_20260418_002329.pt
qh3g2iep,delulu-eurosat-rgb-nir,eurosat,rgb,nir,98.63,0.0004919525946897,,0.0002987654348049,64,0.3,0.4943255892768998,0.3739336769398811,0.1141659173783924,0.0,0.5,False,True,True,0.1003649288975272,0.9867093196115908,0.5724958342782179,0.6071421425812242,142797332,latent+prefusion+distill+ce,transfer,83.0,82.33,95.93,96.07,96.59,96.19,89.72,96.33,checkpoints/sft_evan_base_eurosat_rgb_fft_lr0.0005_20260418_002329.pt
lfyx2en4,delulu-eurosat-vre-rgb,eurosat,vre,rgb,90.67,0.0004774231555564,,2.097367228673949e-05,64,0.3,0.1179198901802484,0.217880054935906,0.1528037178698822,0.0,0.0,False,True,True,0.2696171530477876,0.6047276485413138,0.8583708932965115,0.5995580822364286,142993940,latent+prefusion+distill+ce,peeking,88.85,87.8,90.89,91.28,96.41,91.22,92.56,91.89,checkpoints/sft_evan_base_eurosat_vre_fft_lr0.0005_20260418_051940.pt
zgzjheep,delulu-eurosat-vre-rgb,eurosat,vre,rgb,90.67,0.0004919525946897,,0.0002987654348049,64,0.3,0.4943255892768998,0.3739336769398811,0.1141659173783924,0.0,0.5,False,True,True,0.1003649288975272,0.9867093196115908,0.5724958342782179,0.6071421425812242,142993940,latent+prefusion+distill+ce,transfer,89.48,89.26,90.85,92.22,94.07,91.69,91.78,92.3,checkpoints/sft_evan_base_eurosat_vre_fft_lr0.0005_20260418_051940.pt
4573ij6u,delulu-eurosat-vre-rgb,eurosat,vre,rgb,90.67,0.0004774231555564,,2.097367228673949e-05,64,0.3,0.1179198901802484,0.217880054935906,0.1528037178698822,0.0,0.0,False,True,True,0.2696171530477876,0.6047276485413138,0.8583708932965115,0.5995580822364286,142993940,latent+prefusion+distill+ce,peeking,88.96,88.63,90.96,91.35,96.44,91.2,92.65,92.24,checkpoints/sft_evan_base_eurosat_vre_fft_lr0.0005_20260418_051940.pt
tmevmjt1,delulu-eurosat-vre-rgb,eurosat,vre,rgb,90.67,0.0004774231555564,,2.097367228673949e-05,64,0.3,0.1179198901802484,0.217880054935906,0.1528037178698822,0.0,0.0,False,True,True,0.2696171530477876,0.6047276485413138,0.8583708932965115,0.5995580822364286,142993940,latent+prefusion+distill+ce,peeking,88.67,88.02,91.37,91.48,96.44,91.54,92.44,91.85,checkpoints/sft_evan_base_eurosat_vre_fft_lr0.0005_20260418_051940.pt
ztsi48g6,delulu-eurosat-vre-rgb,eurosat,vre,rgb,90.67,0.0004919525946897,,0.0002987654348049,64,0.3,0.4943255892768998,0.3739336769398811,0.1141659173783924,0.0,0.5,False,True,True,0.1003649288975272,0.9867093196115908,0.5724958342782179,0.6071421425812242,142993940,latent+prefusion+distill+ce,transfer,89.33,88.48,91.11,90.93,93.52,91.52,91.35,91.81,checkpoints/sft_evan_base_eurosat_vre_fft_lr0.0005_20260418_051940.pt
ykbiuu7v,delulu-eurosat-rgb-nir,eurosat,rgb,nir,98.63,0.0004774231555564,,2.097367228673949e-05,64,0.3,0.1179198901802484,0.217880054935906,0.1528037178698822,0.0,0.0,False,True,True,0.2696171530477876,0.6047276485413138,0.8583708932965115,0.5995580822364286,142797332,latent+prefusion+distill+ce,peeking,87.52,87.04,98.41,98.57,98.85,98.72,93.13,98.59,checkpoints/sft_evan_base_eurosat_rgb_fft_lr0.0005_20260418_002329.pt
vzbj0urm,delulu-eurosat-vre-rgb,eurosat,vre,rgb,90.67,0.0004774231555564,,2.097367228673949e-05,64,0.3,0.1179198901802484,0.217880054935906,0.1528037178698822,0.0,0.0,False,True,True,0.2696171530477876,0.6047276485413138,0.8583708932965115,0.5995580822364286,142993940,latent+prefusion+distill+ce,addition,88.41,88.76,91.04,91.26,96.56,91.43,92.43,91.96,checkpoints/sft_evan_base_eurosat_vre_fft_lr0.0005_20260418_051940.pt
bpuqh8go,delulu-eurosat-vre-rgb,eurosat,vre,rgb,90.67,0.0004774231555564,,2.097367228673949e-05,64,0.3,0.1179198901802484,0.217880054935906,0.1528037178698822,0.0,0.0,False,True,True,0.2696171530477876,0.6047276485413138,0.8583708932965115,0.5995580822364286,142993940,latent+prefusion+distill+ce,peeking,88.52,88.57,91.07,91.48,96.41,91.74,92.46,92.13,checkpoints/sft_evan_base_eurosat_vre_fft_lr0.0005_20260418_051940.pt
u3cqgkas,delulu-eurosat-vre-rgb,eurosat,vre,rgb,90.67,0.0004774231555564,,2.097367228673949e-05,64,0.3,0.1179198901802484,0.217880054935906,0.1528037178698822,0.0,0.0,False,True,True,0.2696171530477876,0.6047276485413138,0.8583708932965115,0.5995580822364286,142993940,latent+prefusion+distill+ce,addition,88.52,88.46,90.59,91.52,96.44,91.48,92.41,92.11,checkpoints/sft_evan_base_eurosat_vre_fft_lr0.0005_20260418_051940.pt
irpi8av8,delulu-eurosat-nir-rgb,eurosat,nir,rgb,80.91,0.0004919525946897,,0.0002987654348049,64,0.3,0.4943255892768998,0.3739336769398811,0.1141659173783924,0.0,0.5,False,True,True,0.1003649288975272,0.9867093196115908,0.5724958342782179,0.6071421425812242,142797332,latent+prefusion+distill+ce,transfer,78.26,85.26,82.63,82.74,83.52,84.26,80.48,86.39,checkpoints/sft_evan_base_eurosat_nir_fft_lr0.001_20260422_043429.pt
2tpfrt1f,delulu-eurosat-nir-rgb,eurosat,nir,rgb,80.91,0.0004919525946897,,0.0002987654348049,64,0.3,0.4943255892768998,0.3739336769398811,0.1141659173783924,0.0,0.5,False,True,True,0.1003649288975272,0.9867093196115908,0.5724958342782179,0.6071421425812242,142797332,latent+prefusion+distill+ce,transfer,78.56,85.06,82.48,82.57,82.44,84.48,79.94,85.56,checkpoints/sft_evan_base_eurosat_nir_fft_lr0.001_20260422_043429.pt
66seroj3,delulu-eurosat-rgb-nir,eurosat,rgb,nir,98.63,0.0004774231555564,,2.097367228673949e-05,64,0.3,0.1179198901802484,0.217880054935906,0.1528037178698822,0.0,0.0,False,True,True,0.2696171530477876,0.6047276485413138,0.8583708932965115,0.5995580822364286,142797332,latent+prefusion+distill+ce,addition,86.81,86.48,98.52,98.52,98.85,98.59,92.81,98.56,checkpoints/sft_evan_base_eurosat_rgb_fft_lr0.0005_20260418_002329.pt
ctrcdi9g,delulu-eurosat-nir-rgb,eurosat,nir,rgb,80.91,0.0004774231555564,,2.097367228673949e-05,64,0.3,0.1179198901802484,0.217880054935906,0.1528037178698822,0.0,0.0,False,True,True,0.2696171530477876,0.6047276485413138,0.8583708932965115,0.5995580822364286,142797332,latent+prefusion+distill+ce,peeking,70.48,74.5,82.19,81.87,92.07,82.22,81.13,82.81,checkpoints/sft_evan_base_eurosat_nir_fft_lr0.001_20260422_043429.pt
dilqzc0g,delulu-eurosat-nir-rgb,eurosat,nir,rgb,80.91,0.0004919525946897,,0.0002987654348049,64,0.3,0.4943255892768998,0.3739336769398811,0.1141659173783924,0.0,0.5,False,True,True,0.1003649288975272,0.9867093196115908,0.5724958342782179,0.6071421425812242,142797332,latent+prefusion+distill+ce,transfer,78.0,85.17,82.52,82.59,83.37,83.72,80.65,85.87,checkpoints/sft_evan_base_eurosat_nir_fft_lr0.001_20260422_043429.pt
rz1hxlx6,delulu-eurosat-rgb-nir,eurosat,rgb,nir,98.63,0.0004774231555564,,2.097367228673949e-05,64,0.3,0.1179198901802484,0.217880054935906,0.1528037178698822,0.0,0.0,False,True,True,0.2696171530477876,0.6047276485413138,0.8583708932965115,0.5995580822364286,142797332,latent+prefusion+distill+ce,addition,89.15,87.83,98.59,98.72,98.78,98.85,93.94,98.54,checkpoints/sft_evan_base_eurosat_rgb_fft_lr0.0005_20260418_002329.pt
2y6dg44k,delulu-eurosat-nir-rgb,eurosat,nir,rgb,80.91,0.0004774231555564,,2.097367228673949e-05,64,0.3,0.1179198901802484,0.217880054935906,0.1528037178698822,0.0,0.0,False,True,True,0.2696171530477876,0.6047276485413138,0.8583708932965115,0.5995580822364286,142797332,latent+prefusion+distill+ce,peeking,68.33,72.44,82.41,82.09,92.44,81.98,80.07,82.59,checkpoints/sft_evan_base_eurosat_nir_fft_lr0.001_20260422_043429.pt
5ign79dg,delulu-eurosat-nir-rgb,eurosat,nir,rgb,80.91,0.0004919525946897,,0.0002987654348049,64,0.3,0.4943255892768998,0.3739336769398811,0.1141659173783924,0.0,0.5,False,True,True,0.1003649288975272,0.9867093196115908,0.5724958342782179,0.6071421425812242,142797332,latent+prefusion+distill+ce,transfer,78.93,84.78,82.59,83.13,83.74,84.13,80.85,85.83,checkpoints/sft_evan_base_eurosat_nir_fft_lr0.001_20260422_043429.pt
wz6yojm4,delulu-eurosat-rgb-nir,eurosat,rgb,nir,98.63,0.0004774231555564,,2.097367228673949e-05,64,0.3,0.1179198901802484,0.217880054935906,0.1528037178698822,0.0,0.0,False,True,True,0.2696171530477876,0.6047276485413138,0.8583708932965115,0.5995580822364286,142797332,latent+prefusion+distill+ce,addition,87.19,86.59,98.52,98.57,98.81,98.74,92.96,98.33,checkpoints/sft_evan_base_eurosat_rgb_fft_lr0.0005_20260418_002329.pt
82t7zdo4,delulu-eurosat-nir-rgb,eurosat,nir,rgb,80.91,0.0004919525946897,,0.0002987654348049,64,0.3,0.4943255892768998,0.3739336769398811,0.1141659173783924,0.0,0.5,False,True,True,0.1003649288975272,0.9867093196115908,0.5724958342782179,0.6071421425812242,142797332,latent+prefusion+distill+ce,transfer,77.7,85.67,82.11,82.74,84.33,84.31,81.02,86.35,checkpoints/sft_evan_base_eurosat_nir_fft_lr0.001_20260422_043429.pt
0pk1oekh,delulu-eurosat-rgb-nir,eurosat,rgb,nir,98.63,0.0004774231555564,,2.097367228673949e-05,64,0.3,0.1179198901802484,0.217880054935906,0.1528037178698822,0.0,0.0,False,True,True,0.2696171530477876,0.6047276485413138,0.8583708932965115,0.5995580822364286,142797332,latent+prefusion+distill+ce,addition,82.96,83.61,98.63,98.5,98.78,98.61,90.87,98.43,checkpoints/sft_evan_base_eurosat_rgb_fft_lr0.0005_20260418_002329.pt
2c51495l,delulu-eurosat-nir-rgb,eurosat,nir,rgb,80.91,0.0004774231555564,,2.097367228673949e-05,64,0.3,0.1179198901802484,0.217880054935906,0.1528037178698822,0.0,0.0,False,True,True,0.2696171530477876,0.6047276485413138,0.8583708932965115,0.5995580822364286,142797332,latent+prefusion+distill+ce,peeking,72.04,77.33,82.37,81.78,92.52,82.44,81.85,82.48,checkpoints/sft_evan_base_eurosat_nir_fft_lr0.001_20260422_043429.pt
qx202pra,delulu-eurosat-nir-rgb,eurosat,nir,rgb,80.91,0.0004774231555564,,2.097367228673949e-05,64,0.3,0.1179198901802484,0.217880054935906,0.1528037178698822,0.0,0.0,False,True,True,0.2696171530477876,0.6047276485413138,0.8583708932965115,0.5995580822364286,142797332,latent+prefusion+distill+ce,addition,68.37,75.39,82.52,81.85,91.74,82.63,79.96,83.3,checkpoints/sft_evan_base_eurosat_nir_fft_lr0.001_20260422_043429.pt
n6ulpcv6,delulu-eurosat-nir-vre,eurosat,nir,vre,80.91,0.0004919525946897,,0.0002987654348049,64,0.3,0.4943255892768998,0.3739336769398811,0.1141659173783924,0.0,0.5,False,True,True,0.1003649288975272,0.9867093196115908,0.5724958342782179,0.6071421425812242,142797332,latent+prefusion+distill+ce,transfer,84.11,82.72,82.78,82.7,85.22,83.3,84.19,83.59,checkpoints/sft_evan_base_eurosat_nir_fft_lr0.001_20260422_043429.pt
0x8nd48x,delulu-eurosat-nir-vre,eurosat,nir,vre,80.91,0.0004919525946897,,0.0002987654348049,64,0.3,0.4943255892768998,0.3739336769398811,0.1141659173783924,0.0,0.5,False,True,True,0.1003649288975272,0.9867093196115908,0.5724958342782179,0.6071421425812242,142797332,latent+prefusion+distill+ce,transfer,82.93,81.94,82.33,82.56,83.78,82.13,83.24,83.59,checkpoints/sft_evan_base_eurosat_nir_fft_lr0.001_20260422_043429.pt
zyob95sl,delulu-eurosat-nir-vre,eurosat,nir,vre,80.91,0.0004919525946897,,0.0002987654348049,64,0.3,0.4943255892768998,0.3739336769398811,0.1141659173783924,0.0,0.5,False,True,True,0.1003649288975272,0.9867093196115908,0.5724958342782179,0.6071421425812242,142797332,latent+prefusion+distill+ce,transfer,83.67,81.74,81.59,82.06,83.81,80.89,83.24,83.07,checkpoints/sft_evan_base_eurosat_nir_fft_lr0.001_20260422_043429.pt
vun3jt14,delulu-eurosat-nir-rgb,eurosat,nir,rgb,80.91,0.0004774231555564,,2.097367228673949e-05,64,0.3,0.1179198901802484,0.217880054935906,0.1528037178698822,0.0,0.0,False,True,True,0.2696171530477876,0.6047276485413138,0.8583708932965115,0.5995580822364286,142797332,latent+prefusion+distill+ce,peeking,63.0,68.91,82.04,81.44,92.63,82.44,77.69,82.83,checkpoints/sft_evan_base_eurosat_nir_fft_lr0.001_20260422_043429.pt
qphav3jj,delulu-eurosat-nir-rgb,eurosat,nir,rgb,80.91,0.0004774231555564,,2.097367228673949e-05,64,0.3,0.1179198901802484,0.217880054935906,0.1528037178698822,0.0,0.0,False,True,True,0.2696171530477876,0.6047276485413138,0.8583708932965115,0.5995580822364286,142797332,latent+prefusion+distill+ce,addition,69.26,75.35,82.26,81.61,91.96,82.13,80.09,82.8,checkpoints/sft_evan_base_eurosat_nir_fft_lr0.001_20260422_043429.pt
j0f26zw9,delulu-eurosat-nir-rgb,eurosat,nir,rgb,80.91,0.0004774231555564,,2.097367228673949e-05,64,0.3,0.1179198901802484,0.217880054935906,0.1528037178698822,0.0,0.0,False,True,True,0.2696171530477876,0.6047276485413138,0.8583708932965115,0.5995580822364286,142797332,latent+prefusion+distill+ce,addition,71.37,78.22,82.22,81.65,92.19,82.06,81.56,83.94,checkpoints/sft_evan_base_eurosat_nir_fft_lr0.001_20260422_043429.pt
0qafk5x5,delulu-eurosat-nir-rgb,eurosat,nir,rgb,80.91,0.0004774231555564,,2.097367228673949e-05,64,0.3,0.1179198901802484,0.217880054935906,0.1528037178698822,0.0,0.0,False,True,True,0.2696171530477876,0.6047276485413138,0.8583708932965115,0.5995580822364286,142797332,latent+prefusion+distill+ce,peeking,69.96,77.04,81.96,81.87,91.78,82.39,80.69,83.13,checkpoints/sft_evan_base_eurosat_nir_fft_lr0.001_20260422_043429.pt
b2s9a8g2,delulu-eurosat-nir-rgb,eurosat,nir,rgb,80.91,0.0004774231555564,,2.097367228673949e-05,64,0.3,0.1179198901802484,0.217880054935906,0.1528037178698822,0.0,0.0,False,True,True,0.2696171530477876,0.6047276485413138,0.8583708932965115,0.5995580822364286,142797332,latent+prefusion+distill+ce,addition,73.89,80.67,82.26,82.07,92.0,81.87,82.85,83.33,checkpoints/sft_evan_base_eurosat_nir_fft_lr0.001_20260422_043429.pt
pynmvcsc,delulu-eurosat-nir-vre,eurosat,nir,vre,80.91,0.0004919525946897,,0.0002987654348049,64,0.3,0.4943255892768998,0.3739336769398811,0.1141659173783924,0.0,0.5,False,True,True,0.1003649288975272,0.9867093196115908,0.5724958342782179,0.6071421425812242,142797332,latent+prefusion+distill+ce,transfer,82.56,81.15,81.96,82.35,84.41,82.7,83.02,82.17,checkpoints/sft_evan_base_eurosat_nir_fft_lr0.001_20260422_043429.pt
hxqmrryd,delulu-eurosat-nir-rgb,eurosat,nir,rgb,80.91,0.0004774231555564,,2.097367228673949e-05,64,0.3,0.1179198901802484,0.217880054935906,0.1528037178698822,0.0,0.0,False,True,True,0.2696171530477876,0.6047276485413138,0.8583708932965115,0.5995580822364286,142797332,latent+prefusion+distill+ce,addition,71.37,77.39,82.48,81.96,92.0,82.37,81.61,82.67,checkpoints/sft_evan_base_eurosat_nir_fft_lr0.001_20260422_043429.pt
v0z38b3s,delulu-eurosat-nir-vre,eurosat,nir,vre,80.91,0.0004919525946897,,0.0002987654348049,64,0.3,0.4943255892768998,0.3739336769398811,0.1141659173783924,0.0,0.5,False,True,True,0.1003649288975272,0.9867093196115908,0.5724958342782179,0.6071421425812242,142797332,latent+prefusion+distill+ce,transfer,83.56,81.81,82.22,82.2,84.22,81.07,82.7,82.52,checkpoints/sft_evan_base_eurosat_nir_fft_lr0.001_20260422_043429.pt
8svpyo9j,delulu-eurosat-nir-vre,eurosat,nir,vre,80.91,0.0004774231555564,,2.097367228673949e-05,64,0.3,0.1179198901802484,0.217880054935906,0.1528037178698822,0.0,0.0,False,True,True,0.2696171530477876,0.6047276485413138,0.8583708932965115,0.5995580822364286,142797332,latent+prefusion+distill+ce,peeking,84.26,81.63,82.41,81.98,92.78,81.89,88.52,83.11,checkpoints/sft_evan_base_eurosat_nir_fft_lr0.001_20260422_043429.pt
6orjsv5m,delulu-eurosat-nir-vre,eurosat,nir,vre,80.91,0.0004774231555564,,2.097367228673949e-05,64,0.3,0.1179198901802484,0.217880054935906,0.1528037178698822,0.0,0.0,False,True,True,0.2696171530477876,0.6047276485413138,0.8583708932965115,0.5995580822364286,142797332,latent+prefusion+distill+ce,peeking,84.78,82.3,82.74,82.0,92.26,81.87,88.52,82.96,checkpoints/sft_evan_base_eurosat_nir_fft_lr0.001_20260422_043429.pt
fm55qksf,delulu-eurosat-vre-nir,eurosat,vre,nir,90.67,0.0004774231555564,,2.097367228673949e-05,64,0.3,0.1179198901802484,0.217880054935906,0.1528037178698822,0.0,0.0,False,True,True,0.2696171530477876,0.6047276485413138,0.8583708932965115,0.5995580822364286,142797332,latent+prefusion+distill+ce,addition,75.41,75.81,91.04,91.7,96.52,91.48,85.89,91.74,checkpoints/sft_evan_base_eurosat_vre_fft_lr0.0005_20260418_051940.pt
54t2bco7,delulu-eurosat-nir-vre,eurosat,nir,vre,80.91,0.0004774231555564,,2.097367228673949e-05,64,0.3,0.1179198901802484,0.217880054935906,0.1528037178698822,0.0,0.0,False,True,True,0.2696171530477876,0.6047276485413138,0.8583708932965115,0.5995580822364286,142797332,latent+prefusion+distill+ce,peeking,85.22,82.69,81.81,81.81,92.37,82.31,88.78,83.28,checkpoints/sft_evan_base_eurosat_nir_fft_lr0.001_20260422_043429.pt
u33fevi2,delulu-eurosat-nir-vre,eurosat,nir,vre,80.91,0.0004774231555564,,2.097367228673949e-05,64,0.3,0.1179198901802484,0.217880054935906,0.1528037178698822,0.0,0.0,False,True,True,0.2696171530477876,0.6047276485413138,0.8583708932965115,0.5995580822364286,142797332,latent+prefusion+distill+ce,peeking,84.63,82.28,82.15,82.17,92.33,82.43,88.37,83.26,checkpoints/sft_evan_base_eurosat_nir_fft_lr0.001_20260422_043429.pt
24l8oute,delulu-eurosat-vre-nir,eurosat,vre,nir,90.67,0.0004774231555564,,2.097367228673949e-05,64,0.3,0.1179198901802484,0.217880054935906,0.1528037178698822,0.0,0.0,False,True,True,0.2696171530477876,0.6047276485413138,0.8583708932965115,0.5995580822364286,142797332,latent+prefusion+distill+ce,peeking,75.63,76.61,91.0,91.39,96.44,91.61,85.94,91.89,checkpoints/sft_evan_base_eurosat_vre_fft_lr0.0005_20260418_051940.pt
re9941vo,delulu-eurosat-vre-nir,eurosat,vre,nir,90.67,0.0004919525946897,,0.0002987654348049,64,0.3,0.4943255892768998,0.3739336769398811,0.1141659173783924,0.0,0.5,False,True,True,0.1003649288975272,0.9867093196115908,0.5724958342782179,0.6071421425812242,142797332,latent+prefusion+distill+ce,transfer,79.48,80.52,91.11,91.93,93.52,91.54,86.41,92.28,checkpoints/sft_evan_base_eurosat_vre_fft_lr0.0005_20260418_051940.pt
224nb2ub,delulu-eurosat-vre-nir,eurosat,vre,nir,90.67,0.0004919525946897,,0.0002987654348049,64,0.3,0.4943255892768998,0.3739336769398811,0.1141659173783924,0.0,0.5,False,True,True,0.1003649288975272,0.9867093196115908,0.5724958342782179,0.6071421425812242,142797332,latent+prefusion+distill+ce,transfer,76.04,76.5,91.41,91.44,92.93,91.13,84.22,91.3,checkpoints/sft_evan_base_eurosat_vre_fft_lr0.0005_20260418_051940.pt
62qo5rgu,delulu-eurosat-vre-nir,eurosat,vre,nir,90.67,0.0004774231555564,,2.097367228673949e-05,64,0.3,0.1179198901802484,0.217880054935906,0.1528037178698822,0.0,0.0,False,True,True,0.2696171530477876,0.6047276485413138,0.8583708932965115,0.5995580822364286,142797332,latent+prefusion+distill+ce,peeking,74.52,74.35,90.89,91.78,96.48,91.65,85.5,92.07,checkpoints/sft_evan_base_eurosat_vre_fft_lr0.0005_20260418_051940.pt
9ulrrqqn,delulu-eurosat-vre-nir,eurosat,vre,nir,90.67,0.0004919525946897,,0.0002987654348049,64,0.3,0.4943255892768998,0.3739336769398811,0.1141659173783924,0.0,0.5,False,True,True,0.1003649288975272,0.9867093196115908,0.5724958342782179,0.6071421425812242,142797332,latent+prefusion+distill+ce,transfer,76.78,76.74,90.41,91.39,90.96,89.98,83.72,91.87,checkpoints/sft_evan_base_eurosat_vre_fft_lr0.0005_20260418_051940.pt
qoehr1wt,delulu-eurosat-nir-vre,eurosat,nir,vre,80.91,0.0004774231555564,,2.097367228673949e-05,64,0.3,0.1179198901802484,0.217880054935906,0.1528037178698822,0.0,0.0,False,True,True,0.2696171530477876,0.6047276485413138,0.8583708932965115,0.5995580822364286,142797332,latent+prefusion+distill+ce,addition,85.07,82.15,82.3,81.89,92.3,82.06,88.56,83.24,checkpoints/sft_evan_base_eurosat_nir_fft_lr0.001_20260422_043429.pt
70iaq3wv,delulu-eurosat-vre-nir,eurosat,vre,nir,90.67,0.0004774231555564,,2.097367228673949e-05,64,0.3,0.1179198901802484,0.217880054935906,0.1528037178698822,0.0,0.0,False,True,True,0.2696171530477876,0.6047276485413138,0.8583708932965115,0.5995580822364286,142797332,latent+prefusion+distill+ce,addition,76.37,76.76,91.22,91.59,96.0,91.46,86.11,91.59,checkpoints/sft_evan_base_eurosat_vre_fft_lr0.0005_20260418_051940.pt
8zs6c0n4,delulu-eurosat-vre-nir,eurosat,vre,nir,90.67,0.0004774231555564,,2.097367228673949e-05,64,0.3,0.1179198901802484,0.217880054935906,0.1528037178698822,0.0,0.0,False,True,True,0.2696171530477876,0.6047276485413138,0.8583708932965115,0.5995580822364286,142797332,latent+prefusion+distill+ce,addition,76.15,76.0,90.89,91.8,96.37,91.57,86.15,91.8,checkpoints/sft_evan_base_eurosat_vre_fft_lr0.0005_20260418_051940.pt
bs2gtj86,delulu-eurosat-vre-nir,eurosat,vre,nir,90.67,0.0004774231555564,,2.097367228673949e-05,64,0.3,0.1179198901802484,0.217880054935906,0.1528037178698822,0.0,0.0,False,True,True,0.2696171530477876,0.6047276485413138,0.8583708932965115,0.5995580822364286,142797332,latent+prefusion+distill+ce,peeking,77.04,77.07,91.19,91.5,96.37,91.5,86.7,91.7,checkpoints/sft_evan_base_eurosat_vre_fft_lr0.0005_20260418_051940.pt
kql317dm,delulu-eurosat-vre-nir,eurosat,vre,nir,90.67,0.0004774231555564,,2.097367228673949e-05,64,0.3,0.1179198901802484,0.217880054935906,0.1528037178698822,0.0,0.0,False,True,True,0.2696171530477876,0.6047276485413138,0.8583708932965115,0.5995580822364286,142797332,latent+prefusion+distill+ce,peeking,74.41,74.91,90.7,91.7,96.26,91.67,85.24,92.15,checkpoints/sft_evan_base_eurosat_vre_fft_lr0.0005_20260418_051940.pt
7doiw8j1,delulu-eurosat-nir-vre,eurosat,nir,vre,80.91,0.0004774231555564,,2.097367228673949e-05,64,0.3,0.1179198901802484,0.217880054935906,0.1528037178698822,0.0,0.0,False,True,True,0.2696171530477876,0.6047276485413138,0.8583708932965115,0.5995580822364286,142797332,latent+prefusion+distill+ce,addition,84.67,82.63,82.78,82.24,92.33,82.28,88.5,83.24,checkpoints/sft_evan_base_eurosat_nir_fft_lr0.001_20260422_043429.pt
kkpq2tcm,delulu-eurosat-vre-nir,eurosat,vre,nir,90.67,0.0004919525946897,,0.0002987654348049,64,0.3,0.4943255892768998,0.3739336769398811,0.1141659173783924,0.0,0.5,False,True,True,0.1003649288975272,0.9867093196115908,0.5724958342782179,0.6071421425812242,142797332,latent+prefusion+distill+ce,transfer,78.81,79.13,91.37,91.81,93.78,91.37,86.2,91.52,checkpoints/sft_evan_base_eurosat_vre_fft_lr0.0005_20260418_051940.pt
faqwkorw,delulu-eurosat-nir-vre,eurosat,nir,vre,80.91,0.0004774231555564,,2.097367228673949e-05,64,0.3,0.1179198901802484,0.217880054935906,0.1528037178698822,0.0,0.0,False,True,True,0.2696171530477876,0.6047276485413138,0.8583708932965115,0.5995580822364286,142797332,latent+prefusion+distill+ce,addition,85.22,82.0,82.56,81.83,92.41,81.74,88.7,82.94,checkpoints/sft_evan_base_eurosat_nir_fft_lr0.001_20260422_043429.pt
j3btbw2d,delulu-eurosat-nir-vre,eurosat,nir,vre,80.91,0.0004774231555564,,2.097367228673949e-05,64,0.3,0.1179198901802484,0.217880054935906,0.1528037178698822,0.0,0.0,False,True,True,0.2696171530477876,0.6047276485413138,0.8583708932965115,0.5995580822364286,142797332,latent+prefusion+distill+ce,addition,84.74,82.76,82.22,82.11,92.59,82.13,88.67,83.41,checkpoints/sft_evan_base_eurosat_nir_fft_lr0.001_20260422_043429.pt
kj5dl60x,delulu-eurosat-nir-vre,eurosat,nir,vre,80.91,0.0004774231555564,,2.097367228673949e-05,64,0.3,0.1179198901802484,0.217880054935906,0.1528037178698822,0.0,0.0,False,True,True,0.2696171530477876,0.6047276485413138,0.8583708932965115,0.5995580822364286,142797332,latent+prefusion+distill+ce,peeking,85.04,82.06,82.33,82.0,91.44,81.93,88.22,83.06,checkpoints/sft_evan_base_eurosat_nir_fft_lr0.001_20260422_043429.pt
6yech3um,delulu-eurosat-vre-nir,eurosat,vre,nir,90.67,0.0004774231555564,,2.097367228673949e-05,64,0.3,0.1179198901802484,0.217880054935906,0.1528037178698822,0.0,0.0,False,True,True,0.2696171530477876,0.6047276485413138,0.8583708932965115,0.5995580822364286,142797332,latent+prefusion+distill+ce,addition,75.56,76.06,90.89,91.48,96.33,91.61,85.83,91.65,checkpoints/sft_evan_base_eurosat_vre_fft_lr0.0005_20260418_051940.pt
shxan91i,delulu-eurosat-nir-vre,eurosat,nir,vre,80.91,0.0004774231555564,,2.097367228673949e-05,64,0.3,0.1179198901802484,0.217880054935906,0.1528037178698822,0.0,0.0,False,True,True,0.2696171530477876,0.6047276485413138,0.8583708932965115,0.5995580822364286,142797332,latent+prefusion+distill+ce,addition,85.0,82.09,82.26,81.85,92.19,81.96,88.59,83.02,checkpoints/sft_evan_base_eurosat_nir_fft_lr0.001_20260422_043429.pt
vttfxiqd,delulu-eurosat-vre-nir,eurosat,vre,nir,90.67,0.0004919525946897,,0.0002987654348049,64,0.3,0.4943255892768998,0.3739336769398811,0.1141659173783924,0.0,0.5,False,True,True,0.1003649288975272,0.9867093196115908,0.5724958342782179,0.6071421425812242,142797332,latent+prefusion+distill+ce,transfer,73.44,74.15,91.11,91.17,92.56,90.56,82.87,91.28,checkpoints/sft_evan_base_eurosat_vre_fft_lr0.0005_20260418_051940.pt
ab83ji1l,delulu-eurosat-vre-nir,eurosat,vre,nir,90.67,0.0004774231555564,,2.097367228673949e-05,64,0.3,0.1179198901802484,0.217880054935906,0.1528037178698822,0.0,0.0,False,True,True,0.2696171530477876,0.6047276485413138,0.8583708932965115,0.5995580822364286,142797332,latent+prefusion+distill+ce,peeking,75.07,74.65,91.15,91.54,96.41,91.5,85.7,91.89,checkpoints/sft_evan_base_eurosat_vre_fft_lr0.0005_20260418_051940.pt
fpwlm5ij,delulu-eurosat-vre-nir,eurosat,vre,nir,90.67,0.0004774231555564,,2.097367228673949e-05,64,0.3,0.1179198901802484,0.217880054935906,0.1528037178698822,0.0,0.0,False,True,True,0.2696171530477876,0.6047276485413138,0.8583708932965115,0.5995580822364286,142797332,latent+prefusion+distill+ce,addition,76.93,76.52,91.04,91.5,96.11,91.65,86.43,91.78,checkpoints/sft_evan_base_eurosat_vre_fft_lr0.0005_20260418_051940.pt
