tag,dataset,src_mod,tgt_mod,depth,loss,cos_weight,mask_ratio,score_masked_only,epochs,lr,batch_size,seed,trainable_params,checkpoint,minutes,test_aligned,test_shuffled,test_gap,test_batch_r,test_batch_r_median,test_val_mse
s1tos2_norgb_d2_mse_ccos_m0_s0,dfc2020,s1,s2_norgb,2,mse_ccos,1.0,0.0,False,32,0.0003,16,0,14178816,halluc_dfc2020_s1tos2_norgb_control_s0.pt,4.03,0.868437,0.570706,0.29773,0.641277,0.683565,0.120946
s1tos2_norgb_d2_ccos_m0_s0,dfc2020,s1,s2_norgb,2,ccos,1.0,0.0,False,32,0.0003,16,0,14178816,halluc_dfc2020_s1tos2_norgb_control_s0.pt,4.1,0.374601,0.050358,0.324243,0.440127,0.476132,1.265226
s2_norgbtos1_d2_ccos_m0_s0,dfc2020,s2_norgb,s1,2,ccos,1.0,0.0,False,32,0.0003,16,0,14178816,halluc_dfc2020_s1tos2_norgb_control_s0.pt,4.26,0.365411,-0.069102,0.434513,0.495464,0.538516,2.166653
s2_norgbtos1_d2_mse_m0_s1,dfc2020,s2_norgb,s1,2,mse,1.0,0.0,False,32,0.0003,16,1,14178816,halluc_dfc2020_s1tos2_norgb_control_s0.pt,3.95,0.865856,0.384709,0.481147,0.666302,0.718422,0.055907
s2_norgbtos1_d2_mse_ccos_m0_s0,dfc2020,s2_norgb,s1,2,mse_ccos,1.0,0.0,False,32,0.0003,16,0,14178816,halluc_dfc2020_s1tos2_norgb_control_s0.pt,4.42,0.866245,0.374883,0.491362,0.666189,0.718806,0.056386
s2_norgbtos1_d2_mse_ccos_m0_s1,dfc2020,s2_norgb,s1,2,mse_ccos,1.0,0.0,False,32,0.0003,16,1,14178816,halluc_dfc2020_s1tos2_norgb_control_s0.pt,4.01,0.86555,0.375367,0.490184,0.665569,0.71835,0.056386
s1tos2_norgb_d2_ccos_m0_s1,dfc2020,s1,s2_norgb,2,ccos,1.0,0.0,False,32,0.0003,16,1,14178816,halluc_dfc2020_s1tos2_norgb_control_s0.pt,4.12,0.394551,0.074279,0.320272,0.428933,0.463449,1.313691
s1tos2_norgb_d2_mse_m0_s1,dfc2020,s1,s2_norgb,2,mse,1.0,0.0,False,32,0.0003,16,1,14178816,halluc_dfc2020_s1tos2_norgb_control_s0.pt,4.71,0.868109,0.575364,0.292745,0.639436,0.681277,0.120792
s1tos2_norgb_d2_ccos_m0_s2,dfc2020,s1,s2_norgb,2,ccos,1.0,0.0,False,32,0.0003,16,2,14178816,halluc_dfc2020_s1tos2_norgb_control_s0.pt,4.05,0.380274,0.057461,0.322813,0.433327,0.468945,1.123952
s1tos2_norgb_d2_mse_ccos_m0_s2,dfc2020,s1,s2_norgb,2,mse_ccos,1.0,0.0,False,32,0.0003,16,2,14178816,halluc_dfc2020_s1tos2_norgb_control_s0.pt,4.13,0.868285,0.56921,0.299075,0.64121,0.68443,0.120681
s1tos2_norgb_d2_mse_ccos_m0_s1,dfc2020,s1,s2_norgb,2,mse_ccos,1.0,0.0,False,32,0.0003,16,1,14178816,halluc_dfc2020_s1tos2_norgb_control_s0.pt,4.94,0.868844,0.56884,0.300004,0.643005,0.685805,0.120322
s1tos2_norgb_d2_mse_m064o_s0,dfc2020,s1,s2_norgb,2,mse,1.0,0.64,True,32,0.0003,16,0,14178816,halluc_dfc2020_s1tos2_norgb_control_s0.pt,3.97,0.855006,0.591704,0.263301,0.591544,0.630263,0.133012
s1tos2_norgb_d2_mse_m0_s2,dfc2020,s1,s2_norgb,2,mse,1.0,0.0,False,32,0.0003,16,2,14178816,halluc_dfc2020_s1tos2_norgb_control_s0.pt,4.94,0.868899,0.577698,0.291201,0.642635,0.684447,0.119809
s2_norgbtos1_d2_mse_ccos_m0_s2,dfc2020,s2_norgb,s1,2,mse_ccos,1.0,0.0,False,32,0.0003,16,2,14178816,halluc_dfc2020_s1tos2_norgb_control_s0.pt,4.29,0.865815,0.374517,0.491298,0.665695,0.718375,0.056335
s1tos2_norgb_d2_mse_ccos_m064o_s0,dfc2020,s1,s2_norgb,2,mse_ccos,1.0,0.64,True,32,0.0003,16,0,14178816,halluc_dfc2020_s1tos2_norgb_control_s0.pt,4.02,0.857616,0.588982,0.268634,0.597087,0.637489,0.13136
s2_norgbtos1_d2_mse_ccos_m064o_s0,dfc2020,s2_norgb,s1,2,mse_ccos,1.0,0.64,True,32,0.0003,16,0,14178816,halluc_dfc2020_s1tos2_norgb_control_s0.pt,4.08,0.842987,0.400729,0.442258,0.599566,0.653496,0.064056
s1tos2_norgb_d2_mse_ccos_m064o_s1,dfc2020,s1,s2_norgb,2,mse_ccos,1.0,0.64,True,32,0.0003,16,1,14178816,halluc_dfc2020_s1tos2_norgb_control_s0.pt,3.9,0.85706,0.589545,0.267515,0.595073,0.635036,0.131799
s2_norgbtos1_d2_mse_m064o_s0,dfc2020,s2_norgb,s1,2,mse,1.0,0.64,True,32,0.0003,16,0,14178816,halluc_dfc2020_s1tos2_norgb_control_s0.pt,4.35,0.840614,0.404733,0.435881,0.59579,0.649492,0.064496
s1tos2_norgb_d2_ccos_m064o_s1,dfc2020,s1,s2_norgb,2,ccos,1.0,0.64,True,32,0.0003,16,1,14178816,halluc_dfc2020_s1tos2_norgb_control_s0.pt,4.17,0.340631,0.006378,0.334253,0.418246,0.450923,3.72523
s1tos2_norgb_d2_mse_m064o_s1,dfc2020,s1,s2_norgb,2,mse,1.0,0.64,True,32,0.0003,16,1,14178816,halluc_dfc2020_s1tos2_norgb_control_s0.pt,4.37,0.854591,0.59164,0.262951,0.590678,0.629005,0.133201
s2_norgbtos1_d2_ccos_m064o_s0,dfc2020,s2_norgb,s1,2,ccos,1.0,0.64,True,32,0.0003,16,0,14178816,halluc_dfc2020_s1tos2_norgb_control_s0.pt,4.5,0.310576,-0.105863,0.416439,0.488196,0.537501,11.826688
s2_norgbtos1_d2_ccos_m064o_s1,dfc2020,s2_norgb,s1,2,ccos,1.0,0.64,True,32,0.0003,16,1,14178816,halluc_dfc2020_s1tos2_norgb_control_s0.pt,3.98,0.258328,-0.13922,0.397548,0.466279,0.516927,11.453718
s2_norgbtos1_d2_mse_ccos_m064o_s1,dfc2020,s2_norgb,s1,2,mse_ccos,1.0,0.64,True,32,0.0003,16,1,14178816,halluc_dfc2020_s1tos2_norgb_control_s0.pt,4.07,0.84361,0.401015,0.442595,0.602005,0.656823,0.063624
s2_norgbtos1_d2_mse_ccos_m064o_s2,dfc2020,s2_norgb,s1,2,mse_ccos,1.0,0.64,True,32,0.0003,16,2,14178816,halluc_dfc2020_s1tos2_norgb_control_s0.pt,3.82,0.843679,0.402319,0.441361,0.60265,0.657721,0.063462
s1tos2_norgb_d2_mse_ccos_m064o_s2,dfc2020,s1,s2_norgb,2,mse_ccos,1.0,0.64,True,32,0.0003,16,2,14178816,halluc_dfc2020_s1tos2_norgb_control_s0.pt,4.33,0.857035,0.588806,0.268229,0.596576,0.636656,0.131733
s2_norgbtos1_d2_mse_m064o_s2,dfc2020,s2_norgb,s1,2,mse,1.0,0.64,True,32,0.0003,16,2,14178816,halluc_dfc2020_s1tos2_norgb_control_s0.pt,4.33,0.840991,0.403966,0.437025,0.596289,0.649818,0.064248
s1tos2_norgb_d2_ccos_m064o_s2,dfc2020,s1,s2_norgb,2,ccos,1.0,0.64,True,32,0.0003,16,2,14178816,halluc_dfc2020_s1tos2_norgb_control_s0.pt,4.56,0.332107,0.008138,0.323969,0.423562,0.455397,3.640555
s2_norgbtos1_d2_ccos_m064o_s2,dfc2020,s2_norgb,s1,2,ccos,1.0,0.64,True,32,0.0003,16,2,14178816,halluc_dfc2020_s1tos2_norgb_control_s0.pt,4.53,0.28867,-0.132751,0.421421,0.51341,0.565462,12.822428
s2_norgbtos1_d2_mse_m0_s0,dfc2020,s2_norgb,s1,2,mse,1.0,0.0,False,32,0.0003,16,0,14178816,halluc_dfc2020_s1tos2_norgb_control_s0.pt,4.02,0.865804,0.384905,0.480898,0.665964,0.717979,0.056037
s1tos2_norgb_d2_mse_m0_s0,dfc2020,s1,s2_norgb,2,mse,1.0,0.0,False,32,0.0003,16,0,14178816,halluc_dfc2020_s1tos2_norgb_control_s0.pt,4.09,0.870102,0.575194,0.294908,0.64621,0.687811,0.119171
s2_norgbtos1_d2_ccos_m0_s1,dfc2020,s2_norgb,s1,2,ccos,1.0,0.0,False,32,0.0003,16,1,14178816,halluc_dfc2020_s1tos2_norgb_control_s0.pt,4.11,0.387762,-0.061854,0.449616,0.506692,0.552442,2.329661
s2_norgbtos1_d2_mse_m0_s2,dfc2020,s2_norgb,s1,2,mse,1.0,0.0,False,32,0.0003,16,2,14178816,halluc_dfc2020_s1tos2_norgb_control_s0.pt,3.87,0.866952,0.383643,0.483308,0.667688,0.719783,0.055716
s2_norgbtos1_d2_ccos_m0_s2,dfc2020,s2_norgb,s1,2,ccos,1.0,0.0,False,32,0.0003,16,2,14178816,halluc_dfc2020_s1tos2_norgb_control_s0.pt,3.88,0.449553,-0.040943,0.490496,0.553112,0.601748,2.508895
s1tos2_norgb_d2_ccos_m064o_s0,dfc2020,s1,s2_norgb,2,ccos,1.0,0.64,True,32,0.0003,16,0,14178816,halluc_dfc2020_s1tos2_norgb_control_s0.pt,4.0,0.267308,-0.043341,0.31065,0.403047,0.436067,4.091804
s1tos2_norgb_d2_mse_m064o_s2,dfc2020,s1,s2_norgb,2,mse,1.0,0.64,True,32,0.0003,16,2,14178816,halluc_dfc2020_s1tos2_norgb_control_s0.pt,4.08,0.85405,0.592268,0.261782,0.586884,0.62549,0.133626
s2_norgbtos1_d2_mse_m064o_s1,dfc2020,s2_norgb,s1,2,mse,1.0,0.64,True,32,0.0003,16,1,14178816,halluc_dfc2020_s1tos2_norgb_control_s0.pt,4.5,0.840384,0.403203,0.437181,0.595066,0.649397,0.064575
